datetime,precipitation_mm_h,temperature_c,windspeed_kmh,humidity_pct,cloudcover_pct
2023-01-01 00:00:00,0.0,9.0,18.4,83,56
2023-01-01 01:00:00,0.0,9.0,18.5,81,24
2023-01-01 02:00:00,0.0,8.7,18.2,82,24
2023-01-01 03:00:00,0.0,9.0,18.9,80,57
2023-01-01 04:00:00,0.0,9.1,18.6,78,45
2023-01-01 05:00:00,0.0,8.9,17.5,78,64
2023-01-01 06:00:00,0.0,8.9,16.7,78,58
2023-01-01 07:00:00,0.0,8.6,17.1,78,74
2023-01-01 08:00:00,0.0,8.6,18.6,78,76
2023-01-01 09:00:00,0.0,8.8,19.8,77,80
2023-01-01 10:00:00,0.0,9.7,19.8,75,64
2023-01-01 11:00:00,0.0,11.2,20.3,67,54
2023-01-01 12:00:00,0.0,12.4,21.7,62,29
2023-01-01 13:00:00,0.0,13.1,22.6,59,9
2023-01-01 14:00:00,0.0,13.2,23.6,58,8
2023-01-01 15:00:00,0.0,12.7,22.1,61,4
2023-01-01 16:00:00,0.0,11.9,20.7,64,10
2023-01-01 17:00:00,0.0,10.9,20.5,67,11
2023-01-01 18:00:00,0.0,10.2,21.0,69,26
2023-01-01 19:00:00,0.0,9.7,21.3,70,36
2023-01-01 20:00:00,0.0,9.4,21.2,71,66
2023-01-01 21:00:00,0.0,9.4,21.1,71,78
2023-01-01 22:00:00,0.0,9.4,21.8,70,65
2023-01-01 23:00:00,0.0,9.4,21.7,66,81
2023-01-02 00:00:00,0.0,9.4,22.9,67,90
2023-01-02 01:00:00,0.0,9.4,22.9,68,84
2023-01-02 02:00:00,0.0,9.5,22.6,69,100
2023-01-02 03:00:00,0.0,9.6,22.5,69,100
2023-01-02 04:00:00,0.0,9.7,22.5,69,99
2023-01-02 05:00:00,0.0,9.9,22.8,70,84
2023-01-02 06:00:00,0.0,10.1,22.0,70,53
2023-01-02 07:00:00,0.0,10.0,20.9,72,57
2023-01-02 08:00:00,0.0,10.0,20.2,73,69
2023-01-02 09:00:00,0.0,9.8,19.4,74,76
2023-01-02 10:00:00,0.0,10.0,18.1,73,94
2023-01-02 11:00:00,0.0,10.6,15.0,70,100
2023-01-02 12:00:00,0.1,10.7,18.6,71,100
2023-01-02 13:00:00,0.3,10.4,14.5,73,100
2023-01-02 14:00:00,0.4,9.4,11.5,80,100
2023-01-02 15:00:00,0.4,8.8,6.1,85,100
2023-01-02 16:00:00,0.3,8.5,6.5,87,100
2023-01-02 17:00:00,0.2,8.4,6.5,84,98
2023-01-02 18:00:00,0.1,6.8,4.5,94,98
2023-01-02 19:00:00,0.1,6.3,4.7,95,100
2023-01-02 20:00:00,0.8,6.0,4.1,97,96
2023-01-02 21:00:00,0.9,5.6,4.4,98,97
2023-01-02 22:00:00,0.6,5.5,5.8,99,89
2023-01-02 23:00:00,0.4,5.1,2.0,100,100
2023-01-03 00:00:00,0.4,4.8,1.8,100,98
2023-01-03 01:00:00,0.2,4.5,1.1,100,100
2023-01-03 02:00:00,0.0,4.5,1.5,100,99
2023-01-03 03:00:00,0.0,4.6,1.9,100,98
2023-01-03 04:00:00,0.0,4.4,2.5,100,100
2023-01-03 05:00:00,0.0,4.2,2.3,100,100
2023-01-03 06:00:00,0.0,4.0,3.1,100,100
2023-01-03 07:00:00,0.0,3.9,4.0,100,100
2023-01-03 08:00:00,0.0,4.0,4.0,100,100
2023-01-03 09:00:00,0.0,3.4,4.7,100,89
2023-01-03 10:00:00,0.1,3.8,4.7,100,77
2023-01-03 11:00:00,0.0,4.9,4.4,93,88
2023-01-03 12:00:00,0.0,5.9,3.6,85,88
2023-01-03 13:00:00,0.0,6.6,2.8,80,84
2023-01-03 14:00:00,0.0,6.9,2.7,78,76
2023-01-03 15:00:00,0.0,7.1,3.0,77,56
2023-01-03 16:00:00,0.0,7.1,3.0,77,50
2023-01-03 17:00:00,0.0,5.8,3.0,85,43
2023-01-03 18:00:00,0.0,4.9,4.1,85,36
2023-01-03 19:00:00,0.0,4.6,4.2,84,16
2023-01-03 20:00:00,0.0,4.2,2.8,85,18
2023-01-03 21:00:00,0.0,3.5,3.9,87,16
2023-01-03 22:00:00,0.0,2.7,4.0,90,17
2023-01-03 23:00:00,0.0,0.5,3.6,98,8
2023-01-04 00:00:00,0.0,-0.3,3.4,99,2
2023-01-04 01:00:00,0.0,-1.2,4.6,100,3
2023-01-04 02:00:00,0.0,-2.0,5.1,100,94
2023-01-04 03:00:00,0.0,-2.7,4.2,99,100
2023-01-04 04:00:00,0.0,-2.7,4.3,99,100
2023-01-04 05:00:00,0.0,-2.8,3.4,100,100
2023-01-04 06:00:00,0.0,-2.7,4.2,100,100
2023-01-04 07:00:00,0.0,-2.7,4.8,100,100
2023-01-04 08:00:00,0.0,-2.7,5.2,100,100
2023-01-04 09:00:00,0.0,-2.4,5.8,100,100
2023-01-04 10:00:00,0.0,-0.7,5.5,96,100
2023-01-04 11:00:00,0.0,0.7,4.7,93,100
2023-01-04 12:00:00,0.0,2.5,4.2,87,97
2023-01-04 13:00:00,0.0,4.5,3.9,79,97
2023-01-04 14:00:00,0.0,5.8,4.1,74,99
2023-01-04 15:00:00,0.0,6.5,4.0,74,98
2023-01-04 16:00:00,0.0,6.6,3.4,77,100
2023-01-04 17:00:00,0.0,6.0,5.6,81,99
2023-01-04 18:00:00,0.0,5.6,5.2,84,100
2023-01-04 19:00:00,0.0,5.4,5.0,86,100
2023-01-04 20:00:00,0.0,5.1,4.6,89,99
2023-01-04 21:00:00,0.0,4.9,4.7,91,100
2023-01-04 22:00:00,0.0,5.0,4.4,91,100
2023-01-04 23:00:00,0.0,5.0,4.0,90,98
2023-01-05 00:00:00,0.0,4.8,4.6,92,96
2023-01-05 01:00:00,0.0,4.9,4.3,93,98
2023-01-05 02:00:00,0.0,5.2,4.3,92,98
2023-01-05 03:00:00,0.0,5.0,3.8,94,92
2023-01-05 04:00:00,0.0,5.3,3.6,93,94
2023-01-05 05:00:00,0.1,5.1,3.3,95,94
2023-01-05 06:00:00,0.1,5.1,4.0,96,92
2023-01-05 07:00:00,0.0,5.2,4.1,96,98
2023-01-05 08:00:00,0.0,5.3,3.9,96,100
2023-01-05 09:00:00,0.0,5.6,3.6,96,99
2023-01-05 10:00:00,0.0,6.1,3.3,95,99
2023-01-05 11:00:00,0.0,6.5,2.3,93,98
2023-01-05 12:00:00,0.0,7.2,2.5,90,96
2023-01-05 13:00:00,0.0,7.7,3.2,88,92
2023-01-05 14:00:00,0.0,8.0,5.1,88,93
2023-01-05 15:00:00,0.0,8.2,6.0,88,100
2023-01-05 16:00:00,0.0,7.9,4.7,89,100
2023-01-05 17:00:00,0.0,7.8,4.8,90,99
2023-01-05 18:00:00,0.0,7.4,4.8,93,97
2023-01-05 19:00:00,0.0,7.4,4.8,93,100
2023-01-05 20:00:00,0.0,7.2,5.2,95,100
2023-01-05 21:00:00,0.0,6.9,4.7,96,100
2023-01-05 22:00:00,0.0,6.7,3.5,96,100
2023-01-05 23:00:00,0.0,6.7,2.8,95,100
2023-01-06 00:00:00,0.0,6.6,3.1,96,100
2023-01-06 01:00:00,0.0,6.4,1.6,98,100
2023-01-06 02:00:00,0.0,6.2,2.2,98,100
2023-01-06 03:00:00,0.0,6.0,4.0,98,100
2023-01-06 04:00:00,0.0,6.0,4.4,98,100
2023-01-06 05:00:00,0.0,5.7,3.6,98,100
2023-01-06 06:00:00,0.0,5.3,1.8,98,96
2023-01-06 07:00:00,0.0,5.5,2.3,98,94
2023-01-06 08:00:00,0.0,5.3,3.4,95,94
2023-01-06 09:00:00,0.0,5.0,0.8,95,96
2023-01-06 10:00:00,0.1,5.0,1.1,95,92
2023-01-06 11:00:00,0.0,5.0,0.8,91,89
2023-01-06 12:00:00,0.0,5.0,0.0,90,96
2023-01-06 13:00:00,0.0,5.2,0.7,89,92
2023-01-06 14:00:00,0.0,5.5,2.7,89,97
2023-01-06 15:00:00,0.0,5.8,4.8,89,93
2023-01-06 16:00:00,0.0,6.0,5.5,86,85
2023-01-06 17:00:00,0.0,5.7,3.6,88,92
2023-01-06 18:00:00,0.0,5.4,3.3,90,88
2023-01-06 19:00:00,0.0,5.6,3.8,90,93
2023-01-06 20:00:00,0.0,5.2,3.3,91,74
2023-01-06 21:00:00,0.0,4.6,4.3,94,53
2023-01-06 22:00:00,0.0,2.6,6.9,97,38
2023-01-06 23:00:00,0.0,2.9,8.3,94,30
2023-01-07 00:00:00,0.0,2.6,8.6,93,18
2023-01-07 01:00:00,0.0,2.6,7.3,92,18
2023-01-07 02:00:00,0.0,2.3,8.0,92,18
2023-01-07 03:00:00,0.0,2.2,8.8,91,18
2023-01-07 04:00:00,0.0,2.2,9.4,91,16
2023-01-07 05:00:00,0.0,1.8,9.4,91,35
2023-01-07 06:00:00,0.0,1.5,9.7,91,53
2023-01-07 07:00:00,0.0,1.2,10.9,91,70
2023-01-07 08:00:00,0.0,1.2,11.2,91,90
2023-01-07 09:00:00,0.0,1.6,11.9,89,89
2023-01-07 10:00:00,0.0,3.2,13.4,85,96
2023-01-07 11:00:00,0.0,5.2,12.8,79,93
2023-01-07 12:00:00,0.0,7.3,12.7,71,95
2023-01-07 13:00:00,0.0,8.8,13.4,66,93
2023-01-07 14:00:00,0.0,9.7,14.4,62,80
2023-01-07 15:00:00,0.0,9.7,14.4,60,94
2023-01-07 16:00:00,0.0,8.9,13.7,64,99
2023-01-07 17:00:00,0.0,7.9,12.6,68,96
2023-01-07 18:00:00,0.0,7.4,12.6,71,97
2023-01-07 19:00:00,0.1,7.2,13.0,74,60
2023-01-07 20:00:00,0.0,6.9,14.1,78,89
2023-01-07 21:00:00,0.0,7.0,15.8,79,76
2023-01-07 22:00:00,0.0,7.1,15.9,80,100
2023-01-07 23:00:00,0.0,7.2,9.1,78,100
2023-01-08 00:00:00,0.0,7.7,10.6,75,100
2023-01-08 01:00:00,0.2,7.7,11.5,74,100
2023-01-08 02:00:00,0.8,7.1,10.3,79,100
2023-01-08 03:00:00,0.8,6.7,10.2,83,100
2023-01-08 04:00:00,0.7,6.4,8.4,83,100
2023-01-08 05:00:00,0.5,6.1,6.6,83,100
2023-01-08 06:00:00,0.5,5.8,5.1,85,100
2023-01-08 07:00:00,0.4,5.7,7.6,86,100
2023-01-08 08:00:00,0.3,5.7,10.4,86,94
2023-01-08 09:00:00,0.1,5.5,10.4,87,64
2023-01-08 10:00:00,0.1,6.1,10.4,85,73
2023-01-08 11:00:00,0.3,7.1,10.8,84,89
2023-01-08 12:00:00,0.0,7.9,12.1,74,95
2023-01-08 13:00:00,0.0,8.4,10.8,68,100
2023-01-08 14:00:00,0.0,8.3,10.0,69,100
2023-01-08 15:00:00,0.0,8.5,10.9,70,91
2023-01-08 16:00:00,0.2,8.0,10.7,73,87
2023-01-08 17:00:00,0.3,7.4,8.4,78,100
2023-01-08 18:00:00,0.7,7.0,11.6,84,93
2023-01-08 19:00:00,0.9,6.9,15.8,85,97
2023-01-08 20:00:00,0.2,6.8,16.0,86,100
2023-01-08 21:00:00,0.0,6.5,16.5,87,99
2023-01-08 22:00:00,0.1,6.2,17.9,87,74
2023-01-08 23:00:00,0.1,6.0,13.0,83,55
2023-01-09 00:00:00,0.0,5.3,10.7,82,29
2023-01-09 01:00:00,0.1,4.6,16.7,79,71
2023-01-09 02:00:00,0.2,3.5,16.1,80,84
2023-01-09 03:00:00,0.0,3.0,13.3,79,20
2023-01-09 04:00:00,0.0,2.8,12.8,77,21
2023-01-09 05:00:00,0.0,2.7,9.9,78,30
2023-01-09 06:00:00,0.0,3.0,6.6,78,75
2023-01-09 07:00:00,0.0,3.3,5.6,77,81
2023-01-09 08:00:00,0.0,3.3,8.5,76,89
2023-01-09 09:00:00,0.0,3.2,10.4,77,85
2023-01-09 10:00:00,0.0,3.3,10.4,75,83
2023-01-09 11:00:00,0.1,3.8,9.8,76,87
2023-01-09 12:00:00,0.2,4.0,9.5,75,98
2023-01-09 13:00:00,0.3,3.6,10.0,78,95
2023-01-09 14:00:00,0.1,3.6,12.0,78,72
2023-01-09 15:00:00,1.1,2.6,15.5,80,69
2023-01-09 16:00:00,0.4,2.5,16.8,77,29
2023-01-09 17:00:00,0.0,2.2,18.7,81,40
2023-01-09 18:00:00,0.0,2.2,16.5,83,74
2023-01-09 19:00:00,0.3,2.3,16.1,81,82
2023-01-09 20:00:00,0.2,2.2,18.7,83,74
2023-01-09 21:00:00,0.1,1.5,19.7,88,55
2023-01-09 22:00:00,0.2,1.2,18.9,89,63
2023-01-09 23:00:00,0.0,1.4,14.8,87,55
2023-01-10 00:00:00,0.0,1.2,13.1,87,61
2023-01-10 01:00:00,0.0,1.3,13.9,86,52
2023-01-10 02:00:00,0.0,1.0,13.2,87,64
2023-01-10 03:00:00,0.0,0.7,10.6,88,63
2023-01-10 04:00:00,0.0,0.7,8.8,88,79
2023-01-10 05:00:00,0.0,0.0,6.3,91,98
2023-01-10 06:00:00,0.0,-0.6,5.8,93,87
2023-01-10 07:00:00,0.0,-0.7,4.8,93,59
2023-01-10 08:00:00,0.0,-0.4,5.0,92,58
2023-01-10 09:00:00,0.0,-0.0,4.2,91,54
2023-01-10 10:00:00,0.0,1.5,4.7,87,99
2023-01-10 11:00:00,0.0,3.0,3.9,81,99
2023-01-10 12:00:00,0.0,4.4,3.7,77,93
2023-01-10 13:00:00,0.0,5.1,3.7,75,90
2023-01-10 14:00:00,0.0,5.3,4.6,75,95
2023-01-10 15:00:00,0.0,5.3,5.5,77,88
2023-01-10 16:00:00,0.0,5.5,5.2,78,95
2023-01-10 17:00:00,0.1,5.4,5.9,79,95
2023-01-10 18:00:00,0.0,4.7,5.9,85,98
2023-01-10 19:00:00,0.0,4.4,5.9,87,99
2023-01-10 20:00:00,0.0,4.2,6.2,90,100
2023-01-10 21:00:00,0.0,4.3,6.8,91,100
2023-01-10 22:00:00,0.0,4.4,7.6,92,91
2023-01-10 23:00:00,0.0,4.2,6.5,94,95
2023-01-11 00:00:00,0.0,4.4,7.6,93,99
2023-01-11 01:00:00,0.0,4.4,6.9,94,100
2023-01-11 02:00:00,0.0,4.7,7.0,93,100
2023-01-11 03:00:00,0.0,4.5,6.2,95,100
2023-01-11 04:00:00,0.0,4.0,7.2,96,100
2023-01-11 05:00:00,0.0,4.0,8.3,96,100
2023-01-11 06:00:00,0.0,4.2,8.6,96,100
2023-01-11 07:00:00,0.0,4.5,8.6,95,99
2023-01-11 08:00:00,0.0,5.0,9.0,94,99
2023-01-11 09:00:00,0.0,5.1,8.6,94,100
2023-01-11 10:00:00,0.1,5.9,7.8,92,100
2023-01-11 11:00:00,0.2,5.8,4.3,92,100
2023-01-11 12:00:00,0.3,5.8,5.4,93,100
2023-01-11 13:00:00,0.2,6.4,6.5,90,99
2023-01-11 14:00:00,0.1,6.6,8.7,88,100
2023-01-11 15:00:00,0.1,6.5,9.3,82,100
2023-01-11 16:00:00,0.0,6.0,8.8,78,90
2023-01-11 17:00:00,0.0,5.4,8.0,78,27
2023-01-11 18:00:00,0.0,4.3,7.8,81,30
2023-01-11 19:00:00,0.0,2.6,7.4,87,28
2023-01-11 20:00:00,0.0,2.4,7.6,87,33
2023-01-11 21:00:00,0.0,2.1,6.8,89,52
2023-01-11 22:00:00,0.0,1.6,6.6,90,81
2023-01-11 23:00:00,0.0,1.5,6.3,91,82
2023-01-12 00:00:00,0.0,2.0,4.8,92,83
2023-01-12 01:00:00,0.0,1.6,5.8,92,91
2023-01-12 02:00:00,0.0,1.1,7.0,93,100
2023-01-12 03:00:00,0.0,2.0,5.9,92,99
2023-01-12 04:00:00,0.0,2.3,6.1,91,98
2023-01-12 05:00:00,0.0,3.1,4.6,90,98
2023-01-12 06:00:00,0.0,3.3,5.8,90,99
2023-01-12 07:00:00,0.0,3.4,6.0,90,100
2023-01-12 08:00:00,0.0,3.3,5.8,91,100
2023-01-12 09:00:00,0.0,3.5,5.2,90,100
2023-01-12 10:00:00,0.0,4.2,5.5,87,100
2023-01-12 11:00:00,0.0,5.0,5.1,87,100
2023-01-12 12:00:00,0.0,6.0,6.2,81,100
2023-01-12 13:00:00,0.0,6.4,8.0,78,100
2023-01-12 14:00:00,0.0,6.9,10.7,76,100
2023-01-12 15:00:00,0.0,6.8,10.5,75,100
2023-01-12 16:00:00,0.0,6.6,8.4,76,100
2023-01-12 17:00:00,0.0,6.0,7.1,79,100
2023-01-12 18:00:00,0.0,5.6,6.1,81,100
2023-01-12 19:00:00,0.0,5.3,6.4,82,100
2023-01-12 20:00:00,0.0,4.9,8.4,84,100
2023-01-12 21:00:00,0.0,4.8,8.2,84,100
2023-01-12 22:00:00,0.0,4.7,8.2,85,99
2023-01-12 23:00:00,0.0,4.8,8.4,83,99
2023-01-13 00:00:00,0.0,4.7,8.9,84,99
2023-01-13 01:00:00,0.0,4.9,7.9,84,100
2023-01-13 02:00:00,0.4,4.7,7.5,86,100
2023-01-13 03:00:00,0.1,5.0,8.4,87,100
2023-01-13 04:00:00,0.1,5.2,8.8,88,100
2023-01-13 05:00:00,0.1,5.4,9.2,90,100
2023-01-13 06:00:00,0.0,5.5,9.7,90,100
2023-01-13 07:00:00,0.0,5.5,9.2,90,100
2023-01-13 08:00:00,0.1,5.5,7.6,91,100
2023-01-13 09:00:00,0.1,5.2,7.8,91,99
2023-01-13 10:00:00,0.1,5.5,8.3,91,98
2023-01-13 11:00:00,0.1,6.0,5.5,89,94
2023-01-13 12:00:00,0.1,6.8,10.7,80,76
2023-01-13 13:00:00,0.1,7.1,14.8,74,69
2023-01-13 14:00:00,0.1,7.0,14.3,74,98
2023-01-13 15:00:00,0.0,6.9,13.4,74,97
2023-01-13 16:00:00,0.0,6.8,12.2,71,69
2023-01-13 17:00:00,0.0,6.6,12.0,71,45
2023-01-13 18:00:00,0.0,5.4,9.8,76,84
2023-01-13 19:00:00,0.0,4.8,9.2,77,66
2023-01-13 20:00:00,0.0,4.5,5.4,80,94
2023-01-13 21:00:00,0.0,3.9,4.5,84,95
2023-01-13 22:00:00,0.0,3.8,2.2,85,93
2023-01-13 23:00:00,0.0,3.4,3.3,84,99
2023-01-14 00:00:00,0.0,3.5,4.8,83,89
2023-01-14 01:00:00,0.0,3.3,6.2,83,87
2023-01-14 02:00:00,0.0,3.1,6.1,84,100
2023-01-14 03:00:00,0.0,2.8,6.9,86,100
2023-01-14 04:00:00,0.0,2.5,8.0,88,100
2023-01-14 05:00:00,0.0,2.5,5.4,87,99
2023-01-14 06:00:00,0.0,2.7,6.3,88,100
2023-01-14 07:00:00,0.0,2.1,8.7,90,100
2023-01-14 08:00:00,0.0,2.1,9.4,91,99
2023-01-14 09:00:00,0.0,2.2,8.6,91,100
2023-01-14 10:00:00,0.0,3.1,8.6,88,100
2023-01-14 11:00:00,0.0,3.8,9.8,83,100
2023-01-14 12:00:00,0.0,5.9,9.1,71,100
2023-01-14 13:00:00,0.0,7.6,9.1,63,100
2023-01-14 14:00:00,0.0,8.5,11.9,60,100
2023-01-14 15:00:00,0.0,8.7,11.8,62,100
2023-01-14 16:00:00,0.0,8.3,11.6,65,100
2023-01-14 17:00:00,0.5,7.8,9.1,70,99
2023-01-14 18:00:00,0.3,7.0,9.8,77,100
2023-01-14 19:00:00,0.8,6.3,10.4,82,100
2023-01-14 20:00:00,0.0,6.3,9.6,83,99
2023-01-14 21:00:00,0.0,6.3,9.3,82,100
2023-01-14 22:00:00,0.0,6.1,10.1,83,100
2023-01-14 23:00:00,0.0,7.0,8.4,78,100
2023-01-15 00:00:00,0.1,7.3,9.1,76,100
2023-01-15 01:00:00,0.0,7.6,11.4,74,100
2023-01-15 02:00:00,0.0,7.9,13.0,68,100
2023-01-15 03:00:00,0.0,8.4,14.6,63,95
2023-01-15 04:00:00,0.0,8.8,15.6,60,97
2023-01-15 05:00:00,0.0,8.9,17.1,62,99
2023-01-15 06:00:00,0.0,8.6,16.8,67,99
2023-01-15 07:00:00,0.1,8.0,13.2,75,100
2023-01-15 08:00:00,1.1,6.0,16.4,89,100
2023-01-15 09:00:00,1.3,2.9,13.7,96,100
2023-01-15 10:00:00,0.7,2.2,9.9,95,100
2023-01-15 11:00:00,0.3,2.3,9.2,90,100
2023-01-15 12:00:00,0.2,2.8,12.7,84,93
2023-01-15 13:00:00,0.0,3.5,13.5,75,32
2023-01-15 14:00:00,0.0,3.9,15.3,66,33
2023-01-15 15:00:00,0.0,4.0,15.7,62,57
2023-01-15 16:00:00,0.0,3.9,14.8,57,68
2023-01-15 17:00:00,0.0,3.1,10.0,59,85
2023-01-15 18:00:00,0.0,1.8,7.4,67,80
2023-01-15 19:00:00,0.0,2.0,7.2,70,52
2023-01-15 20:00:00,0.0,1.4,8.6,76,39
2023-01-15 21:00:00,0.0,1.5,9.7,78,61
2023-01-15 22:00:00,0.0,1.2,10.8,80,91
2023-01-15 23:00:00,0.0,1.5,13.8,79,85
2023-01-16 00:00:00,0.0,1.8,15.0,79,83
2023-01-16 01:00:00,0.0,1.8,16.9,80,95
2023-01-16 02:00:00,0.0,1.8,18.7,79,100
2023-01-16 03:00:00,0.0,1.9,19.4,79,100
2023-01-16 04:00:00,0.0,2.2,21.1,79,100
2023-01-16 05:00:00,0.2,2.1,24.0,79,100
2023-01-16 06:00:00,0.6,1.2,25.6,84,100
2023-01-16 07:00:00,0.6,1.1,26.8,82,90
2023-01-16 08:00:00,0.2,1.1,26.2,80,77
2023-01-16 09:00:00,0.3,1.2,22.2,78,67
2023-01-16 10:00:00,0.7,2.0,20.1,78,92
2023-01-16 11:00:00,0.2,2.1,23.4,80,78
2023-01-16 12:00:00,0.1,2.6,17.9,80,86
2023-01-16 13:00:00,0.3,2.7,19.1,79,86
2023-01-16 14:00:00,0.4,2.4,19.2,80,91
2023-01-16 15:00:00,0.5,2.4,18.9,78,95
2023-01-16 16:00:00,0.4,2.3,18.6,77,77
2023-01-16 17:00:00,0.1,1.9,18.7,76,73
2023-01-16 18:00:00,0.0,1.3,15.6,80,82
2023-01-16 19:00:00,0.1,0.8,11.7,81,91
2023-01-16 20:00:00,0.4,1.1,6.6,77,98
2023-01-16 21:00:00,0.3,1.0,6.9,79,100
2023-01-16 22:00:00,0.2,1.0,8.4,80,100
2023-01-16 23:00:00,0.1,-0.3,6.6,85,100
2023-01-17 00:00:00,0.1,-1.0,6.8,87,100
2023-01-17 01:00:00,0.0,-0.7,6.6,88,100
2023-01-17 02:00:00,0.0,-1.0,6.0,90,100
2023-01-17 03:00:00,0.0,-0.6,7.6,90,89
2023-01-17 04:00:00,0.1,-0.4,7.2,91,98
2023-01-17 05:00:00,0.4,-0.1,6.6,93,98
2023-01-17 06:00:00,1.0,0.0,5.7,95,99
2023-01-17 07:00:00,1.5,-0.1,7.1,97,83
2023-01-17 08:00:00,0.4,-0.3,9.1,98,100
2023-01-17 09:00:00,0.4,-0.1,11.1,98,99
2023-01-17 10:00:00,0.2,0.6,12.2,95,99
2023-01-17 11:00:00,0.1,1.6,16.3,84,85
2023-01-17 12:00:00,0.1,2.1,20.9,80,83
2023-01-17 13:00:00,0.1,2.4,22.1,76,89
2023-01-17 14:00:00,0.0,2.4,22.3,73,87
2023-01-17 15:00:00,0.0,2.1,19.6,69,96
2023-01-17 16:00:00,0.2,1.8,13.2,69,95
2023-01-17 17:00:00,0.0,1.4,10.5,71,98
2023-01-17 18:00:00,0.0,0.9,9.2,76,94
2023-01-17 19:00:00,0.1,1.0,8.4,76,91
2023-01-17 20:00:00,0.1,0.9,5.6,76,96
2023-01-17 21:00:00,0.2,0.0,6.4,79,98
2023-01-17 22:00:00,0.2,-0.0,7.7,79,100
2023-01-17 23:00:00,0.0,-0.5,9.2,81,93
2023-01-18 00:00:00,0.0,-0.7,8.1,81,91
2023-01-18 01:00:00,0.0,-0.9,8.4,82,88
2023-01-18 02:00:00,0.0,-1.0,8.9,82,90
2023-01-18 03:00:00,0.0,-1.2,8.7,82,74
2023-01-18 04:00:00,0.1,-1.2,7.5,82,73
2023-01-18 05:00:00,0.4,-1.2,7.6,85,90
2023-01-18 06:00:00,0.5,-1.3,8.3,88,99
2023-01-18 07:00:00,0.4,-1.9,11.6,91,99
2023-01-18 08:00:00,0.3,-2.3,14.3,93,99
2023-01-18 09:00:00,0.5,-2.2,16.6,93,98
2023-01-18 10:00:00,0.7,-2.3,17.4,91,99
2023-01-18 11:00:00,0.6,-2.5,16.9,89,100
2023-01-18 12:00:00,0.3,-2.5,15.5,87,100
2023-01-18 13:00:00,0.1,-2.2,16.8,79,54
2023-01-18 14:00:00,0.0,-1.9,15.3,68,39
2023-01-18 15:00:00,0.0,-1.4,15.9,59,80
2023-01-18 16:00:00,0.0,-1.4,16.6,54,86
2023-01-18 17:00:00,0.0,-2.2,13.0,57,75
2023-01-18 18:00:00,0.0,-3.2,9.3,63,36
2023-01-18 19:00:00,0.0,-4.1,6.9,69,24
2023-01-18 20:00:00,0.0,-4.4,7.4,72,26
2023-01-18 21:00:00,0.0,-5.1,7.6,78,25
2023-01-18 22:00:00,0.0,-5.0,6.8,80,61
2023-01-18 23:00:00,0.0,-4.1,6.5,80,71
2023-01-19 00:00:00,0.0,-3.3,7.3,77,85
2023-01-19 01:00:00,0.0,-3.3,6.2,78,93
2023-01-19 02:00:00,0.0,-3.7,5.8,81,77
2023-01-19 03:00:00,0.5,-4.1,6.5,80,68
2023-01-19 04:00:00,0.2,-3.8,6.9,78,41
2023-01-19 05:00:00,0.2,-3.4,9.1,78,70
2023-01-19 06:00:00,0.1,-2.8,10.3,79,89
2023-01-19 07:00:00,0.1,-2.9,10.0,81,82
2023-01-19 08:00:00,0.1,-3.0,11.2,81,77
2023-01-19 09:00:00,0.1,-3.2,10.2,83,76
2023-01-19 10:00:00,0.1,-2.7,13.4,79,74
2023-01-19 11:00:00,0.0,-2.0,11.4,81,67
2023-01-19 12:00:00,0.0,-1.4,11.3,75,99
2023-01-19 13:00:00,0.0,-0.9,10.5,69,100
2023-01-19 14:00:00,0.0,-0.4,8.9,65,100
2023-01-19 15:00:00,0.0,-0.4,8.6,63,100
2023-01-19 16:00:00,0.0,-0.6,5.6,63,100
2023-01-19 17:00:00,0.0,-1.2,1.6,73,100
2023-01-19 18:00:00,0.0,-1.4,3.5,67,100
2023-01-19 19:00:00,0.0,-2.9,5.8,79,100
2023-01-19 20:00:00,0.0,-3.3,5.2,81,97
2023-01-19 21:00:00,0.0,-3.7,5.4,81,78
2023-01-19 22:00:00,0.0,-3.4,5.3,80,55
2023-01-19 23:00:00,0.0,-3.4,5.9,81,16
2023-01-20 00:00:00,0.0,-4.4,6.8,86,19
2023-01-20 01:00:00,0.0,-4.2,7.7,86,25
2023-01-20 02:00:00,0.0,-4.1,9.7,85,41
2023-01-20 03:00:00,0.0,-3.6,10.6,84,53
2023-01-20 04:00:00,0.0,-3.7,11.1,86,59
2023-01-20 05:00:00,0.1,-3.7,9.3,91,79
2023-01-20 06:00:00,0.2,-3.7,11.8,94,93
2023-01-20 07:00:00,0.2,-3.3,14.7,91,99
2023-01-20 08:00:00,0.2,-3.2,16.6,89,96
2023-01-20 09:00:00,0.1,-3.1,17.1,89,96
2023-01-20 10:00:00,0.1,-2.9,17.1,89,92
2023-01-20 11:00:00,0.2,-3.0,17.7,87,59
2023-01-20 12:00:00,0.1,-3.0,18.3,87,46
2023-01-20 13:00:00,0.0,-2.7,17.2,81,48
2023-01-20 14:00:00,0.0,-2.3,17.7,77,50
2023-01-20 15:00:00,0.0,-2.2,17.9,73,77
2023-01-20 16:00:00,0.0,-2.4,16.2,73,85
2023-01-20 17:00:00,0.0,-2.8,12.6,75,76
2023-01-20 18:00:00,0.0,-3.4,11.3,79,57
2023-01-20 19:00:00,0.0,-3.6,11.3,80,52
2023-01-20 20:00:00,0.0,-3.3,11.1,82,68
2023-01-20 21:00:00,0.0,-2.9,11.0,81,81
2023-01-20 22:00:00,0.2,-3.0,12.5,82,89
2023-01-20 23:00:00,0.2,-2.9,14.3,87,62
2023-01-21 00:00:00,0.4,-2.9,12.5,88,67
2023-01-21 01:00:00,0.7,-2.9,12.2,88,65
2023-01-21 02:00:00,0.8,-3.2,11.0,90,62
2023-01-21 03:00:00,0.5,-3.6,12.3,91,65
2023-01-21 04:00:00,0.5,-3.2,12.5,91,66
2023-01-21 05:00:00,0.2,-3.6,12.0,93,98
2023-01-21 06:00:00,0.2,-3.5,11.5,93,100
2023-01-21 07:00:00,0.2,-3.5,12.2,93,98
2023-01-21 08:00:00,0.4,-3.6,10.9,93,96
2023-01-21 09:00:00,0.3,-3.3,11.0,92,91
2023-01-21 10:00:00,0.3,-2.9,12.4,89,96
2023-01-21 11:00:00,0.4,-3.1,15.4,95,98
2023-01-21 12:00:00,0.4,-2.9,17.4,97,91
2023-01-21 13:00:00,0.4,-3.0,17.7,100,89
2023-01-21 14:00:00,0.2,-2.6,18.4,99,73
2023-01-21 15:00:00,0.1,-2.4,20.9,99,43
2023-01-21 16:00:00,0.2,-2.9,22.0,91,35
2023-01-21 17:00:00,0.0,-3.2,22.0,87,39
2023-01-21 18:00:00,0.0,-3.6,21.2,86,43
2023-01-21 19:00:00,0.0,-4.0,19.8,86,36
2023-01-21 20:00:00,0.1,-4.2,20.2,87,51
2023-01-21 21:00:00,0.1,-4.5,19.5,88,48
2023-01-21 22:00:00,0.1,-4.8,19.1,89,39
2023-01-21 23:00:00,0.0,-4.6,18.8,85,63
2023-01-22 00:00:00,0.0,-4.9,19.2,86,74
2023-01-22 01:00:00,0.0,-4.9,19.6,86,76
2023-01-22 02:00:00,0.0,-5.0,19.5,86,88
2023-01-22 03:00:00,0.0,-5.3,19.1,89,98
2023-01-22 04:00:00,0.0,-5.5,19.1,89,99
2023-01-22 05:00:00,0.0,-5.6,19.1,90,98
2023-01-22 06:00:00,0.0,-5.8,19.5,90,98
2023-01-22 07:00:00,0.0,-6.0,19.6,91,99
2023-01-22 08:00:00,0.0,-6.3,19.5,91,98
2023-01-22 09:00:00,0.1,-6.2,18.4,88,94
2023-01-22 10:00:00,0.1,-5.9,19.1,86,99
2023-01-22 11:00:00,0.1,-5.6,17.4,86,100
2023-01-22 12:00:00,0.1,-5.3,18.0,87,100
2023-01-22 13:00:00,0.1,-5.1,18.0,87,100
2023-01-22 14:00:00,0.1,-4.9,19.1,86,100
2023-01-22 15:00:00,0.1,-4.9,19.8,88,100
2023-01-22 16:00:00,0.2,-4.9,20.5,91,100
2023-01-22 17:00:00,0.2,-5.0,19.8,94,99
2023-01-22 18:00:00,0.2,-4.8,18.1,94,99
2023-01-22 19:00:00,0.2,-4.6,18.8,94,100
2023-01-22 20:00:00,0.1,-4.3,17.0,94,100
2023-01-22 21:00:00,0.1,-4.2,15.9,93,100
2023-01-22 22:00:00,0.1,-4.0,14.8,93,100
2023-01-22 23:00:00,0.1,-4.2,11.9,92,97
2023-01-23 00:00:00,0.0,-4.1,12.3,92,88
2023-01-23 01:00:00,0.1,-4.1,14.5,90,98
2023-01-23 02:00:00,0.1,-4.3,14.1,89,99
2023-01-23 03:00:00,0.1,-4.3,13.3,89,99
2023-01-23 04:00:00,0.1,-4.3,15.8,89,96
2023-01-23 05:00:00,0.1,-4.3,15.1,88,98
2023-01-23 06:00:00,0.1,-4.4,16.2,89,94
2023-01-23 07:00:00,0.1,-4.2,15.9,88,98
2023-01-23 08:00:00,0.1,-4.3,17.6,88,100
2023-01-23 09:00:00,0.1,-4.3,16.9,89,100
2023-01-23 10:00:00,0.1,-4.2,18.1,88,99
2023-01-23 11:00:00,0.0,-3.9,19.3,88,97
2023-01-23 12:00:00,0.0,-3.9,19.3,89,100
2023-01-23 13:00:00,0.0,-3.8,19.6,89,100
2023-01-23 14:00:00,0.0,-3.8,19.8,89,100
2023-01-23 15:00:00,0.0,-3.9,18.9,88,100
2023-01-23 16:00:00,0.1,-3.8,19.0,87,100
2023-01-23 17:00:00,0.1,-3.7,16.6,88,100
2023-01-23 18:00:00,0.1,-3.6,15.9,89,100
2023-01-23 19:00:00,0.1,-3.5,13.7,91,100
2023-01-23 20:00:00,0.1,-3.3,12.6,92,100
2023-01-23 21:00:00,0.1,-3.2,11.5,92,100
2023-01-23 22:00:00,0.1,-3.1,10.4,92,100
2023-01-23 23:00:00,0.0,-3.1,9.9,94,100
2023-01-24 00:00:00,0.0,-3.1,9.7,93,100
2023-01-24 01:00:00,0.0,-2.9,9.5,92,100
2023-01-24 02:00:00,0.0,-2.9,7.9,93,99
2023-01-24 03:00:00,0.0,-3.0,8.2,94,100
2023-01-24 04:00:00,0.0,-3.1,5.8,93,100
2023-01-24 05:00:00,0.0,-3.3,4.7,93,100
2023-01-24 06:00:00,0.0,-3.5,4.8,94,99
2023-01-24 07:00:00,0.0,-3.5,3.7,95,98
2023-01-24 08:00:00,0.0,-3.6,3.0,95,99
2023-01-24 09:00:00,0.0,-3.7,2.5,95,97
2023-01-24 10:00:00,0.0,-3.1,2.6,93,100
2023-01-24 11:00:00,0.0,-2.3,1.8,86,98
2023-01-24 12:00:00,0.0,-1.6,2.7,83,100
2023-01-24 13:00:00,0.0,-1.1,4.2,79,83
2023-01-24 14:00:00,0.0,-1.0,4.6,79,91
2023-01-24 15:00:00,0.0,-0.7,6.0,79,98
2023-01-24 16:00:00,0.0,-1.0,7.0,80,99
2023-01-24 17:00:00,0.0,-2.1,5.2,86,91
2023-01-24 18:00:00,0.0,-3.6,5.9,89,67
2023-01-24 19:00:00,0.0,-4.4,5.4,93,62
2023-01-24 20:00:00,0.0,-3.3,6.1,92,73
2023-01-24 21:00:00,0.0,-2.5,5.2,91,79
2023-01-24 22:00:00,0.0,-2.7,3.8,92,84
2023-01-24 23:00:00,0.0,-2.6,1.3,90,100
2023-01-25 00:00:00,0.0,-2.7,2.1,90,100
2023-01-25 01:00:00,0.0,-4.0,4.0,92,97
2023-01-25 02:00:00,0.0,-4.9,4.3,93,96
2023-01-25 03:00:00,0.0,-4.7,3.9,93,99
2023-01-25 04:00:00,0.0,-3.5,1.6,93,99
2023-01-25 05:00:00,0.0,-3.6,2.0,93,98
2023-01-25 06:00:00,0.0,-4.1,2.7,92,100
2023-01-25 07:00:00,0.0,-5.4,2.7,92,100
2023-01-25 08:00:00,0.0,-3.6,4.1,92,95
2023-01-25 09:00:00,0.0,-3.6,4.7,93,92
2023-01-25 10:00:00,0.0,-3.2,5.8,95,100
2023-01-25 11:00:00,0.0,-3.1,6.0,93,100
2023-01-25 12:00:00,0.0,-2.7,7.1,92,100
2023-01-25 13:00:00,0.0,-2.4,8.0,92,100
2023-01-25 14:00:00,0.0,-2.6,9.1,95,100
2023-01-25 15:00:00,0.0,-2.8,9.1,96,100
2023-01-25 16:00:00,0.0,-2.9,9.4,97,100
2023-01-25 17:00:00,0.0,-3.2,9.4,99,100
2023-01-25 18:00:00,0.0,-3.0,8.6,98,100
2023-01-25 19:00:00,0.1,-2.9,9.1,97,94
2023-01-25 20:00:00,0.1,-2.8,8.1,96,98
2023-01-25 21:00:00,0.1,-2.8,8.4,95,100
2023-01-25 22:00:00,0.1,-2.8,10.3,94,99
2023-01-25 23:00:00,0.1,-2.8,10.2,96,98
2023-01-26 00:00:00,0.1,-2.8,8.9,96,89
2023-01-26 01:00:00,0.1,-3.0,8.8,95,97
2023-01-26 02:00:00,0.1,-3.1,9.5,93,99
2023-01-26 03:00:00,0.1,-3.2,9.8,93,96
2023-01-26 04:00:00,0.1,-3.4,10.4,92,99
2023-01-26 05:00:00,0.1,-3.6,10.2,92,95
2023-01-26 06:00:00,0.1,-3.7,9.8,92,89
2023-01-26 07:00:00,0.1,-3.9,10.2,92,96
2023-01-26 08:00:00,0.0,-4.0,10.0,91,95
2023-01-26 09:00:00,0.0,-3.9,11.2,91,98
2023-01-26 10:00:00,0.0,-3.7,11.5,91,100
2023-01-26 11:00:00,0.0,-3.4,10.4,91,100
2023-01-26 12:00:00,0.0,-3.3,12.0,90,100
2023-01-26 13:00:00,0.0,-3.4,13.8,91,100
2023-01-26 14:00:00,0.0,-3.6,14.1,92,100
2023-01-26 15:00:00,0.0,-3.8,13.7,92,100
2023-01-26 16:00:00,0.0,-4.2,13.3,93,100
2023-01-26 17:00:00,0.0,-4.5,14.1,94,100
2023-01-26 18:00:00,0.0,-4.8,14.8,94,100
2023-01-26 19:00:00,0.0,-5.2,14.4,94,100
2023-01-26 20:00:00,0.0,-5.4,14.4,93,100
2023-01-26 21:00:00,0.0,-5.6,14.4,92,94
2023-01-26 22:00:00,0.0,-5.9,14.5,92,87
2023-01-26 23:00:00,0.0,-6.2,13.3,89,85
2023-01-27 00:00:00,0.0,-6.5,13.8,89,87
2023-01-27 01:00:00,0.0,-6.4,14.5,88,93
2023-01-27 02:00:00,0.0,-6.6,14.1,89,92
2023-01-27 03:00:00,0.0,-6.4,13.4,89,99
2023-01-27 04:00:00,0.0,-6.3,13.8,91,100
2023-01-27 05:00:00,0.0,-5.9,13.8,92,100
2023-01-27 06:00:00,0.1,-5.3,13.1,92,100
2023-01-27 07:00:00,0.1,-5.0,12.4,94,100
2023-01-27 08:00:00,0.1,-4.7,11.4,94,100
2023-01-27 09:00:00,0.1,-4.3,12.1,94,100
2023-01-27 10:00:00,0.1,-3.5,13.4,90,98
2023-01-27 11:00:00,0.1,-3.5,16.5,88,98
2023-01-27 12:00:00,0.1,-3.0,16.4,86,95
2023-01-27 13:00:00,0.0,-3.0,17.2,86,99
2023-01-27 14:00:00,0.0,-2.8,17.1,85,100
2023-01-27 15:00:00,0.0,-2.7,17.4,84,100
2023-01-27 16:00:00,0.0,-2.7,17.3,86,100
2023-01-27 17:00:00,0.1,-2.8,15.8,87,81
2023-01-27 18:00:00,0.1,-3.1,14.4,91,60
2023-01-27 19:00:00,0.1,-3.3,14.0,92,56
2023-01-27 20:00:00,0.0,-3.6,14.4,92,54
2023-01-27 21:00:00,0.0,-3.6,14.4,90,82
2023-01-27 22:00:00,0.0,-3.5,14.1,89,83
2023-01-27 23:00:00,0.0,-3.6,14.0,88,85
2023-01-28 00:00:00,0.0,-3.4,13.7,87,90
2023-01-28 01:00:00,0.0,-3.5,15.1,87,92
2023-01-28 02:00:00,0.0,-3.5,15.1,86,99
2023-01-28 03:00:00,0.0,-3.5,14.0,84,98
2023-01-28 04:00:00,0.0,-3.6,14.8,84,98
2023-01-28 05:00:00,0.0,-3.7,14.8,85,97
2023-01-28 06:00:00,0.0,-3.8,15.2,84,98
2023-01-28 07:00:00,0.0,-3.8,15.3,84,99
2023-01-28 08:00:00,0.0,-3.9,16.0,84,99
2023-01-28 09:00:00,0.1,-3.8,17.0,84,100
2023-01-28 10:00:00,0.1,-3.5,18.8,82,99
2023-01-28 11:00:00,0.1,-3.2,18.7,83,99
2023-01-28 12:00:00,0.0,-3.1,16.3,83,100
2023-01-28 13:00:00,0.0,-2.9,15.1,83,100
2023-01-28 14:00:00,0.0,-2.7,15.3,82,100
2023-01-28 15:00:00,0.0,-2.4,14.8,80,100
2023-01-28 16:00:00,0.0,-2.5,14.7,80,95
2023-01-28 17:00:00,0.1,-2.6,12.6,84,95
2023-01-28 18:00:00,0.2,-2.6,11.9,86,95
2023-01-28 19:00:00,0.1,-2.7,10.8,87,92
2023-01-28 20:00:00,0.1,-2.7,10.8,87,84
2023-01-28 21:00:00,0.1,-2.5,11.2,87,85
2023-01-28 22:00:00,0.1,-2.4,11.3,87,85
2023-01-28 23:00:00,0.0,-2.4,9.9,87,49
2023-01-29 00:00:00,0.0,-2.4,8.8,87,46
2023-01-29 01:00:00,0.0,-2.5,9.8,87,52
2023-01-29 02:00:00,0.0,-2.5,9.4,85,64
2023-01-29 03:00:00,0.1,-2.5,10.0,85,86
2023-01-29 04:00:00,0.0,-2.7,8.5,83,97
2023-01-29 05:00:00,0.0,-2.7,8.0,83,93
2023-01-29 06:00:00,0.0,-2.8,7.6,83,92
2023-01-29 07:00:00,0.0,-2.8,7.6,83,87
2023-01-29 08:00:00,0.0,-3.0,8.4,83,99
2023-01-29 09:00:00,0.0,-3.1,6.6,83,99
2023-01-29 10:00:00,0.0,-2.9,4.8,81,96
2023-01-29 11:00:00,0.0,-2.7,5.4,79,100
2023-01-29 12:00:00,0.0,-2.5,7.2,79,100
2023-01-29 13:00:00,0.0,-2.3,6.9,77,98
2023-01-29 14:00:00,0.0,-2.2,7.2,77,94
2023-01-29 15:00:00,0.0,-1.9,7.8,75,100
2023-01-29 16:00:00,0.0,-1.8,6.6,75,100
2023-01-29 17:00:00,0.0,-2.7,5.0,76,99
2023-01-29 18:00:00,0.0,-4.4,4.7,81,100
2023-01-29 19:00:00,0.0,-5.1,4.7,84,100
2023-01-29 20:00:00,0.0,-4.8,4.7,86,99
2023-01-29 21:00:00,0.0,-4.2,5.0,86,97
2023-01-29 22:00:00,0.0,-4.4,4.7,88,62
2023-01-29 23:00:00,0.0,-4.1,1.1,84,43
2023-01-30 00:00:00,0.0,-4.7,0.8,86,34
2023-01-30 01:00:00,0.0,-5.0,2.4,86,28
2023-01-30 02:00:00,0.0,-5.3,3.3,87,26
2023-01-30 03:00:00,0.0,-5.5,3.3,86,22
2023-01-30 04:00:00,0.0,-5.7,5.3,88,63
2023-01-30 05:00:00,0.0,-7.6,5.2,92,88
2023-01-30 06:00:00,0.0,-7.0,1.3,91,79
2023-01-30 07:00:00,0.0,-6.3,2.4,90,34
2023-01-30 08:00:00,0.0,-6.9,6.1,92,17
2023-01-30 09:00:00,0.0,-7.3,6.2,93,46
2023-01-30 10:00:00,0.0,-5.4,6.6,85,60
2023-01-30 11:00:00,0.0,-3.2,7.1,76,79
2023-01-30 12:00:00,0.0,-2.2,9.0,77,89
2023-01-30 13:00:00,0.0,-1.1,8.4,80,88
2023-01-30 14:00:00,0.0,-0.6,9.4,81,96
2023-01-30 15:00:00,0.0,-0.1,11.3,80,100
2023-01-30 16:00:00,0.0,0.3,11.6,78,99
2023-01-30 17:00:00,0.0,0.2,9.0,80,99
2023-01-30 18:00:00,0.1,-0.7,6.6,85,93
2023-01-30 19:00:00,0.1,-0.9,7.9,87,84
2023-01-30 20:00:00,0.1,-0.9,8.7,88,88
2023-01-30 21:00:00,0.2,-0.8,9.4,90,97
2023-01-30 22:00:00,0.2,-0.5,9.5,91,99
2023-01-30 23:00:00,0.2,-0.2,11.6,93,100
2023-01-31 00:00:00,0.3,-0.3,12.2,94,100
2023-01-31 01:00:00,0.3,-0.3,12.1,95,100
2023-01-31 02:00:00,0.2,-0.3,11.2,95,100
2023-01-31 03:00:00,0.2,-0.3,10.9,95,100
2023-01-31 04:00:00,0.1,-0.5,10.5,95,100
2023-01-31 05:00:00,0.1,-0.5,9.8,96,100
2023-01-31 06:00:00,0.1,-0.5,8.7,96,100
2023-01-31 07:00:00,0.1,-0.4,7.9,96,100
2023-01-31 08:00:00,0.1,-0.8,7.0,96,100
2023-01-31 09:00:00,0.1,-0.5,6.4,95,100
2023-01-31 10:00:00,0.1,0.5,6.8,88,100
2023-01-31 11:00:00,0.0,1.6,7.3,88,78
2023-01-31 12:00:00,0.0,2.6,9.7,81,62
2023-01-31 13:00:00,0.0,3.3,10.9,76,53
2023-01-31 14:00:00,0.0,3.8,11.2,74,46
2023-01-31 15:00:00,0.0,4.1,10.5,73,57
2023-01-31 16:00:00,0.0,3.9,9.7,74,52
2023-01-31 17:00:00,0.0,3.8,7.4,75,63
2023-01-31 18:00:00,0.0,2.4,6.0,83,59
2023-01-31 19:00:00,0.0,2.0,8.1,86,82
2023-01-31 20:00:00,0.0,1.4,7.6,88,92
2023-01-31 21:00:00,0.0,1.1,6.1,91,92
2023-01-31 22:00:00,0.0,1.4,7.1,91,98
2023-01-31 23:00:00,0.0,1.1,5.2,92,86
2023-02-01 00:00:00,0.0,1.1,6.0,93,94
2023-02-01 01:00:00,0.0,0.9,6.1,93,100
2023-02-01 02:00:00,0.0,0.9,5.6,93,100
2023-02-01 03:00:00,0.0,0.3,5.6,93,100
2023-02-01 04:00:00,0.0,0.2,5.5,94,98
2023-02-01 05:00:00,0.0,-0.6,4.1,94,90
2023-02-01 06:00:00,0.0,-0.6,6.8,94,71
2023-02-01 07:00:00,0.1,-1.1,5.2,94,73
2023-02-01 08:00:00,0.0,-0.0,5.3,94,84
2023-02-01 09:00:00,0.0,0.5,6.1,92,94
2023-02-01 10:00:00,0.0,1.2,7.3,91,100
2023-02-01 11:00:00,0.1,1.9,7.6,90,100
2023-02-01 12:00:00,0.1,2.5,8.4,84,90
2023-02-01 13:00:00,0.0,2.9,8.9,80,88
2023-02-01 14:00:00,0.0,3.5,10.5,76,95
2023-02-01 15:00:00,0.0,3.8,10.1,72,84
2023-02-01 16:00:00,0.0,3.9,11.0,69,68
2023-02-01 17:00:00,0.0,3.2,11.0,72,38
2023-02-01 18:00:00,0.0,1.5,8.3,80,40
2023-02-01 19:00:00,0.0,0.8,8.2,82,50
2023-02-01 20:00:00,0.0,0.4,7.9,84,51
2023-02-01 21:00:00,0.0,0.2,7.2,84,58
2023-02-01 22:00:00,0.0,0.2,7.0,84,57
2023-02-01 23:00:00,0.0,0.4,7.1,86,72
2023-02-02 00:00:00,0.0,0.4,7.2,86,74
2023-02-02 01:00:00,0.0,0.3,5.7,86,75
2023-02-02 02:00:00,0.0,0.4,4.8,86,62
2023-02-02 03:00:00,0.0,0.1,4.8,87,80
2023-02-02 04:00:00,0.0,-0.1,5.9,87,82
2023-02-02 05:00:00,0.0,-0.0,5.9,88,64
2023-02-02 06:00:00,0.0,0.0,6.2,88,65
2023-02-02 07:00:00,0.0,0.1,6.9,88,57
2023-02-02 08:00:00,0.0,-0.0,7.2,89,63
2023-02-02 09:00:00,0.0,0.2,8.0,90,77
2023-02-02 10:00:00,0.0,1.1,10.0,89,97
2023-02-02 11:00:00,0.0,2.1,10.2,83,97
2023-02-02 12:00:00,0.0,2.8,10.9,77,89
2023-02-02 13:00:00,0.0,3.3,11.6,72,90
2023-02-02 14:00:00,0.0,3.5,11.9,71,91
2023-02-02 15:00:00,0.0,3.4,11.2,71,100
2023-02-02 16:00:00,0.0,3.4,10.9,70,98
2023-02-02 17:00:00,0.0,3.1,10.5,71,87
2023-02-02 18:00:00,0.0,2.4,8.5,75,75
2023-02-02 19:00:00,0.0,1.4,7.9,80,76
2023-02-02 20:00:00,0.0,0.9,6.0,82,77
2023-02-02 21:00:00,0.0,0.5,5.6,85,76
2023-02-02 22:00:00,0.0,0.1,4.9,86,75
2023-02-02 23:00:00,0.0,-0.0,5.2,87,82
2023-02-03 00:00:00,0.0,-0.9,7.4,89,78
2023-02-03 01:00:00,0.0,-1.2,6.7,89,68
2023-02-03 02:00:00,0.0,-1.5,6.8,89,52
2023-02-03 03:00:00,0.0,-1.5,7.2,88,51
2023-02-03 04:00:00,0.0,-1.1,6.5,88,44
2023-02-03 05:00:00,0.0,-1.6,7.1,88,49
2023-02-03 06:00:00,0.0,-2.3,5.7,88,40
2023-02-03 07:00:00,0.0,-2.6,4.1,88,40
2023-02-03 08:00:00,0.0,-2.5,6.0,89,31
2023-02-03 09:00:00,0.0,-1.3,5.9,90,33
2023-02-03 10:00:00,0.0,0.8,4.9,83,37
2023-02-03 11:00:00,0.0,2.3,5.4,73,30
2023-02-03 12:00:00,0.0,3.2,7.1,68,41
2023-02-03 13:00:00,0.0,4.0,7.2,65,19
2023-02-03 14:00:00,0.0,4.8,9.4,62,5
2023-02-03 15:00:00,0.0,5.4,11.2,60,3
2023-02-03 16:00:00,0.0,5.2,10.8,60,2
2023-02-03 17:00:00,0.0,4.5,8.4,63,14
2023-02-03 18:00:00,0.0,1.8,6.3,74,48
2023-02-03 19:00:00,0.0,0.4,7.0,80,35
2023-02-03 20:00:00,0.0,-0.5,8.0,84,9
2023-02-03 21:00:00,0.0,-1.1,7.0,87,39
2023-02-03 22:00:00,0.0,-1.1,6.0,89,50
2023-02-03 23:00:00,0.0,-1.4,5.2,92,80
2023-02-04 00:00:00,0.0,-1.2,4.8,92,84
2023-02-04 01:00:00,0.0,-1.2,6.3,92,86
2023-02-04 02:00:00,0.0,-0.8,7.4,92,91
2023-02-04 03:00:00,0.0,-0.7,7.9,92,99
2023-02-04 04:00:00,0.0,-0.6,7.8,94,100
2023-02-04 05:00:00,0.1,-0.6,8.2,94,100
2023-02-04 06:00:00,0.1,-0.7,8.9,95,100
2023-02-04 07:00:00,0.1,-0.8,9.3,96,100
2023-02-04 08:00:00,0.1,-0.4,9.7,96,100
2023-02-04 09:00:00,0.1,0.1,10.2,96,100
2023-02-04 10:00:00,0.0,1.3,9.7,96,100
2023-02-04 11:00:00,0.0,2.2,9.7,96,100
2023-02-04 12:00:00,0.0,3.1,9.7,92,100
2023-02-04 13:00:00,0.0,3.9,10.5,88,99
2023-02-04 14:00:00,0.0,4.6,11.2,85,100
2023-02-04 15:00:00,0.0,4.6,12.2,86,100
2023-02-04 16:00:00,0.0,4.8,13.7,87,100
2023-02-04 17:00:00,0.0,5.1,13.7,87,100
2023-02-04 18:00:00,0.0,4.6,12.4,88,100
2023-02-04 19:00:00,0.0,4.5,12.4,89,100
2023-02-04 20:00:00,0.0,4.2,12.4,90,100
2023-02-04 21:00:00,0.1,4.1,12.4,90,100
2023-02-04 22:00:00,0.0,4.1,12.3,91,100
2023-02-04 23:00:00,0.0,3.8,13.7,92,100
2023-02-05 00:00:00,0.1,3.9,12.2,92,100
2023-02-05 01:00:00,0.1,3.8,11.2,93,100
2023-02-05 02:00:00,0.1,3.7,11.2,93,100
2023-02-05 03:00:00,0.1,3.5,11.9,94,100
2023-02-05 04:00:00,0.0,3.2,12.2,95,100
2023-02-05 05:00:00,0.1,3.0,10.8,95,100
2023-02-05 06:00:00,0.0,2.7,8.6,95,100
2023-02-05 07:00:00,0.0,2.6,10.4,95,100
2023-02-05 08:00:00,0.0,2.4,11.9,95,100
2023-02-05 09:00:00,0.1,2.5,11.5,96,100
2023-02-05 10:00:00,0.2,3.1,11.9,95,96
2023-02-05 11:00:00,0.4,3.4,14.5,95,97
2023-02-05 12:00:00,0.4,3.8,15.9,90,97
2023-02-05 13:00:00,0.4,4.2,17.3,84,98
2023-02-05 14:00:00,0.3,3.5,17.1,88,100
2023-02-05 15:00:00,0.2,3.1,17.2,88,95
2023-02-05 16:00:00,0.1,3.0,15.9,84,92
2023-02-05 17:00:00,0.0,2.7,15.6,82,88
2023-02-05 18:00:00,0.0,2.1,16.0,85,99
2023-02-05 19:00:00,0.2,2.0,18.6,88,99
2023-02-05 20:00:00,0.2,1.6,20.2,90,90
2023-02-05 21:00:00,0.2,0.8,19.5,91,69
2023-02-05 22:00:00,0.2,0.3,18.8,91,56
2023-02-05 23:00:00,0.1,-0.3,17.4,92,74
2023-02-06 00:00:00,0.1,-0.2,15.5,91,96
2023-02-06 01:00:00,0.1,-0.1,16.6,90,96
2023-02-06 02:00:00,0.1,-0.1,17.4,91,99
2023-02-06 03:00:00,0.0,-0.1,13.8,92,100
2023-02-06 04:00:00,0.0,-0.2,11.4,94,99
2023-02-06 05:00:00,0.0,-0.3,12.2,94,100
2023-02-06 06:00:00,0.0,-0.4,11.3,92,93
2023-02-06 07:00:00,0.0,-0.9,9.4,94,93
2023-02-06 08:00:00,0.0,-1.1,9.1,95,94
2023-02-06 09:00:00,0.0,-0.7,10.1,93,88
2023-02-06 10:00:00,0.0,0.2,10.2,85,99
2023-02-06 11:00:00,0.0,0.7,8.6,83,96
2023-02-06 12:00:00,0.0,1.0,8.5,81,100
2023-02-06 13:00:00,0.0,1.4,8.8,78,97
2023-02-06 14:00:00,0.0,1.5,9.9,75,97
2023-02-06 15:00:00,0.0,1.8,9.9,73,100
2023-02-06 16:00:00,0.0,1.7,10.5,73,100
2023-02-06 17:00:00,0.0,1.3,10.5,74,99
2023-02-06 18:00:00,0.0,0.9,10.4,74,87
2023-02-06 19:00:00,0.0,0.3,9.8,78,81
2023-02-06 20:00:00,0.1,0.0,9.7,80,66
2023-02-06 21:00:00,0.0,-0.6,9.8,83,56
2023-02-06 22:00:00,0.0,-1.2,8.0,85,53
2023-02-06 23:00:00,0.0,-2.1,8.8,88,42
2023-02-07 00:00:00,0.0,-2.2,8.6,87,44
2023-02-07 01:00:00,0.0,-2.5,9.0,87,55
2023-02-07 02:00:00,0.0,-2.7,6.8,87,61
2023-02-07 03:00:00,0.0,-3.0,6.6,88,53
2023-02-07 04:00:00,0.0,-3.4,6.3,89,61
2023-02-07 05:00:00,0.0,-3.3,4.3,85,60
2023-02-07 06:00:00,0.0,-3.9,4.8,88,66
2023-02-07 07:00:00,0.0,-4.2,5.7,89,80
2023-02-07 08:00:00,0.1,-3.9,4.8,88,62
2023-02-07 09:00:00,0.1,-3.3,6.5,83,55
2023-02-07 10:00:00,0.0,-2.1,7.2,79,12
2023-02-07 11:00:00,0.0,-0.7,9.7,77,2
2023-02-07 12:00:00,0.0,1.4,12.7,68,8
2023-02-07 13:00:00,0.0,3.1,12.8,59,0
2023-02-07 14:00:00,0.0,4.3,10.9,52,0
2023-02-07 15:00:00,0.0,5.0,9.2,49,0
2023-02-07 16:00:00,0.0,4.9,9.4,49,0
2023-02-07 17:00:00,0.0,3.6,7.8,54,0
2023-02-07 18:00:00,0.0,-0.3,9.2,71,0
2023-02-07 19:00:00,0.0,-1.7,7.6,77,0
2023-02-07 20:00:00,0.0,-0.9,5.4,77,0
2023-02-07 21:00:00,0.0,-2.0,3.3,81,0
2023-02-07 22:00:00,0.0,-2.9,3.0,85,0
2023-02-07 23:00:00,0.0,-3.1,2.0,85,0
2023-02-08 00:00:00,0.0,-3.4,0.8,85,0
2023-02-08 01:00:00,0.0,-4.0,4.0,86,0
2023-02-08 02:00:00,0.0,-5.5,5.4,88,0
2023-02-08 03:00:00,0.0,-6.2,4.4,89,0
2023-02-08 04:00:00,0.0,-5.9,4.4,88,0
2023-02-08 05:00:00,0.0,-5.7,5.2,86,0
2023-02-08 06:00:00,0.0,-7.5,5.2,89,0
2023-02-08 07:00:00,0.0,-8.0,4.5,90,0
2023-02-08 08:00:00,0.0,-6.6,1.5,86,0
2023-02-08 09:00:00,0.0,-6.1,1.5,90,0
2023-02-08 10:00:00,0.0,-3.2,2.5,76,0
2023-02-08 11:00:00,0.0,-0.8,2.5,74,0
2023-02-08 12:00:00,0.0,1.3,4.1,60,0
2023-02-08 13:00:00,0.0,3.0,5.4,50,0
2023-02-08 14:00:00,0.0,4.1,6.4,43,0
2023-02-08 15:00:00,0.0,4.7,5.6,40,0
2023-02-08 16:00:00,0.0,4.7,4.3,39,0
2023-02-08 17:00:00,0.0,4.9,1.8,27,3
2023-02-08 18:00:00,0.0,4.3,1.1,33,5
2023-02-08 19:00:00,0.0,1.9,2.1,42,7
2023-02-08 20:00:00,0.0,0.1,5.0,48,5
2023-02-08 21:00:00,0.0,-3.4,6.6,64,5
2023-02-08 22:00:00,0.0,-4.5,7.7,69,1
2023-02-08 23:00:00,0.0,-5.2,8.0,78,2
2023-02-09 00:00:00,0.0,-5.7,7.9,79,1
2023-02-09 01:00:00,0.0,-6.2,7.1,81,1
2023-02-09 02:00:00,0.0,-6.8,7.1,83,1
2023-02-09 03:00:00,0.0,-7.0,6.9,85,1
2023-02-09 04:00:00,0.0,-7.3,6.5,87,0
2023-02-09 05:00:00,0.0,-7.6,6.5,88,1
2023-02-09 06:00:00,0.0,-7.5,5.9,89,0
2023-02-09 07:00:00,0.0,-7.3,5.7,89,2
2023-02-09 08:00:00,0.0,-7.6,5.9,90,4
2023-02-09 09:00:00,0.0,-5.9,4.7,91,1
2023-02-09 10:00:00,0.0,-2.3,2.6,81,1
2023-02-09 11:00:00,0.0,0.6,2.0,73,1
2023-02-09 12:00:00,0.0,2.3,3.5,62,1
2023-02-09 13:00:00,0.0,3.5,6.4,52,3
2023-02-09 14:00:00,0.0,4.3,8.2,48,29
2023-02-09 15:00:00,0.0,4.9,9.3,43,21
2023-02-09 16:00:00,0.0,5.0,9.8,40,17
2023-02-09 17:00:00,0.0,4.3,5.9,44,21
2023-02-09 18:00:00,0.0,0.6,10.4,58,10
2023-02-09 19:00:00,0.0,-0.9,10.1,63,18
2023-02-09 20:00:00,0.0,-1.8,8.0,68,4
2023-02-09 21:00:00,0.0,-0.9,5.9,63,4
2023-02-09 22:00:00,0.0,-1.7,6.4,67,29
2023-02-09 23:00:00,0.0,-3.7,5.1,81,34
2023-02-10 00:00:00,0.0,-3.8,5.4,81,37
2023-02-10 01:00:00,0.0,-4.4,7.1,82,2
2023-02-10 02:00:00,0.0,-4.9,7.7,84,0
2023-02-10 03:00:00,0.0,-5.0,5.9,85,0
2023-02-10 04:00:00,0.0,-5.0,4.9,86,0
2023-02-10 05:00:00,0.0,-5.1,4.7,87,0
2023-02-10 06:00:00,0.0,-5.5,4.8,87,0
2023-02-10 07:00:00,0.0,-5.7,5.7,88,0
2023-02-10 08:00:00,0.0,-5.9,4.6,88,0
2023-02-10 09:00:00,0.0,-6.1,2.9,93,0
2023-02-10 10:00:00,0.0,-3.0,3.7,79,0
2023-02-10 11:00:00,0.0,-0.7,4.3,70,0
2023-02-10 12:00:00,0.0,1.1,5.8,61,2
2023-02-10 13:00:00,0.0,2.4,7.6,54,0
2023-02-10 14:00:00,0.0,3.4,7.3,50,0
2023-02-10 15:00:00,0.0,4.0,6.6,47,0
2023-02-10 16:00:00,0.0,4.2,5.4,45,0
2023-02-10 17:00:00,0.0,3.5,5.5,51,1
2023-02-10 18:00:00,0.0,0.9,6.9,52,11
2023-02-10 19:00:00,0.0,0.3,6.1,56,16
2023-02-10 20:00:00,0.0,-0.6,4.1,61,7
2023-02-10 21:00:00,0.0,-1.8,3.3,66,13
2023-02-10 22:00:00,0.0,-2.7,3.5,70,11
2023-02-10 23:00:00,0.0,-3.8,4.0,73,3
2023-02-11 00:00:00,0.0,-4.2,3.3,74,0
2023-02-11 01:00:00,0.0,-5.0,3.1,76,0
2023-02-11 02:00:00,0.0,-5.6,3.8,78,0
2023-02-11 03:00:00,0.0,-6.2,5.7,80,0
2023-02-11 04:00:00,0.0,-6.5,7.3,80,0
2023-02-11 05:00:00,0.0,-6.2,6.5,80,0
2023-02-11 06:00:00,0.0,-6.1,5.6,78,0
2023-02-11 07:00:00,0.0,-6.3,5.4,78,2
2023-02-11 08:00:00,0.0,-6.5,6.9,78,0
2023-02-11 09:00:00,0.0,-5.5,5.0,81,0
2023-02-11 10:00:00,0.0,-2.2,2.9,68,1
2023-02-11 11:00:00,0.0,0.5,3.9,64,1
2023-02-11 12:00:00,0.0,3.1,4.0,54,0
2023-02-11 13:00:00,0.0,5.1,4.1,47,0
2023-02-11 14:00:00,0.0,6.3,4.2,42,0
2023-02-11 15:00:00,0.0,7.1,3.8,38,0
2023-02-11 16:00:00,0.0,7.3,3.9,35,0
2023-02-11 17:00:00,0.0,7.8,5.5,28,0
2023-02-11 18:00:00,0.0,6.3,5.5,34,0
2023-02-11 19:00:00,0.0,4.2,5.1,41,0
2023-02-11 20:00:00,0.0,2.1,5.4,48,0
2023-02-11 21:00:00,0.0,0.8,5.7,53,1
2023-02-11 22:00:00,0.0,-0.0,6.0,57,2
2023-02-11 23:00:00,0.0,-2.3,5.4,72,2
2023-02-12 00:00:00,0.0,-3.4,5.2,76,1
2023-02-12 01:00:00,0.0,-3.6,4.7,78,0
2023-02-12 02:00:00,0.0,-3.0,4.7,75,0
2023-02-12 03:00:00,0.0,-2.8,5.7,75,0
2023-02-12 04:00:00,0.0,-3.0,5.4,74,0
2023-02-12 05:00:00,0.0,-3.1,4.9,74,0
2023-02-12 06:00:00,0.0,-3.1,4.7,74,0
2023-02-12 07:00:00,0.0,-3.1,4.7,72,0
2023-02-12 08:00:00,0.0,-3.1,4.7,72,0
2023-02-12 09:00:00,0.0,-2.2,5.1,73,0
2023-02-12 10:00:00,0.0,0.6,4.1,63,0
2023-02-12 11:00:00,0.0,3.3,2.9,54,0
2023-02-12 12:00:00,0.0,6.0,2.3,42,0
2023-02-12 13:00:00,0.0,8.1,2.6,35,0
2023-02-12 14:00:00,0.0,9.3,2.5,33,0
2023-02-12 15:00:00,0.0,10.1,3.8,31,0
2023-02-12 16:00:00,0.0,10.1,2.9,34,0
2023-02-12 17:00:00,0.0,9.5,5.9,34,0
2023-02-12 18:00:00,0.0,7.0,5.8,42,0
2023-02-12 19:00:00,0.0,4.7,5.1,49,0
2023-02-12 20:00:00,0.0,3.5,5.1,53,0
2023-02-12 21:00:00,0.0,2.0,6.6,57,0
2023-02-12 22:00:00,0.0,-0.1,7.9,65,0
2023-02-12 23:00:00,0.0,-2.4,8.9,73,0
2023-02-13 00:00:00,0.0,-2.8,8.0,74,0
2023-02-13 01:00:00,0.0,-3.3,7.6,76,0
2023-02-13 02:00:00,0.0,-3.8,7.6,77,0
2023-02-13 03:00:00,0.0,-4.1,7.3,77,0
2023-02-13 04:00:00,0.0,-4.3,6.9,77,0
2023-02-13 05:00:00,0.0,-4.5,6.9,74,0
2023-02-13 06:00:00,0.0,-4.7,7.2,73,0
2023-02-13 07:00:00,0.0,-5.0,6.8,72,0
2023-02-13 08:00:00,0.0,-5.1,6.9,72,0
2023-02-13 09:00:00,0.0,-2.1,8.0,67,0
2023-02-13 10:00:00,0.0,1.7,6.9,55,0
2023-02-13 11:00:00,0.0,5.3,5.5,43,0
2023-02-13 12:00:00,0.0,8.7,5.3,36,0
2023-02-13 13:00:00,0.0,11.5,5.8,29,0
2023-02-13 14:00:00,0.0,13.3,5.8,24,0
2023-02-13 15:00:00,0.0,14.5,5.0,21,0
2023-02-13 16:00:00,0.0,14.8,5.8,26,0
2023-02-13 17:00:00,0.0,14.7,6.6,21,0
2023-02-13 18:00:00,0.0,12.1,7.1,26,0
2023-02-13 19:00:00,0.0,9.7,7.7,35,0
2023-02-13 20:00:00,0.0,7.5,9.4,41,0
2023-02-13 21:00:00,0.0,1.7,10.2,61,0
2023-02-13 22:00:00,0.0,-0.1,9.4,67,0
2023-02-13 23:00:00,0.0,-0.6,9.9,67,0
2023-02-14 00:00:00,0.0,-1.7,9.1,70,0
2023-02-14 01:00:00,0.0,-2.0,8.0,70,0
2023-02-14 02:00:00,0.0,-2.5,7.6,71,0
2023-02-14 03:00:00,0.0,-3.1,7.6,72,0
2023-02-14 04:00:00,0.0,-3.3,7.3,73,0
2023-02-14 05:00:00,0.0,-3.8,7.7,73,0
2023-02-14 06:00:00,0.0,-3.7,7.4,72,0
2023-02-14 07:00:00,0.0,-3.9,7.7,72,0
2023-02-14 08:00:00,0.0,-4.0,7.7,72,0
2023-02-14 09:00:00,0.0,-0.6,8.4,65,0
2023-02-14 10:00:00,0.0,3.1,7.7,50,0
2023-02-14 11:00:00,0.0,6.7,6.6,42,0
2023-02-14 12:00:00,0.0,10.1,7.8,35,0
2023-02-14 13:00:00,0.0,12.7,9.5,29,0
2023-02-14 14:00:00,0.0,14.2,9.5,25,0
2023-02-14 15:00:00,0.0,15.1,8.4,24,0
2023-02-14 16:00:00,0.0,14.6,7.1,30,0
2023-02-14 17:00:00,0.0,12.3,8.7,39,0
2023-02-14 18:00:00,0.0,7.3,12.7,47,0
2023-02-14 19:00:00,0.0,5.0,11.3,52,0
2023-02-14 20:00:00,0.0,3.2,9.1,57,0
2023-02-14 21:00:00,0.0,1.7,8.0,62,0
2023-02-14 22:00:00,0.0,0.7,7.6,64,0
2023-02-14 23:00:00,0.0,-0.1,9.0,59,0
2023-02-15 00:00:00,0.0,-0.3,9.4,59,0
2023-02-15 01:00:00,0.0,-1.0,8.4,61,0
2023-02-15 02:00:00,0.0,-1.4,9.2,62,0
2023-02-15 03:00:00,0.0,-1.6,9.1,63,1
2023-02-15 04:00:00,0.0,-2.0,9.0,65,2
2023-02-15 05:00:00,0.0,-2.5,8.7,65,7
2023-02-15 06:00:00,0.0,-2.6,8.4,66,57
2023-02-15 07:00:00,0.0,-2.8,8.2,67,79
2023-02-15 08:00:00,0.0,-2.8,7.3,67,95
2023-02-15 09:00:00,0.0,-0.1,8.5,62,100
2023-02-15 10:00:00,0.0,3.3,8.4,52,100
2023-02-15 11:00:00,0.0,6.6,6.6,42,98
2023-02-15 12:00:00,0.0,9.2,6.1,34,94
2023-02-15 13:00:00,0.0,11.3,5.7,27,92
2023-02-15 14:00:00,0.0,12.3,6.4,23,81
2023-02-15 15:00:00,0.0,13.1,6.3,21,64
2023-02-15 16:00:00,0.0,13.0,5.8,22,84
2023-02-15 17:00:00,0.0,11.5,6.2,43,94
2023-02-15 18:00:00,0.0,11.8,5.4,19,83
2023-02-15 19:00:00,0.0,8.9,3.6,28,89
2023-02-15 20:00:00,0.0,6.6,2.2,36,78
2023-02-15 21:00:00,0.0,2.8,2.3,52,82
2023-02-15 22:00:00,0.0,0.0,3.6,65,75
2023-02-15 23:00:00,0.0,1.2,4.3,60,80
2023-02-16 00:00:00,0.0,-1.5,4.4,71,49
2023-02-16 01:00:00,0.0,-3.2,4.2,79,5
2023-02-16 02:00:00,0.0,-4.2,4.2,83,1
2023-02-16 03:00:00,0.0,-4.6,3.9,85,0
2023-02-16 04:00:00,0.0,-4.7,4.2,86,0
2023-02-16 05:00:00,0.0,-4.9,4.5,86,0
2023-02-16 06:00:00,0.0,-5.2,5.2,87,0
2023-02-16 07:00:00,0.0,-5.6,5.4,88,0
2023-02-16 08:00:00,0.0,-5.8,5.0,89,0
2023-02-16 09:00:00,0.0,-2.3,4.5,85,0
2023-02-16 10:00:00,0.0,2.5,4.1,66,1
2023-02-16 11:00:00,0.0,6.8,3.3,53,4
2023-02-16 12:00:00,0.0,10.0,2.7,41,3
2023-02-16 13:00:00,0.0,11.9,1.9,30,6
2023-02-16 14:00:00,0.0,13.0,2.3,25,36
2023-02-16 15:00:00,0.0,13.6,3.2,22,40
2023-02-16 16:00:00,0.0,13.7,2.3,25,12
2023-02-16 17:00:00,0.0,13.9,3.6,17,4
2023-02-16 18:00:00,0.0,11.9,5.4,23,1
2023-02-16 19:00:00,0.0,8.0,7.2,35,1
2023-02-16 20:00:00,0.0,3.8,6.3,51,1
2023-02-16 21:00:00,0.0,0.5,5.7,67,12
2023-02-16 22:00:00,0.0,0.2,5.9,71,30
2023-02-16 23:00:00,0.0,-0.8,5.9,77,68
2023-02-17 00:00:00,0.0,-0.6,5.4,80,64
2023-02-17 01:00:00,0.0,-0.9,5.1,82,36
2023-02-17 02:00:00,0.0,-1.1,5.3,83,25
2023-02-17 03:00:00,0.0,-1.2,5.2,84,37
2023-02-17 04:00:00,0.0,-0.9,4.7,86,59
2023-02-17 05:00:00,0.0,-1.0,4.3,87,81
2023-02-17 06:00:00,0.0,-1.0,4.2,88,97
2023-02-17 07:00:00,0.0,-0.5,4.3,88,100
2023-02-17 08:00:00,0.0,0.2,4.2,87,100
2023-02-17 09:00:00,0.0,1.4,4.8,84,100
2023-02-17 10:00:00,0.0,3.2,4.4,78,93
2023-02-17 11:00:00,0.0,6.3,3.9,71,89
2023-02-17 12:00:00,0.0,8.5,3.1,65,86
2023-02-17 13:00:00,0.0,9.9,3.6,62,86
2023-02-17 14:00:00,0.0,10.0,3.7,66,87
2023-02-17 15:00:00,0.0,10.5,3.7,65,84
2023-02-17 16:00:00,0.0,10.5,2.5,69,82
2023-02-17 17:00:00,0.0,10.1,1.9,71,82
2023-02-17 18:00:00,0.0,9.7,4.3,70,79
2023-02-17 19:00:00,0.0,8.3,5.4,76,79
2023-02-17 20:00:00,0.0,6.9,4.3,84,84
2023-02-17 21:00:00,0.0,5.7,4.0,89,91
2023-02-17 22:00:00,0.0,4.9,4.1,91,90
2023-02-17 23:00:00,0.0,5.5,4.9,91,100
2023-02-18 00:00:00,0.0,5.2,4.7,92,100
2023-02-18 01:00:00,0.0,5.1,4.4,93,97
2023-02-18 02:00:00,0.0,4.8,3.6,94,99
2023-02-18 03:00:00,0.0,4.8,3.6,95,100
2023-02-18 04:00:00,0.0,4.5,3.8,96,97
2023-02-18 05:00:00,0.0,3.9,3.1,97,99
2023-02-18 06:00:00,0.0,3.5,3.2,97,100
2023-02-18 07:00:00,0.0,3.1,3.4,98,100
2023-02-18 08:00:00,0.0,3.1,3.9,98,100
2023-02-18 09:00:00,0.0,4.7,4.6,95,100
2023-02-18 10:00:00,0.0,7.8,2.6,86,95
2023-02-18 11:00:00,0.0,9.0,1.1,77,79
2023-02-18 12:00:00,0.0,10.5,2.8,65,85
2023-02-18 13:00:00,0.0,11.4,4.7,63,66
2023-02-18 14:00:00,0.0,12.7,4.8,57,52
2023-02-18 15:00:00,0.0,13.3,5.3,55,23
2023-02-18 16:00:00,0.0,13.5,6.1,53,22
2023-02-18 17:00:00,0.0,13.0,5.5,54,17
2023-02-18 18:00:00,0.0,9.7,7.6,67,20
2023-02-18 19:00:00,0.0,7.7,7.6,69,12
2023-02-18 20:00:00,0.0,6.8,7.2,74,11
2023-02-18 21:00:00,0.0,5.1,7.2,80,8
2023-02-18 22:00:00,0.0,3.5,6.8,87,19
2023-02-18 23:00:00,0.0,2.8,6.8,92,40
2023-02-19 00:00:00,0.0,3.0,5.5,94,67
2023-02-19 01:00:00,0.0,3.5,3.7,95,67
2023-02-19 02:00:00,0.0,3.1,3.1,97,69
2023-02-19 03:00:00,0.0,1.7,2.9,97,87
2023-02-19 04:00:00,0.0,0.3,4.0,96,100
2023-02-19 05:00:00,0.0,-0.6,3.3,97,100
2023-02-19 06:00:00,0.0,-0.3,2.1,97,100
2023-02-19 07:00:00,0.0,-0.0,2.0,97,100
2023-02-19 08:00:00,0.0,0.1,3.1,97,100
2023-02-19 09:00:00,0.0,1.9,3.3,96,100
2023-02-19 10:00:00,0.0,4.2,3.8,90,94
2023-02-19 11:00:00,0.0,5.4,5.1,91,100
2023-02-19 12:00:00,0.0,6.6,7.6,84,97
2023-02-19 13:00:00,0.0,7.3,7.4,80,100
2023-02-19 14:00:00,0.0,8.0,5.6,77,91
2023-02-19 15:00:00,0.0,8.7,5.6,73,60
2023-02-19 16:00:00,0.0,8.9,8.6,71,39
2023-02-19 17:00:00,0.0,8.5,10.2,70,38
2023-02-19 18:00:00,0.0,7.0,7.9,75,54
2023-02-19 19:00:00,0.0,5.1,6.1,83,79
2023-02-19 20:00:00,0.0,3.9,7.6,88,92
2023-02-19 21:00:00,0.0,2.8,6.1,90,83
2023-02-19 22:00:00,0.0,3.6,5.4,91,85
2023-02-19 23:00:00,0.0,1.6,4.3,97,72
2023-02-20 00:00:00,0.0,-0.3,6.5,97,60
2023-02-20 01:00:00,0.0,0.0,6.7,97,95
2023-02-20 02:00:00,0.0,0.1,5.9,97,96
2023-02-20 03:00:00,0.0,-0.4,3.7,99,97
2023-02-20 04:00:00,0.0,-0.1,3.0,98,100
2023-02-20 05:00:00,0.0,-0.6,2.6,97,100
2023-02-20 06:00:00,0.0,-1.1,1.8,96,100
2023-02-20 07:00:00,0.0,-1.3,3.3,97,99
2023-02-20 08:00:00,0.0,-1.3,5.8,97,100
2023-02-20 09:00:00,0.0,-0.3,5.4,97,100
2023-02-20 10:00:00,0.0,1.7,4.7,92,92
2023-02-20 11:00:00,0.0,4.9,4.4,81,28
2023-02-20 12:00:00,0.0,8.3,3.4,66,22
2023-02-20 13:00:00,0.0,11.1,2.4,52,17
2023-02-20 14:00:00,0.0,12.9,2.9,44,11
2023-02-20 15:00:00,0.0,13.9,3.2,39,1
2023-02-20 16:00:00,0.0,14.3,3.6,36,0
2023-02-20 17:00:00,0.0,14.1,2.9,33,0
2023-02-20 18:00:00,0.0,13.1,4.3,34,0
2023-02-20 19:00:00,0.0,9.9,4.5,44,0
2023-02-20 20:00:00,0.0,7.2,4.9,54,0
2023-02-20 21:00:00,0.0,5.5,5.6,60,0
2023-02-20 22:00:00,0.0,4.8,6.8,62,0
2023-02-20 23:00:00,0.0,0.9,7.4,79,0
2023-02-21 00:00:00,0.0,-0.2,8.0,83,0
2023-02-21 01:00:00,0.0,-1.1,8.3,87,0
2023-02-21 02:00:00,0.0,-1.5,7.2,88,0
2023-02-21 03:00:00,0.0,-1.8,6.8,88,0
2023-02-21 04:00:00,0.0,-1.9,6.2,89,0
2023-02-21 05:00:00,0.0,-2.1,5.9,89,6
2023-02-21 06:00:00,0.0,-2.0,5.4,89,31
2023-02-21 07:00:00,0.0,-1.5,5.4,89,70
2023-02-21 08:00:00,0.0,-1.0,5.4,89,93
2023-02-21 09:00:00,0.0,1.6,7.6,84,95
2023-02-21 10:00:00,0.0,4.5,5.4,74,93
2023-02-21 11:00:00,0.0,8.0,4.1,64,93
2023-02-21 12:00:00,0.0,11.3,3.7,53,98
2023-02-21 13:00:00,0.0,13.7,2.9,42,95
2023-02-21 14:00:00,0.0,14.7,2.0,37,99
2023-02-21 15:00:00,0.0,15.3,1.9,34,92
2023-02-21 16:00:00,0.0,15.2,3.1,36,85
2023-02-21 17:00:00,0.0,13.8,4.9,47,74
2023-02-21 18:00:00,0.0,9.9,6.0,58,89
2023-02-21 19:00:00,0.0,7.0,5.5,66,96
2023-02-21 20:00:00,0.0,7.0,5.2,66,98
2023-02-21 21:00:00,0.0,8.2,6.1,62,86
2023-02-21 22:00:00,0.0,7.8,6.6,64,49
2023-02-21 23:00:00,0.0,4.7,9.1,69,75
2023-02-22 00:00:00,0.0,3.0,7.4,77,85
2023-02-22 01:00:00,0.0,2.6,5.8,82,83
2023-02-22 02:00:00,0.0,2.6,6.0,84,88
2023-02-22 03:00:00,0.0,3.1,5.6,87,97
2023-02-22 04:00:00,0.0,3.1,4.6,89,100
2023-02-22 05:00:00,0.0,3.1,3.8,89,100
2023-02-22 06:00:00,0.1,3.1,3.8,90,99
2023-02-22 07:00:00,0.2,3.3,4.6,91,98
2023-02-22 08:00:00,0.2,3.3,4.4,92,100
2023-02-22 09:00:00,0.2,4.3,5.5,92,100
2023-02-22 10:00:00,0.1,5.5,4.6,92,100
2023-02-22 11:00:00,0.0,7.0,4.0,93,90
2023-02-22 12:00:00,0.0,8.5,6.2,83,93
2023-02-22 13:00:00,0.0,8.8,8.7,77,65
2023-02-22 14:00:00,0.9,8.9,9.7,76,71
2023-02-22 15:00:00,0.2,9.3,10.7,76,58
2023-02-22 16:00:00,0.6,8.9,12.4,77,50
2023-02-22 17:00:00,0.4,8.5,10.8,78,77
2023-02-22 18:00:00,0.1,7.8,5.9,82,78
2023-02-22 19:00:00,0.1,7.1,4.5,87,89
2023-02-22 20:00:00,0.2,6.2,5.6,90,96
2023-02-22 21:00:00,0.1,5.7,4.7,91,95
2023-02-22 22:00:00,0.1,5.4,5.2,93,99
2023-02-22 23:00:00,0.0,5.8,5.2,92,96
2023-02-23 00:00:00,0.1,5.7,4.8,93,96
2023-02-23 01:00:00,0.1,5.6,5.1,93,97
2023-02-23 02:00:00,0.3,5.7,4.3,94,95
2023-02-23 03:00:00,0.1,5.6,4.4,96,96
2023-02-23 04:00:00,0.1,5.7,3.8,95,100
2023-02-23 05:00:00,0.3,5.4,3.9,95,99
2023-02-23 06:00:00,0.2,4.9,4.3,96,98
2023-02-23 07:00:00,0.2,4.5,4.7,96,79
2023-02-23 08:00:00,0.0,4.3,5.1,96,90
2023-02-23 09:00:00,0.0,5.3,6.4,95,84
2023-02-23 10:00:00,0.0,6.4,6.1,92,89
2023-02-23 11:00:00,0.1,8.0,12.6,77,86
2023-02-23 12:00:00,0.3,9.1,14.3,68,61
2023-02-23 13:00:00,0.2,9.5,15.1,66,65
2023-02-23 14:00:00,0.1,10.1,15.8,63,80
2023-02-23 15:00:00,0.1,9.9,16.2,65,95
2023-02-23 16:00:00,0.5,9.3,15.3,68,99
2023-02-23 17:00:00,0.3,8.6,12.2,70,98
2023-02-23 18:00:00,0.1,8.0,9.0,74,97
2023-02-23 19:00:00,0.0,7.4,7.4,77,100
2023-02-23 20:00:00,0.0,6.8,7.4,80,99
2023-02-23 21:00:00,0.2,6.4,6.9,82,98
2023-02-23 22:00:00,0.3,6.2,7.5,84,98
2023-02-23 23:00:00,0.5,5.4,10.7,88,98
2023-02-24 00:00:00,0.6,5.3,12.8,88,98
2023-02-24 01:00:00,0.5,5.3,12.6,88,92
2023-02-24 02:00:00,0.2,5.3,12.5,88,86
2023-02-24 03:00:00,0.0,5.1,12.0,88,65
2023-02-24 04:00:00,0.0,5.1,9.9,88,64
2023-02-24 05:00:00,0.0,5.0,9.5,87,65
2023-02-24 06:00:00,0.0,5.1,9.2,87,74
2023-02-24 07:00:00,0.0,4.9,8.8,89,65
2023-02-24 08:00:00,0.0,5.2,10.8,88,84
2023-02-24 09:00:00,0.0,6.1,14.0,85,81
2023-02-24 10:00:00,0.0,6.7,16.9,83,74
2023-02-24 11:00:00,0.1,7.3,15.2,78,61
2023-02-24 12:00:00,0.5,7.7,12.6,76,100
2023-02-24 13:00:00,0.6,7.0,9.8,77,95
2023-02-24 14:00:00,0.7,6.3,10.5,75,76
2023-02-24 15:00:00,0.2,6.2,9.0,71,80
2023-02-24 16:00:00,0.0,6.5,8.5,67,62
2023-02-24 17:00:00,0.0,6.5,8.2,63,42
2023-02-24 18:00:00,0.0,5.1,6.1,68,45
2023-02-24 19:00:00,0.0,3.0,6.0,74,41
2023-02-24 20:00:00,0.0,1.4,6.3,80,33
2023-02-24 21:00:00,0.0,1.3,5.8,78,37
2023-02-24 22:00:00,0.0,1.7,5.9,76,18
2023-02-24 23:00:00,0.0,0.2,6.7,83,12
2023-02-25 00:00:00,0.0,-1.5,6.4,87,9
2023-02-25 01:00:00,0.0,-1.9,6.4,89,4
2023-02-25 02:00:00,0.0,-2.4,5.6,90,7
2023-02-25 03:00:00,0.0,-2.6,5.5,91,15
2023-02-25 04:00:00,0.0,-2.6,5.8,92,31
2023-02-25 05:00:00,0.0,-2.2,5.0,92,54
2023-02-25 06:00:00,0.0,-1.3,4.7,93,82
2023-02-25 07:00:00,0.0,-0.7,4.3,94,97
2023-02-25 08:00:00,0.0,-0.2,6.5,94,99
2023-02-25 09:00:00,0.0,0.1,9.0,95,93
2023-02-25 10:00:00,0.0,0.5,8.0,93,97
2023-02-25 11:00:00,0.0,1.1,6.2,88,100
2023-02-25 12:00:00,0.0,2.2,5.2,83,99
2023-02-25 13:00:00,0.0,2.9,8.5,80,96
2023-02-25 14:00:00,0.0,3.3,10.1,79,96
2023-02-25 15:00:00,0.0,3.4,9.7,79,94
2023-02-25 16:00:00,0.0,3.0,12.0,82,99
2023-02-25 17:00:00,0.0,2.7,13.1,82,100
2023-02-25 18:00:00,0.1,2.2,14.2,84,99
2023-02-25 19:00:00,0.2,1.8,14.3,86,96
2023-02-25 20:00:00,0.1,1.3,13.9,86,80
2023-02-25 21:00:00,0.1,0.4,14.3,85,86
2023-02-25 22:00:00,0.0,-0.2,13.6,82,54
2023-02-25 23:00:00,0.0,-0.8,12.3,80,56
2023-02-26 00:00:00,0.0,-1.4,12.6,80,51
2023-02-26 01:00:00,0.0,-1.7,13.3,78,34
2023-02-26 02:00:00,0.0,-2.1,14.2,79,32
2023-02-26 03:00:00,0.0,-2.4,15.0,80,20
2023-02-26 04:00:00,0.0,-2.7,16.2,81,21
2023-02-26 05:00:00,0.0,-2.9,17.7,81,20
2023-02-26 06:00:00,0.0,-3.5,19.3,82,19
2023-02-26 07:00:00,0.0,-3.9,19.6,82,23
2023-02-26 08:00:00,0.0,-4.2,20.9,81,41
2023-02-26 09:00:00,0.0,-3.7,23.7,72,53
2023-02-26 10:00:00,0.0,-2.8,24.5,64,53
2023-02-26 11:00:00,0.0,-1.9,26.0,55,44
2023-02-26 12:00:00,0.0,-1.1,28.5,47,43
2023-02-26 13:00:00,0.0,-0.7,31.7,44,57
2023-02-26 14:00:00,0.0,-0.8,32.9,42,59
2023-02-26 15:00:00,0.0,-1.2,35.4,42,77
2023-02-26 16:00:00,0.1,-1.9,33.4,47,77
2023-02-26 17:00:00,0.1,-2.6,30.0,49,65
2023-02-26 18:00:00,0.0,-3.1,27.5,54,45
2023-02-26 19:00:00,0.0,-3.7,25.8,60,53
2023-02-26 20:00:00,0.1,-3.9,23.2,64,73
2023-02-26 21:00:00,0.2,-4.0,22.0,67,98
2023-02-26 22:00:00,0.2,-4.2,23.8,72,100
2023-02-26 23:00:00,0.3,-4.3,23.3,75,100
2023-02-27 00:00:00,0.2,-4.3,21.6,73,100
2023-02-27 01:00:00,0.1,-4.2,19.7,69,99
2023-02-27 02:00:00,0.1,-4.2,17.2,67,100
2023-02-27 03:00:00,0.0,-4.4,15.7,67,100
2023-02-27 04:00:00,0.0,-4.7,17.1,68,100
2023-02-27 05:00:00,0.0,-5.0,16.6,70,100
2023-02-27 06:00:00,0.1,-5.2,16.5,71,100
2023-02-27 07:00:00,0.1,-5.4,14.9,73,100
2023-02-27 08:00:00,0.0,-5.3,13.5,73,99
2023-02-27 09:00:00,0.0,-4.7,12.8,70,95
2023-02-27 10:00:00,0.0,-3.7,12.8,67,90
2023-02-27 11:00:00,0.0,-2.8,10.7,65,90
2023-02-27 12:00:00,0.0,-1.5,11.5,61,89
2023-02-27 13:00:00,0.0,-0.2,12.8,56,89
2023-02-27 14:00:00,0.0,0.6,15.3,54,90
2023-02-27 15:00:00,0.0,0.7,15.8,54,96
2023-02-27 16:00:00,0.0,0.4,15.4,56,95
2023-02-27 17:00:00,0.0,-0.3,13.6,59,100
2023-02-27 18:00:00,0.0,-1.3,10.4,63,93
2023-02-27 19:00:00,0.0,-2.3,9.8,68,85
2023-02-27 20:00:00,0.0,-2.8,10.5,70,72
2023-02-27 21:00:00,0.0,-2.9,11.2,70,50
2023-02-27 22:00:00,0.0,-3.0,10.5,69,31
2023-02-27 23:00:00,0.0,-3.7,9.9,73,48
2023-02-28 00:00:00,0.0,-4.4,9.0,76,69
2023-02-28 01:00:00,0.0,-4.7,8.0,77,75
2023-02-28 02:00:00,0.0,-4.6,9.4,76,82
2023-02-28 03:00:00,0.0,-4.9,9.8,76,84
2023-02-28 04:00:00,0.0,-5.2,9.0,76,88
2023-02-28 05:00:00,0.0,-5.6,9.4,77,92
2023-02-28 06:00:00,0.0,-5.7,10.5,76,95
2023-02-28 07:00:00,0.0,-6.1,10.1,77,87
2023-02-28 08:00:00,0.0,-6.0,9.0,75,79
2023-02-28 09:00:00,0.0,-5.0,9.7,70,82
2023-02-28 10:00:00,0.0,-3.9,9.7,66,77
2023-02-28 11:00:00,0.0,-3.3,7.7,65,90
2023-02-28 12:00:00,0.0,-2.4,9.0,63,100
2023-02-28 13:00:00,0.0,-1.9,10.1,61,100
2023-02-28 14:00:00,0.0,-1.7,10.4,61,100
2023-02-28 15:00:00,0.0,-2.1,10.9,63,100
2023-02-28 16:00:00,0.0,-2.4,10.9,66,100
2023-02-28 17:00:00,0.0,-2.8,10.7,68,100
2023-02-28 18:00:00,0.0,-3.1,9.4,69,100
2023-02-28 19:00:00,0.0,-3.2,8.0,72,93
2023-02-28 20:00:00,0.0,-3.1,8.4,74,99
2023-02-28 21:00:00,0.0,-3.0,7.2,74,86
2023-02-28 22:00:00,0.1,-3.5,6.1,78,75
2023-02-28 23:00:00,0.0,-3.3,4.8,77,77
2023-03-01 00:00:00,0.0,-3.8,5.9,81,90
2023-03-01 01:00:00,0.0,-4.0,6.9,83,99
2023-03-01 02:00:00,0.0,-4.0,7.2,83,100
2023-03-01 03:00:00,0.0,-4.2,7.3,85,100
2023-03-01 04:00:00,0.0,-4.8,7.1,88,99
2023-03-01 05:00:00,0.0,-5.1,7.2,88,96
2023-03-01 06:00:00,0.0,-5.5,7.5,89,96
2023-03-01 07:00:00,0.0,-5.5,7.8,89,93
2023-03-01 08:00:00,0.0,-5.8,8.2,88,89
2023-03-01 09:00:00,0.0,-4.8,8.2,85,93
2023-03-01 10:00:00,0.0,-3.7,7.8,80,90
2023-03-01 11:00:00,0.0,-2.1,3.8,72,82
2023-03-01 12:00:00,0.0,-0.6,7.0,65,57
2023-03-01 13:00:00,0.0,0.5,9.7,61,21
2023-03-01 14:00:00,0.0,1.3,12.0,59,43
2023-03-01 15:00:00,0.0,1.7,13.4,59,50
2023-03-01 16:00:00,0.0,1.4,13.1,61,95
2023-03-01 17:00:00,0.0,0.7,12.2,64,100
2023-03-01 18:00:00,0.0,-0.1,8.8,68,99
2023-03-01 19:00:00,0.0,-1.2,5.8,74,98
2023-03-01 20:00:00,0.0,-1.6,4.5,76,96
2023-03-01 21:00:00,0.0,-1.6,3.5,77,99
2023-03-01 22:00:00,0.0,-1.8,4.4,79,99
2023-03-01 23:00:00,0.0,-1.4,4.0,77,99
2023-03-02 00:00:00,0.0,-2.2,3.4,79,100
2023-03-02 01:00:00,0.0,-2.2,1.3,79,99
2023-03-02 02:00:00,0.0,-2.6,2.3,80,100
2023-03-02 03:00:00,0.0,-2.9,3.7,81,97
2023-03-02 04:00:00,0.0,-2.9,3.1,82,95
2023-03-02 05:00:00,0.0,-2.8,2.2,82,96
2023-03-02 06:00:00,0.0,-3.0,3.2,85,97
2023-03-02 07:00:00,0.0,-2.6,4.1,85,98
2023-03-02 08:00:00,0.0,-2.4,3.5,84,96
2023-03-02 09:00:00,0.0,-2.0,3.1,82,93
2023-03-02 10:00:00,0.0,-1.2,1.8,79,86
2023-03-02 11:00:00,0.0,-0.5,1.8,74,92
2023-03-02 12:00:00,0.0,1.2,0.7,66,92
2023-03-02 13:00:00,0.0,2.7,2.7,60,66
2023-03-02 14:00:00,0.0,4.4,3.3,56,60
2023-03-02 15:00:00,0.0,5.2,2.9,54,78
2023-03-02 16:00:00,0.0,5.1,3.5,52,100
2023-03-02 17:00:00,0.0,4.7,7.6,54,89
2023-03-02 18:00:00,0.0,3.7,10.4,56,80
2023-03-02 19:00:00,0.0,2.3,10.8,63,70
2023-03-02 20:00:00,0.0,1.4,8.6,69,61
2023-03-02 21:00:00,0.0,0.3,6.5,75,48
2023-03-02 22:00:00,0.0,-1.3,5.6,81,69
2023-03-02 23:00:00,0.0,-2.2,5.5,84,69
2023-03-03 00:00:00,0.0,-2.4,6.0,85,76
2023-03-03 01:00:00,0.0,-2.4,5.9,85,74
2023-03-03 02:00:00,0.0,-2.8,6.4,85,61
2023-03-03 03:00:00,0.0,-3.0,6.4,87,33
2023-03-03 04:00:00,0.0,-3.2,6.4,87,19
2023-03-03 05:00:00,0.0,-3.0,5.9,88,14
2023-03-03 06:00:00,0.0,-3.3,5.7,88,12
2023-03-03 07:00:00,0.0,-3.4,4.9,89,29
2023-03-03 08:00:00,0.0,-2.2,5.5,87,39
2023-03-03 09:00:00,0.0,-1.5,6.0,85,42
2023-03-03 10:00:00,0.0,-0.7,7.2,80,70
2023-03-03 11:00:00,0.0,0.7,4.9,72,72
2023-03-03 12:00:00,0.0,2.1,6.0,66,55
2023-03-03 13:00:00,0.0,3.2,7.4,62,20
2023-03-03 14:00:00,0.0,4.0,9.7,59,18
2023-03-03 15:00:00,0.0,4.4,11.2,59,26
2023-03-03 16:00:00,0.0,4.4,11.9,59,20
2023-03-03 17:00:00,0.0,3.7,11.9,61,34
2023-03-03 18:00:00,0.0,2.7,10.4,64,59
2023-03-03 19:00:00,0.0,1.3,9.0,71,80
2023-03-03 20:00:00,0.0,0.8,7.6,75,76
2023-03-03 21:00:00,0.0,-0.2,5.6,80,64
2023-03-03 22:00:00,0.0,-0.7,5.4,83,74
2023-03-03 23:00:00,0.0,0.1,5.2,81,85
2023-03-04 00:00:00,0.0,0.1,5.3,81,75
2023-03-04 01:00:00,0.0,-0.1,6.2,82,79
2023-03-04 02:00:00,0.0,-0.2,6.4,83,80
2023-03-04 03:00:00,0.0,-0.0,5.9,83,77
2023-03-04 04:00:00,0.0,0.1,6.4,85,69
2023-03-04 05:00:00,0.0,-0.1,7.0,87,69
2023-03-04 06:00:00,0.0,0.0,7.3,88,62
2023-03-04 07:00:00,0.0,-0.2,6.6,91,60
2023-03-04 08:00:00,0.0,-0.2,7.4,91,89
2023-03-04 09:00:00,0.0,0.3,7.4,90,80
2023-03-04 10:00:00,0.0,1.2,7.6,86,58
2023-03-04 11:00:00,0.0,3.7,9.3,72,40
2023-03-04 12:00:00,0.0,4.9,12.3,64,91
2023-03-04 13:00:00,0.0,6.0,13.0,57,82
2023-03-04 14:00:00,0.0,6.5,13.2,54,92
2023-03-04 15:00:00,0.0,6.6,13.1,55,92
2023-03-04 16:00:00,0.0,6.6,13.4,55,84
2023-03-04 17:00:00,0.0,5.8,13.5,59,94
2023-03-04 18:00:00,0.0,5.0,11.9,62,81
2023-03-04 19:00:00,0.0,3.7,9.8,70,64
2023-03-04 20:00:00,0.0,2.6,9.7,75,58
2023-03-04 21:00:00,0.0,1.6,9.4,79,56
2023-03-04 22:00:00,0.0,0.5,8.8,83,35
2023-03-04 23:00:00,0.0,-0.4,7.8,86,61
2023-03-05 00:00:00,0.0,-1.4,8.2,90,29
2023-03-05 01:00:00,0.0,-2.1,7.8,92,49
2023-03-05 02:00:00,0.0,-3.0,6.4,94,35
2023-03-05 03:00:00,0.0,-3.4,5.8,94,64
2023-03-05 04:00:00,0.0,-3.8,5.8,95,88
2023-03-05 05:00:00,0.0,-4.2,5.8,95,96
2023-03-05 06:00:00,0.0,-4.7,4.6,95,96
2023-03-05 07:00:00,0.0,-5.0,2.7,95,90
2023-03-05 08:00:00,0.0,-5.0,1.1,94,76
2023-03-05 09:00:00,0.0,-3.3,1.0,90,69
2023-03-05 10:00:00,0.0,-1.4,0.8,81,66
2023-03-05 11:00:00,0.0,0.7,0.8,71,41
2023-03-05 12:00:00,0.0,2.7,3.3,61,0
2023-03-05 13:00:00,0.0,4.5,3.7,53,0
2023-03-05 14:00:00,0.0,5.8,4.0,49,0
2023-03-05 15:00:00,0.0,6.9,4.7,45,0
2023-03-05 16:00:00,0.0,7.2,6.2,44,0
2023-03-05 17:00:00,0.0,6.8,7.2,44,0
2023-03-05 18:00:00,0.0,4.7,5.6,57,0
2023-03-05 19:00:00,0.0,0.6,8.2,67,0
2023-03-05 20:00:00,0.0,-0.5,6.8,71,0
2023-03-05 21:00:00,0.0,-0.2,5.1,72,0
2023-03-05 22:00:00,0.0,-1.3,3.1,77,0
2023-03-05 23:00:00,0.0,-2.7,1.0,82,0
2023-03-06 00:00:00,0.0,-3.1,1.3,83,0
2023-03-06 01:00:00,0.0,-3.7,1.0,84,0
2023-03-06 02:00:00,0.0,-4.4,3.1,87,0
2023-03-06 03:00:00,0.0,-5.3,1.8,90,0
2023-03-06 04:00:00,0.0,-6.2,1.9,91,1
2023-03-06 05:00:00,0.0,-6.9,2.1,92,8
2023-03-06 06:00:00,0.0,-5.7,2.3,91,14
2023-03-06 07:00:00,0.0,-5.6,2.6,91,14
2023-03-06 08:00:00,0.0,-5.6,2.5,90,14
2023-03-06 09:00:00,0.0,-2.5,1.6,81,7
2023-03-06 10:00:00,0.0,0.2,2.6,76,4
2023-03-06 11:00:00,0.0,2.7,1.1,65,4
2023-03-06 12:00:00,0.0,5.0,5.8,53,13
2023-03-06 13:00:00,0.0,6.3,8.0,46,5
2023-03-06 14:00:00,0.0,7.4,9.8,42,6
2023-03-06 15:00:00,0.0,7.9,11.2,37,6
2023-03-06 16:00:00,0.0,7.8,12.0,36,7
2023-03-06 17:00:00,0.0,6.9,10.6,40,6
2023-03-06 18:00:00,0.0,4.7,6.9,47,21
2023-03-06 19:00:00,0.0,1.8,8.7,62,61
2023-03-06 20:00:00,0.0,-0.1,7.8,71,73
2023-03-06 21:00:00,0.0,-0.2,5.2,73,70
2023-03-06 22:00:00,0.0,0.2,0.5,72,71
2023-03-06 23:00:00,0.0,-0.5,1.6,75,45
2023-03-07 00:00:00,0.0,-1.2,1.8,77,46
2023-03-07 01:00:00,0.0,-1.5,0.5,79,34
2023-03-07 02:00:00,0.0,-1.8,2.6,81,24
2023-03-07 03:00:00,0.0,-2.2,3.3,82,25
2023-03-07 04:00:00,0.0,-2.7,3.3,83,30
2023-03-07 05:00:00,0.0,-4.2,4.0,87,23
2023-03-07 06:00:00,0.0,-4.9,5.4,88,14
2023-03-07 07:00:00,0.0,-5.5,6.2,90,24
2023-03-07 08:00:00,0.0,-4.1,4.0,90,80
2023-03-07 09:00:00,0.0,-1.4,4.7,79,91
2023-03-07 10:00:00,0.0,0.4,5.1,64,100
2023-03-07 11:00:00,0.0,2.0,5.2,57,100
2023-03-07 12:00:00,0.0,3.6,5.7,51,100
2023-03-07 13:00:00,0.1,3.7,8.2,55,100
2023-03-07 14:00:00,0.2,3.4,5.5,64,100
2023-03-07 15:00:00,0.4,3.5,8.6,71,100
2023-03-07 16:00:00,0.5,2.6,8.4,84,93
2023-03-07 17:00:00,0.2,2.6,7.2,87,75
2023-03-07 18:00:00,0.0,2.5,6.1,86,56
2023-03-07 19:00:00,0.0,1.4,5.8,89,64
2023-03-07 20:00:00,0.0,0.8,8.3,90,54
2023-03-07 21:00:00,0.0,0.1,5.2,91,61
2023-03-07 22:00:00,0.0,-0.9,5.0,92,63
2023-03-07 23:00:00,0.0,-1.3,6.9,89,89
2023-03-08 00:00:00,0.0,-1.2,7.6,89,19
2023-03-08 01:00:00,0.0,-1.2,9.4,88,17
2023-03-08 02:00:00,0.0,-0.6,10.4,89,94
2023-03-08 03:00:00,0.1,-0.2,10.4,89,98
2023-03-08 04:00:00,0.2,0.2,10.5,89,100
2023-03-08 05:00:00,0.1,0.9,10.1,88,100
2023-03-08 06:00:00,0.0,1.8,10.5,88,100
2023-03-08 07:00:00,0.0,3.2,11.2,86,100
2023-03-08 08:00:00,0.0,4.3,10.9,87,100
2023-03-08 09:00:00,0.0,5.4,11.7,87,100
2023-03-08 10:00:00,0.0,6.5,12.4,86,100
2023-03-08 11:00:00,0.0,7.6,16.1,82,99
2023-03-08 12:00:00,0.0,8.3,14.6,79,100
2023-03-08 13:00:00,0.0,8.6,15.2,78,98
2023-03-08 14:00:00,0.0,9.6,22.5,76,88
2023-03-08 15:00:00,0.0,10.5,23.7,72,100
2023-03-08 16:00:00,0.0,10.4,24.3,73,99
2023-03-08 17:00:00,0.0,10.6,21.1,72,100
2023-03-08 18:00:00,0.0,10.2,17.1,73,99
2023-03-08 19:00:00,0.1,9.4,14.6,79,100
2023-03-08 20:00:00,1.2,9.4,14.3,82,100
2023-03-08 21:00:00,0.6,9.7,17.3,81,100
2023-03-08 22:00:00,0.6,9.7,20.6,81,97
2023-03-08 23:00:00,0.4,9.6,21.0,84,77
2023-03-09 00:00:00,0.0,9.5,24.0,81,56
2023-03-09 01:00:00,0.0,8.9,22.9,77,24
2023-03-09 02:00:00,0.0,8.3,21.3,75,26
2023-03-09 03:00:00,0.0,7.6,18.8,75,79
2023-03-09 04:00:00,0.0,6.8,16.5,76,93
2023-03-09 05:00:00,0.0,6.3,16.0,77,90
2023-03-09 06:00:00,0.0,5.5,11.8,80,100
2023-03-09 07:00:00,0.0,5.1,5.9,82,94
2023-03-09 08:00:00,0.0,5.0,5.5,84,39
2023-03-09 09:00:00,0.0,6.7,6.2,78,88
2023-03-09 10:00:00,0.0,8.1,6.7,69,94
2023-03-09 11:00:00,0.0,9.9,9.0,60,56
2023-03-09 12:00:00,0.0,11.3,12.5,60,63
2023-03-09 13:00:00,0.0,12.5,16.8,58,68
2023-03-09 14:00:00,0.0,12.4,15.0,60,96
2023-03-09 15:00:00,0.0,12.3,12.8,60,98
2023-03-09 16:00:00,0.0,12.2,11.5,60,94
2023-03-09 17:00:00,0.0,11.6,10.9,61,98
2023-03-09 18:00:00,0.0,10.8,12.0,64,95
2023-03-09 19:00:00,0.0,9.5,13.8,68,98
2023-03-09 20:00:00,0.0,8.5,14.0,74,99
2023-03-09 21:00:00,0.8,8.1,14.5,79,100
2023-03-09 22:00:00,0.4,7.4,13.8,83,73
2023-03-09 23:00:00,0.0,7.3,14.3,85,41
2023-03-10 00:00:00,0.0,7.0,15.3,84,76
2023-03-10 01:00:00,0.0,7.0,16.5,83,90
2023-03-10 02:00:00,0.0,7.5,18.9,82,77
2023-03-10 03:00:00,0.0,7.7,21.9,79,95
2023-03-10 04:00:00,0.1,8.0,25.3,78,87
2023-03-10 05:00:00,0.1,7.9,29.5,76,48
2023-03-10 06:00:00,0.2,6.4,26.6,73,73
2023-03-10 07:00:00,0.1,5.7,26.2,74,99
2023-03-10 08:00:00,0.2,5.8,26.3,74,95
2023-03-10 09:00:00,0.2,5.6,25.9,75,92
2023-03-10 10:00:00,0.2,6.0,28.1,72,97
2023-03-10 11:00:00,0.1,6.7,29.2,67,97
2023-03-10 12:00:00,0.1,7.3,30.7,63,94
2023-03-10 13:00:00,0.0,8.0,30.6,59,100
2023-03-10 14:00:00,0.0,8.3,32.5,58,93
2023-03-10 15:00:00,0.0,8.2,31.8,58,79
2023-03-10 16:00:00,0.0,8.0,31.3,57,100
2023-03-10 17:00:00,0.0,7.1,27.8,64,100
2023-03-10 18:00:00,0.1,5.9,19.1,73,100
2023-03-10 19:00:00,0.5,4.7,14.4,84,100
2023-03-10 20:00:00,1.1,3.8,8.3,92,100
2023-03-10 21:00:00,1.5,3.7,2.6,95,100
2023-03-10 22:00:00,1.4,3.6,2.1,94,100
2023-03-10 23:00:00,1.7,3.6,5.3,96,100
2023-03-11 00:00:00,1.3,4.1,6.0,95,100
2023-03-11 01:00:00,1.3,5.2,10.3,94,100
2023-03-11 02:00:00,1.5,5.9,16.5,93,100
2023-03-11 03:00:00,1.6,6.8,17.6,91,100
2023-03-11 04:00:00,2.0,7.6,17.3,91,100
2023-03-11 05:00:00,1.8,8.0,18.2,91,100
2023-03-11 06:00:00,1.9,8.1,19.6,92,100
2023-03-11 07:00:00,1.8,8.2,19.4,92,100
2023-03-11 08:00:00,0.9,7.9,17.1,94,100
2023-03-11 09:00:00,0.7,8.2,14.3,94,100
2023-03-11 10:00:00,0.5,8.8,13.6,93,100
2023-03-11 11:00:00,0.6,9.7,14.0,92,100
2023-03-11 12:00:00,0.5,10.4,13.8,91,99
2023-03-11 13:00:00,0.3,11.1,14.7,91,91
2023-03-11 14:00:00,0.5,12.0,17.0,85,78
2023-03-11 15:00:00,0.9,12.2,18.0,84,70
2023-03-11 16:00:00,0.9,11.8,17.9,84,60
2023-03-11 17:00:00,0.9,11.0,18.9,81,71
2023-03-11 18:00:00,0.4,10.2,17.2,82,75
2023-03-11 19:00:00,0.5,9.4,16.9,85,92
2023-03-11 20:00:00,0.1,8.9,14.8,87,95
2023-03-11 21:00:00,0.1,8.5,14.5,88,96
2023-03-11 22:00:00,0.1,8.4,11.0,88,100
2023-03-11 23:00:00,0.0,7.8,10.5,91,87
2023-03-12 00:00:00,0.0,7.7,10.2,91,91
2023-03-12 01:00:00,0.0,7.4,10.9,91,85
2023-03-12 02:00:00,0.2,7.6,12.0,89,84
2023-03-12 03:00:00,0.0,7.5,9.1,89,100
2023-03-12 04:00:00,0.0,7.4,7.2,88,99
2023-03-12 05:00:00,0.0,7.1,7.3,89,93
2023-03-12 06:00:00,0.0,7.0,7.4,88,99
2023-03-12 07:00:00,0.0,6.9,7.1,89,91
2023-03-12 08:00:00,0.0,6.9,7.3,89,87
2023-03-12 09:00:00,0.0,7.8,8.2,81,74
2023-03-12 10:00:00,0.0,8.5,13.2,75,83
2023-03-12 11:00:00,0.0,9.5,11.0,71,74
2023-03-12 12:00:00,0.0,10.5,12.7,63,100
2023-03-12 13:00:00,0.0,11.7,11.0,59,100
2023-03-12 14:00:00,0.0,12.8,7.6,55,98
2023-03-12 15:00:00,0.0,13.6,7.2,53,85
2023-03-12 16:00:00,0.0,13.6,9.6,54,77
2023-03-12 17:00:00,0.0,13.3,11.2,54,60
2023-03-12 18:00:00,0.0,11.9,10.6,59,94
2023-03-12 19:00:00,0.0,9.0,6.6,72,99
2023-03-12 20:00:00,0.0,7.1,5.5,82,100
2023-03-12 21:00:00,0.0,6.1,4.1,86,99
2023-03-12 22:00:00,0.0,6.3,6.1,88,100
2023-03-12 23:00:00,0.0,8.0,5.2,79,98
2023-03-13 00:00:00,0.0,8.1,6.4,80,100
2023-03-13 01:00:00,0.0,7.7,6.9,83,100
2023-03-13 02:00:00,0.0,7.8,6.8,84,100
2023-03-13 03:00:00,0.0,7.8,7.2,86,100
2023-03-13 04:00:00,0.0,7.4,7.6,89,100
2023-03-13 05:00:00,0.0,6.9,8.0,93,100
2023-03-13 06:00:00,0.0,6.5,8.8,95,100
2023-03-13 07:00:00,0.0,6.5,9.2,95,100
2023-03-13 08:00:00,0.0,6.9,10.2,96,97
2023-03-13 09:00:00,0.0,8.7,11.8,87,89
2023-03-13 10:00:00,0.0,12.0,11.7,76,28
2023-03-13 11:00:00,0.0,15.2,13.7,68,49
2023-03-13 12:00:00,0.0,17.9,17.7,54,38
2023-03-13 13:00:00,0.0,19.6,21.2,40,21
2023-03-13 14:00:00,0.1,20.2,23.2,35,26
2023-03-13 15:00:00,0.1,20.0,22.2,34,31
2023-03-13 16:00:00,0.0,18.8,21.3,45,51
2023-03-13 17:00:00,0.0,17.7,16.2,51,70
2023-03-13 18:00:00,2.5,13.3,9.4,68,85
2023-03-13 19:00:00,2.2,11.4,7.2,74,98
2023-03-13 20:00:00,3.7,9.6,5.3,77,100
2023-03-13 21:00:00,3.9,8.6,12.3,78,98
2023-03-13 22:00:00,2.4,7.3,18.4,74,97
2023-03-13 23:00:00,0.4,6.4,14.1,76,97
2023-03-14 00:00:00,0.0,6.1,16.3,78,99
2023-03-14 01:00:00,0.0,5.7,18.7,79,98
2023-03-14 02:00:00,0.0,6.0,20.4,78,95
2023-03-14 03:00:00,0.0,6.1,20.1,78,91
2023-03-14 04:00:00,0.2,5.8,17.3,79,100
2023-03-14 05:00:00,0.4,5.5,18.6,82,98
2023-03-14 06:00:00,0.3,5.6,18.2,85,98
2023-03-14 07:00:00,0.4,5.8,18.8,86,98
2023-03-14 08:00:00,0.6,5.4,24.3,85,99
2023-03-14 09:00:00,0.3,5.0,25.1,80,93
2023-03-14 10:00:00,0.1,4.9,23.6,78,86
2023-03-14 11:00:00,0.1,5.8,25.2,69,59
2023-03-14 12:00:00,0.1,6.2,25.1,62,51
2023-03-14 13:00:00,0.0,6.5,25.5,55,50
2023-03-14 14:00:00,0.0,7.2,27.0,53,38
2023-03-14 15:00:00,0.2,7.2,24.5,53,45
2023-03-14 16:00:00,0.5,6.3,23.0,61,46
2023-03-14 17:00:00,0.2,6.0,20.8,69,42
2023-03-14 18:00:00,0.4,5.6,15.0,72,52
2023-03-14 19:00:00,0.2,4.1,16.1,80,40
2023-03-14 20:00:00,0.3,3.7,15.3,81,41
2023-03-14 21:00:00,0.1,3.3,15.2,84,59
2023-03-14 22:00:00,0.2,3.1,15.4,84,65
2023-03-14 23:00:00,0.1,3.0,15.0,86,73
2023-03-15 00:00:00,0.1,2.6,13.5,88,62
2023-03-15 01:00:00,0.1,2.4,10.3,88,34
2023-03-15 02:00:00,0.0,1.9,7.4,89,31
2023-03-15 03:00:00,0.0,1.9,6.1,89,52
2023-03-15 04:00:00,0.0,1.9,8.1,89,79
2023-03-15 05:00:00,0.0,1.4,8.9,91,55
2023-03-15 06:00:00,0.0,0.1,8.0,94,97
2023-03-15 07:00:00,0.0,-0.4,7.1,95,98
2023-03-15 08:00:00,0.0,0.4,3.1,94,40
2023-03-15 09:00:00,0.0,2.3,3.7,79,4
2023-03-15 10:00:00,0.0,3.9,4.2,72,28
2023-03-15 11:00:00,0.0,5.4,3.8,49,4
2023-03-15 12:00:00,0.0,6.7,6.8,43,0
2023-03-15 13:00:00,0.0,7.7,7.9,41,0
2023-03-15 14:00:00,0.0,8.5,9.0,37,0
2023-03-15 15:00:00,0.0,9.0,10.3,36,4
2023-03-15 16:00:00,0.0,9.4,8.1,36,0
2023-03-15 17:00:00,0.0,9.2,9.4,35,0
2023-03-15 18:00:00,0.0,8.3,8.3,39,7
2023-03-15 19:00:00,0.0,5.1,6.5,53,53
2023-03-15 20:00:00,0.0,4.0,6.2,57,69
2023-03-15 21:00:00,0.0,2.9,5.6,62,48
2023-03-15 22:00:00,0.0,1.6,5.2,68,19
2023-03-15 23:00:00,0.0,0.2,5.7,75,21
2023-03-16 00:00:00,0.0,-1.3,6.3,82,23
2023-03-16 01:00:00,0.0,-1.5,6.7,82,8
2023-03-16 02:00:00,0.0,-1.8,7.3,82,13
2023-03-16 03:00:00,0.0,-1.9,6.8,81,25
2023-03-16 04:00:00,0.0,-2.0,6.8,81,53
2023-03-16 05:00:00,0.0,-2.0,6.9,80,85
2023-03-16 06:00:00,0.0,-2.2,7.1,80,95
2023-03-16 07:00:00,0.0,-2.2,6.6,80,92
2023-03-16 08:00:00,0.0,-0.2,8.5,75,83
2023-03-16 09:00:00,0.0,3.7,8.7,61,84
2023-03-16 10:00:00,0.0,7.7,9.8,51,66
2023-03-16 11:00:00,0.0,10.0,10.0,44,58
2023-03-16 12:00:00,0.0,12.9,10.8,39,53
2023-03-16 13:00:00,0.0,15.1,12.6,35,61
2023-03-16 14:00:00,0.0,16.6,13.8,31,91
2023-03-16 15:00:00,0.0,17.3,15.2,29,98
2023-03-16 16:00:00,0.0,17.0,15.8,28,76
2023-03-16 17:00:00,0.0,16.0,14.8,30,25
2023-03-16 18:00:00,0.0,13.8,14.6,34,11
2023-03-16 19:00:00,0.0,11.2,14.9,40,24
2023-03-16 20:00:00,0.0,9.4,15.9,45,55
2023-03-16 21:00:00,0.0,8.3,16.7,47,100
2023-03-16 22:00:00,0.0,7.5,17.4,46,100
2023-03-16 23:00:00,0.0,7.4,17.7,43,100
2023-03-17 00:00:00,0.0,7.0,18.0,44,90
2023-03-17 01:00:00,0.0,6.5,18.4,48,89
2023-03-17 02:00:00,0.0,6.0,18.4,56,85
2023-03-17 03:00:00,0.0,5.9,18.7,65,83
2023-03-17 04:00:00,0.0,6.2,19.5,70,92
2023-03-17 05:00:00,0.0,6.4,20.2,71,95
2023-03-17 06:00:00,0.0,6.4,20.5,72,95
2023-03-17 07:00:00,0.0,6.5,20.5,72,74
2023-03-17 08:00:00,0.0,7.2,22.0,70,76
2023-03-17 09:00:00,0.0,7.6,22.7,66,71
2023-03-17 10:00:00,0.0,9.0,23.4,60,59
2023-03-17 11:00:00,0.0,10.2,20.5,53,56
2023-03-17 12:00:00,0.0,11.4,19.5,49,74
2023-03-17 13:00:00,0.0,12.0,19.8,47,81
2023-03-17 14:00:00,0.0,12.4,20.9,47,100
2023-03-17 15:00:00,0.0,12.3,20.9,47,100
2023-03-17 16:00:00,0.0,11.9,19.4,48,99
2023-03-17 17:00:00,0.0,11.1,17.3,48,96
2023-03-17 18:00:00,0.0,10.3,15.9,50,45
2023-03-17 19:00:00,0.0,9.0,14.9,53,18
2023-03-17 20:00:00,0.0,7.7,14.1,58,27
2023-03-17 21:00:00,0.0,6.6,13.7,61,34
2023-03-17 22:00:00,0.0,5.7,13.7,63,17
2023-03-17 23:00:00,0.0,5.4,13.3,64,4
2023-03-18 00:00:00,0.0,4.9,13.7,65,6
2023-03-18 01:00:00,0.0,4.6,13.3,65,16
2023-03-18 02:00:00,0.0,4.5,11.9,65,42
2023-03-18 03:00:00,0.2,3.9,11.5,68,66
2023-03-18 04:00:00,0.2,3.5,10.4,71,77
2023-03-18 05:00:00,0.3,3.4,9.0,73,89
2023-03-18 06:00:00,0.3,3.0,8.6,76,71
2023-03-18 07:00:00,0.1,2.7,9.1,79,71
2023-03-18 08:00:00,0.0,3.5,9.8,78,59
2023-03-18 09:00:00,0.0,5.3,9.4,71,59
2023-03-18 10:00:00,0.0,7.0,10.5,64,80
2023-03-18 11:00:00,0.0,9.2,10.9,52,67
2023-03-18 12:00:00,0.0,10.2,10.7,53,58
2023-03-18 13:00:00,0.0,11.0,10.8,53,59
2023-03-18 14:00:00,0.0,12.2,11.6,50,88
2023-03-18 15:00:00,0.0,11.9,12.2,53,88
2023-03-18 16:00:00,0.6,11.0,9.7,59,66
2023-03-18 17:00:00,0.3,10.6,7.5,61,51
2023-03-18 18:00:00,0.0,10.3,5.9,62,50
2023-03-18 19:00:00,0.0,9.1,7.6,65,37
2023-03-18 20:00:00,0.0,7.9,6.9,71,45
2023-03-18 21:00:00,0.0,7.6,6.8,72,64
2023-03-18 22:00:00,0.0,7.1,6.4,75,81
2023-03-18 23:00:00,0.1,6.2,8.7,83,71
2023-03-19 00:00:00,0.2,6.1,7.0,84,71
2023-03-19 01:00:00,0.4,5.9,8.0,85,72
2023-03-19 02:00:00,0.4,5.7,6.2,87,89
2023-03-19 03:00:00,0.2,5.8,5.7,89,97
2023-03-19 04:00:00,0.2,5.9,5.5,89,98
2023-03-19 05:00:00,0.2,6.1,4.7,90,84
2023-03-19 06:00:00,0.2,5.9,3.9,91,90
2023-03-19 07:00:00,0.1,5.7,3.9,92,84
2023-03-19 08:00:00,0.1,6.2,4.6,92,82
2023-03-19 09:00:00,0.1,7.0,5.1,88,82
2023-03-19 10:00:00,0.1,7.7,5.9,87,88
2023-03-19 11:00:00,0.1,9.4,7.9,84,61
2023-03-19 12:00:00,0.2,10.1,10.8,80,70
2023-03-19 13:00:00,0.2,10.2,11.1,77,87
2023-03-19 14:00:00,0.4,10.2,12.1,76,80
2023-03-19 15:00:00,0.1,10.6,13.0,72,78
2023-03-19 16:00:00,0.1,10.7,15.3,67,61
2023-03-19 17:00:00,0.4,10.1,15.4,66,40
2023-03-19 18:00:00,0.1,9.0,12.2,68,41
2023-03-19 19:00:00,0.1,8.0,10.6,73,65
2023-03-19 20:00:00,0.4,6.8,11.0,79,66
2023-03-19 21:00:00,0.4,5.9,11.2,83,86
2023-03-19 22:00:00,0.4,5.2,10.1,87,71
2023-03-19 23:00:00,0.2,4.4,8.9,92,74
2023-03-20 00:00:00,0.2,4.2,7.0,92,64
2023-03-20 01:00:00,0.1,3.7,6.4,94,48
2023-03-20 02:00:00,0.0,3.4,6.6,95,34
2023-03-20 03:00:00,0.0,3.1,5.7,95,25
2023-03-20 04:00:00,0.0,2.8,6.4,96,25
2023-03-20 05:00:00,0.0,2.0,6.1,98,13
2023-03-20 06:00:00,0.0,1.7,7.7,98,14
2023-03-20 07:00:00,0.0,1.6,7.9,95,36
2023-03-20 08:00:00,0.0,1.8,6.7,96,69
2023-03-20 09:00:00,0.0,3.2,7.3,79,88
2023-03-20 10:00:00,0.0,4.5,6.5,75,99
2023-03-20 11:00:00,0.0,5.6,5.0,72,100
2023-03-20 12:00:00,0.0,6.7,4.8,66,100
2023-03-20 13:00:00,0.0,7.9,5.6,62,99
2023-03-20 14:00:00,0.0,8.9,5.9,58,99
2023-03-20 15:00:00,0.0,9.7,5.1,56,99
2023-03-20 16:00:00,0.0,10.2,4.3,55,98
2023-03-20 17:00:00,0.0,10.1,4.6,54,97
2023-03-20 18:00:00,0.0,9.3,4.3,57,97
2023-03-20 19:00:00,0.0,8.4,4.5,57,99
2023-03-20 20:00:00,0.0,6.2,4.3,68,100
2023-03-20 21:00:00,0.0,4.5,4.6,76,97
2023-03-20 22:00:00,0.0,2.5,5.1,84,96
2023-03-20 23:00:00,0.0,2.1,7.0,86,94
2023-03-21 00:00:00,0.0,0.6,7.6,91,94
2023-03-21 01:00:00,0.0,0.4,8.4,91,93
2023-03-21 02:00:00,0.0,-0.1,8.3,92,87
2023-03-21 03:00:00,0.0,-0.8,7.9,94,85
2023-03-21 04:00:00,0.0,-1.3,7.3,95,93
2023-03-21 05:00:00,0.0,-1.4,7.2,96,96
2023-03-21 06:00:00,0.0,-1.6,6.8,97,91
2023-03-21 07:00:00,0.0,-1.8,6.3,97,94
2023-03-21 08:00:00,0.0,0.4,6.0,94,99
2023-03-21 09:00:00,0.0,3.8,3.2,84,98
2023-03-21 10:00:00,0.0,7.4,2.3,71,97
2023-03-21 11:00:00,0.0,9.8,1.6,59,99
2023-03-21 12:00:00,0.0,11.6,1.1,50,95
2023-03-21 13:00:00,0.0,12.6,3.8,46,97
2023-03-21 14:00:00,0.0,13.4,3.7,43,100
2023-03-21 15:00:00,0.0,13.5,5.7,42,99
2023-03-21 16:00:00,0.0,13.7,7.2,42,100
2023-03-21 17:00:00,0.0,13.1,7.1,44,100
2023-03-21 18:00:00,0.0,12.2,4.3,47,99
2023-03-21 19:00:00,0.0,9.9,6.0,59,97
2023-03-21 20:00:00,0.0,9.5,4.2,58,79
2023-03-21 21:00:00,0.0,7.8,5.1,63,0
2023-03-21 22:00:00,0.0,4.3,3.9,78,0
2023-03-21 23:00:00,0.0,5.9,4.4,71,0
2023-03-22 00:00:00,0.0,3.9,4.4,77,0
2023-03-22 01:00:00,0.0,2.3,4.5,82,0
2023-03-22 02:00:00,0.0,0.6,6.3,88,0
2023-03-22 03:00:00,0.0,-0.8,6.0,92,9
2023-03-22 04:00:00,0.0,-0.6,8.4,92,6
2023-03-22 05:00:00,0.0,-0.4,9.1,91,70
2023-03-22 06:00:00,0.0,-0.9,8.5,91,75
2023-03-22 07:00:00,0.0,-1.3,7.6,91,5
2023-03-22 08:00:00,0.0,1.9,7.2,87,0
2023-03-22 09:00:00,0.0,5.4,5.0,76,3
2023-03-22 10:00:00,0.0,9.3,5.5,65,95
2023-03-22 11:00:00,0.0,13.0,7.1,49,95
2023-03-22 12:00:00,0.0,15.3,8.0,38,91
2023-03-22 13:00:00,0.0,16.3,10.0,33,96
2023-03-22 14:00:00,0.0,17.0,11.0,31,98
2023-03-22 15:00:00,0.0,17.4,10.2,28,100
2023-03-22 16:00:00,0.0,17.4,10.7,27,99
2023-03-22 17:00:00,0.0,16.9,8.2,27,100
2023-03-22 18:00:00,0.0,15.4,5.8,34,100
2023-03-22 19:00:00,0.0,12.1,9.2,44,100
2023-03-22 20:00:00,0.0,11.4,8.4,47,100
2023-03-22 21:00:00,0.0,11.2,7.7,50,100
2023-03-22 22:00:00,0.3,10.9,7.6,50,100
2023-03-22 23:00:00,0.2,10.5,7.3,55,100
2023-03-23 00:00:00,0.0,10.2,7.2,59,79
2023-03-23 01:00:00,0.0,9.6,7.2,63,68
2023-03-23 02:00:00,0.0,9.0,7.2,67,92
2023-03-23 03:00:00,0.0,8.8,7.7,69,89
2023-03-23 04:00:00,0.0,8.2,8.1,71,97
2023-03-23 05:00:00,0.0,7.7,7.4,74,100
2023-03-23 06:00:00,0.0,7.8,8.1,74,99
2023-03-23 07:00:00,0.0,7.8,8.7,72,100
2023-03-23 08:00:00,0.2,8.1,8.3,72,100
2023-03-23 09:00:00,0.2,9.9,8.8,66,100
2023-03-23 10:00:00,0.2,11.1,8.7,63,100
2023-03-23 11:00:00,0.4,12.6,8.7,62,99
2023-03-23 12:00:00,0.1,14.0,8.3,56,100
2023-03-23 13:00:00,0.0,15.3,9.2,49,100
2023-03-23 14:00:00,0.0,16.2,10.7,42,100
2023-03-23 15:00:00,0.0,17.1,12.6,40,97
2023-03-23 16:00:00,0.0,17.6,12.0,38,100
2023-03-23 17:00:00,0.0,17.1,8.8,39,97
2023-03-23 18:00:00,0.0,15.6,9.0,45,100
2023-03-23 19:00:00,0.0,14.1,10.9,49,100
2023-03-23 20:00:00,0.0,12.9,12.0,57,100
2023-03-23 21:00:00,0.0,11.9,12.3,64,100
2023-03-23 22:00:00,0.0,11.2,12.4,67,97
2023-03-23 23:00:00,0.0,11.1,13.1,67,98
2023-03-24 00:00:00,0.0,10.8,13.5,67,99
2023-03-24 01:00:00,0.0,10.1,12.8,71,99
2023-03-24 02:00:00,0.0,9.5,11.3,73,100
2023-03-24 03:00:00,0.0,8.9,9.4,75,89
2023-03-24 04:00:00,0.0,8.6,8.7,77,97
2023-03-24 05:00:00,0.0,8.3,10.0,79,96
2023-03-24 06:00:00,0.0,8.0,10.1,81,68
2023-03-24 07:00:00,0.0,8.0,9.8,82,81
2023-03-24 08:00:00,0.0,9.1,10.5,78,66
2023-03-24 09:00:00,0.0,10.4,10.4,73,48
2023-03-24 10:00:00,0.0,11.3,10.2,70,75
2023-03-24 11:00:00,0.1,13.0,12.4,61,73
2023-03-24 12:00:00,0.4,12.3,14.5,66,94
2023-03-24 13:00:00,0.9,10.7,18.4,74,88
2023-03-24 14:00:00,0.7,9.8,15.9,77,94
2023-03-24 15:00:00,0.5,9.0,16.1,75,61
2023-03-24 16:00:00,0.2,9.6,17.2,67,40
2023-03-24 17:00:00,0.0,9.1,19.2,68,56
2023-03-24 18:00:00,0.0,9.1,17.3,64,70
2023-03-24 19:00:00,0.0,8.2,15.8,67,38
2023-03-24 20:00:00,0.0,7.2,15.3,74,27
2023-03-24 21:00:00,0.0,6.7,15.0,79,29
2023-03-24 22:00:00,0.0,6.7,14.7,81,36
2023-03-24 23:00:00,0.0,6.8,13.9,76,66
2023-03-25 00:00:00,0.0,6.5,14.8,76,78
2023-03-25 01:00:00,0.0,6.0,15.0,76,84
2023-03-25 02:00:00,0.0,5.6,13.6,77,83
2023-03-25 03:00:00,0.0,5.2,12.4,80,84
2023-03-25 04:00:00,0.0,5.2,13.2,80,83
2023-03-25 05:00:00,0.0,5.4,13.0,78,89
2023-03-25 06:00:00,0.0,4.9,13.2,79,97
2023-03-25 07:00:00,0.0,4.8,14.0,79,86
2023-03-25 08:00:00,0.0,5.5,16.3,76,87
2023-03-25 09:00:00,0.1,6.5,21.5,69,73
2023-03-25 10:00:00,0.1,8.2,20.0,63,71
2023-03-25 11:00:00,0.1,9.2,18.9,56,78
2023-03-25 12:00:00,0.0,10.0,21.4,54,80
2023-03-25 13:00:00,0.0,10.2,21.4,53,97
2023-03-25 14:00:00,0.0,11.0,19.9,50,99
2023-03-25 15:00:00,0.0,10.9,17.7,50,100
2023-03-25 16:00:00,0.0,10.9,15.6,48,99
2023-03-25 17:00:00,0.0,10.6,12.1,47,98
2023-03-25 18:00:00,0.0,10.0,9.3,46,100
2023-03-25 19:00:00,0.0,8.9,7.2,53,100
2023-03-25 20:00:00,0.0,7.5,4.7,64,99
2023-03-25 21:00:00,0.0,7.0,5.8,68,100
2023-03-25 22:00:00,0.2,7.4,5.4,69,99
2023-03-25 23:00:00,0.6,6.8,7.4,72,83
2023-03-26 00:00:00,0.4,6.8,8.7,76,93
2023-03-26 01:00:00,0.1,6.3,11.7,79,94
2023-03-26 02:00:00,0.0,6.5,11.9,80,94
2023-03-26 03:00:00,0.0,6.7,10.1,78,90
2023-03-26 04:00:00,0.1,7.1,10.2,75,91
2023-03-26 05:00:00,0.3,7.4,12.3,75,83
2023-03-26 06:00:00,0.0,7.7,15.2,78,80
2023-03-26 07:00:00,0.0,7.2,18.5,76,60
2023-03-26 08:00:00,0.0,6.7,16.4,74,71
2023-03-26 09:00:00,0.0,6.8,15.9,70,40
2023-03-26 10:00:00,0.1,7.2,23.9,63,55
2023-03-26 11:00:00,0.2,7.7,26.6,60,46
2023-03-26 12:00:00,0.1,7.2,25.5,63,51
2023-03-26 13:00:00,0.0,7.2,25.3,63,55
2023-03-26 14:00:00,0.0,8.2,23.4,58,84
2023-03-26 15:00:00,0.0,7.6,25.5,62,89
2023-03-26 16:00:00,0.3,7.3,17.4,66,86
2023-03-26 17:00:00,0.7,6.4,17.0,72,98
2023-03-26 18:00:00,1.3,4.7,14.8,84,89
2023-03-26 19:00:00,0.6,4.6,12.9,87,94
2023-03-26 20:00:00,0.5,4.4,15.9,87,85
2023-03-26 21:00:00,0.8,3.6,20.5,92,98
2023-03-26 22:00:00,1.2,3.0,21.7,96,99
2023-03-26 23:00:00,0.7,3.0,21.8,95,100
2023-03-27 00:00:00,0.3,3.2,20.2,94,100
2023-03-27 01:00:00,0.3,3.4,17.4,93,100
2023-03-27 02:00:00,0.2,3.2,15.7,92,100
2023-03-27 03:00:00,0.2,3.0,15.3,95,96
2023-03-27 04:00:00,0.2,2.9,15.8,95,99
2023-03-27 05:00:00,0.1,2.8,16.1,95,100
2023-03-27 06:00:00,0.2,2.6,16.3,96,100
2023-03-27 07:00:00,0.1,2.5,16.9,96,100
2023-03-27 08:00:00,0.2,2.4,16.8,95,100
2023-03-27 09:00:00,0.2,2.4,17.6,92,100
2023-03-27 10:00:00,0.2,2.3,18.9,90,96
2023-03-27 11:00:00,0.1,2.5,16.2,81,82
2023-03-27 12:00:00,0.1,3.2,18.0,69,67
2023-03-27 13:00:00,0.0,3.6,18.4,65,99
2023-03-27 14:00:00,0.0,3.7,18.1,65,99
2023-03-27 15:00:00,0.0,3.8,16.9,63,99
2023-03-27 16:00:00,0.0,3.9,16.6,61,78
2023-03-27 17:00:00,0.0,3.6,16.2,62,93
2023-03-27 18:00:00,0.0,2.9,14.9,63,76
2023-03-27 19:00:00,0.0,2.3,11.9,63,74
2023-03-27 20:00:00,0.0,1.4,9.4,69,71
2023-03-27 21:00:00,0.0,0.2,6.8,75,57
2023-03-27 22:00:00,0.0,-1.4,5.5,83,33
2023-03-27 23:00:00,0.0,-1.7,4.7,85,20
2023-03-28 00:00:00,0.0,-2.9,5.4,87,15
2023-03-28 01:00:00,0.0,-3.1,1.5,87,1
2023-03-28 02:00:00,0.0,-2.6,0.0,85,3
2023-03-28 03:00:00,0.0,-2.4,0.5,84,3
2023-03-28 04:00:00,0.0,-3.1,0.4,87,9
2023-03-28 05:00:00,0.0,-4.2,1.8,90,80
2023-03-28 06:00:00,0.0,-5.3,4.3,92,95
2023-03-28 07:00:00,0.0,-4.0,4.7,90,94
2023-03-28 08:00:00,0.0,-0.9,5.8,81,88
2023-03-28 09:00:00,0.0,1.2,6.9,67,25
2023-03-28 10:00:00,0.0,3.5,6.6,56,83
2023-03-28 11:00:00,0.0,5.2,7.6,53,65
2023-03-28 12:00:00,0.0,7.2,7.7,45,67
2023-03-28 13:00:00,0.0,9.3,8.2,40,56
2023-03-28 14:00:00,0.0,11.3,7.1,34,93
2023-03-28 15:00:00,0.0,12.9,7.4,30,89
2023-03-28 16:00:00,0.0,13.6,8.0,27,74
2023-03-28 17:00:00,0.0,13.9,8.0,27,98
2023-03-28 18:00:00,0.0,12.9,5.2,34,97
2023-03-28 19:00:00,0.0,10.2,9.0,38,99
2023-03-28 20:00:00,0.0,7.9,9.0,44,73
2023-03-28 21:00:00,0.0,6.0,6.9,51,91
2023-03-28 22:00:00,0.0,5.1,7.3,54,96
2023-03-28 23:00:00,0.0,5.2,8.0,54,52
2023-03-29 00:00:00,0.0,4.6,7.2,59,79
2023-03-29 01:00:00,0.0,4.1,7.9,62,62
2023-03-29 02:00:00,0.0,3.7,7.9,65,71
2023-03-29 03:00:00,0.0,3.7,7.2,67,64
2023-03-29 04:00:00,0.0,3.2,6.3,70,100
2023-03-29 05:00:00,0.0,3.3,6.6,71,100
2023-03-29 06:00:00,0.0,3.4,6.8,72,100
2023-03-29 07:00:00,0.0,3.6,7.1,71,100
2023-03-29 08:00:00,0.0,5.3,8.4,66,100
2023-03-29 09:00:00,0.0,8.6,7.9,58,100
2023-03-29 10:00:00,0.0,12.6,7.2,48,100
2023-03-29 11:00:00,0.0,16.2,8.7,41,100
2023-03-29 12:00:00,0.0,18.5,10.2,35,100
2023-03-29 13:00:00,0.0,20.0,13.4,32,99
2023-03-29 14:00:00,0.0,20.8,13.8,29,100
2023-03-29 15:00:00,0.0,21.2,12.8,27,98
2023-03-29 16:00:00,0.0,21.2,11.2,27,96
2023-03-29 17:00:00,0.0,20.6,8.4,31,91
2023-03-29 18:00:00,0.0,18.9,6.9,45,99
2023-03-29 19:00:00,0.0,16.6,8.1,43,93
2023-03-29 20:00:00,0.0,14.0,9.4,50,95
2023-03-29 21:00:00,0.0,13.4,9.5,52,98
2023-03-29 22:00:00,0.0,12.8,12.0,55,100
2023-03-29 23:00:00,0.0,12.5,10.5,59,99
2023-03-30 00:00:00,0.0,12.2,11.2,63,72
2023-03-30 01:00:00,0.0,11.7,12.1,63,51
2023-03-30 02:00:00,0.0,11.1,14.2,62,54
2023-03-30 03:00:00,0.0,10.7,15.2,61,79
2023-03-30 04:00:00,0.1,10.0,13.0,62,46
2023-03-30 05:00:00,0.1,9.0,8.2,67,91
2023-03-30 06:00:00,0.1,9.2,7.1,64,95
2023-03-30 07:00:00,0.0,7.5,6.5,74,62
2023-03-30 08:00:00,0.0,9.7,8.4,69,20
2023-03-30 09:00:00,0.0,11.6,7.8,63,24
2023-03-30 10:00:00,0.0,12.7,11.5,59,70
2023-03-30 11:00:00,0.0,13.6,13.0,50,84
2023-03-30 12:00:00,0.0,13.1,14.6,51,85
2023-03-30 13:00:00,0.0,13.1,17.8,48,71
2023-03-30 14:00:00,0.0,13.6,18.6,46,86
2023-03-30 15:00:00,0.0,13.6,17.2,45,95
2023-03-30 16:00:00,0.0,13.9,17.8,45,96
2023-03-30 17:00:00,0.0,13.8,16.2,46,91
2023-03-30 18:00:00,0.0,13.5,12.6,45,69
2023-03-30 19:00:00,0.0,12.3,8.2,49,100
2023-03-30 20:00:00,0.0,10.4,7.1,58,94
2023-03-30 21:00:00,0.0,9.8,6.8,62,95
2023-03-30 22:00:00,0.0,9.6,7.2,65,67
2023-03-30 23:00:00,0.0,8.3,6.9,73,57
2023-03-31 00:00:00,0.0,8.4,8.0,72,98
2023-03-31 01:00:00,0.0,9.2,11.5,67,96
2023-03-31 02:00:00,0.0,9.8,13.0,65,93
2023-03-31 03:00:00,0.0,10.6,12.7,64,34
2023-03-31 04:00:00,0.0,11.6,15.0,62,31
2023-03-31 05:00:00,0.0,11.8,17.8,64,26
2023-03-31 06:00:00,0.0,11.1,20.5,64,70
2023-03-31 07:00:00,0.0,10.4,21.1,61,77
2023-03-31 08:00:00,0.0,9.9,22.2,57,78
2023-03-31 09:00:00,0.0,10.4,21.6,53,35
2023-03-31 10:00:00,0.0,11.0,27.9,49,49
2023-03-31 11:00:00,0.0,10.7,27.1,54,34
2023-03-31 12:00:00,0.1,10.1,31.4,60,47
2023-03-31 13:00:00,0.1,10.6,31.7,57,36
2023-03-31 14:00:00,0.0,10.3,29.7,57,66
2023-03-31 15:00:00,0.4,9.7,27.8,62,50
2023-03-31 16:00:00,0.2,8.8,24.7,64,91
2023-03-31 17:00:00,0.1,8.1,28.3,66,95
2023-03-31 18:00:00,0.1,7.1,23.7,71,73
2023-03-31 19:00:00,0.1,6.3,21.1,75,50
2023-03-31 20:00:00,0.0,5.8,21.3,76,57
2023-03-31 21:00:00,0.1,6.0,20.6,73,72
2023-03-31 22:00:00,0.0,5.8,19.9,73,81
2023-03-31 23:00:00,0.0,6.0,19.1,76,47
2023-04-01 00:00:00,0.0,5.9,17.7,75,59
2023-04-01 01:00:00,0.0,5.6,16.5,77,89
2023-04-01 02:00:00,0.0,5.4,16.2,78,100
2023-04-01 03:00:00,0.0,5.5,16.5,78,99
2023-04-01 04:00:00,0.0,5.3,16.3,80,99
2023-04-01 05:00:00,0.0,5.3,16.2,80,93
2023-04-01 06:00:00,0.0,5.1,15.1,82,96
2023-04-01 07:00:00,0.0,5.0,15.1,82,94
2023-04-01 08:00:00,0.4,5.5,12.3,79,89
2023-04-01 09:00:00,0.1,6.0,16.2,76,88
2023-04-01 10:00:00,0.1,6.9,16.6,74,93
2023-04-01 11:00:00,0.2,7.3,14.4,80,89
2023-04-01 12:00:00,0.3,7.8,14.2,78,88
2023-04-01 13:00:00,0.5,7.6,14.3,73,89
2023-04-01 14:00:00,0.9,7.2,16.6,75,86
2023-04-01 15:00:00,0.1,7.0,18.8,73,72
2023-04-01 16:00:00,0.1,6.8,21.0,72,86
2023-04-01 17:00:00,0.3,6.1,19.5,72,70
2023-04-01 18:00:00,0.6,5.4,18.5,75,83
2023-04-01 19:00:00,0.3,4.3,15.3,81,92
2023-04-01 20:00:00,0.3,3.4,13.1,90,95
2023-04-01 21:00:00,0.4,3.1,11.9,95,100
2023-04-01 22:00:00,0.6,3.0,10.2,97,100
2023-04-01 23:00:00,0.7,2.7,11.0,98,100
2023-04-02 00:00:00,0.3,2.7,13.4,96,95
2023-04-02 01:00:00,0.3,3.1,15.3,93,98
2023-04-02 02:00:00,0.4,3.4,15.3,95,99
2023-04-02 03:00:00,0.2,3.6,14.8,95,100
2023-04-02 04:00:00,0.1,3.6,13.1,96,100
2023-04-02 05:00:00,0.2,3.7,13.2,95,100
2023-04-02 06:00:00,0.2,3.8,14.3,95,100
2023-04-02 07:00:00,0.2,3.8,15.4,95,100
2023-04-02 08:00:00,0.5,4.1,17.1,96,99
2023-04-02 09:00:00,0.3,4.7,16.1,96,100
2023-04-02 10:00:00,0.2,5.4,14.8,94,100
2023-04-02 11:00:00,0.3,4.8,14.1,87,99
2023-04-02 12:00:00,0.4,4.6,17.1,81,92
2023-04-02 13:00:00,0.3,5.2,18.9,82,99
2023-04-02 14:00:00,0.5,5.0,18.0,84,98
2023-04-02 15:00:00,0.5,4.5,19.9,87,93
2023-04-02 16:00:00,0.5,4.5,17.0,88,100
2023-04-02 17:00:00,0.4,4.4,19.5,90,100
2023-04-02 18:00:00,0.3,4.1,20.0,93,100
2023-04-02 19:00:00,0.3,3.9,20.0,95,100
2023-04-02 20:00:00,0.4,3.8,18.2,95,100
2023-04-02 21:00:00,0.5,3.7,17.4,96,100
2023-04-02 22:00:00,0.5,3.6,16.9,96,100
2023-04-02 23:00:00,0.3,3.5,16.2,96,100
2023-04-03 00:00:00,0.2,3.2,15.6,96,100
2023-04-03 01:00:00,0.2,3.0,14.2,97,100
2023-04-03 02:00:00,0.1,2.8,14.8,97,100
2023-04-03 03:00:00,0.2,2.6,15.4,98,100
2023-04-03 04:00:00,0.1,2.5,15.8,98,100
2023-04-03 05:00:00,0.1,2.5,16.1,97,100
2023-04-03 06:00:00,0.1,2.6,14.6,97,100
2023-04-03 07:00:00,0.1,2.5,16.4,97,100
2023-04-03 08:00:00,0.0,2.8,16.5,97,100
2023-04-03 09:00:00,0.0,3.2,16.7,93,100
2023-04-03 10:00:00,0.1,3.3,17.0,96,100
2023-04-03 11:00:00,0.3,3.4,16.6,97,99
2023-04-03 12:00:00,0.3,4.5,16.0,87,83
2023-04-03 13:00:00,0.2,5.0,16.0,82,92
2023-04-03 14:00:00,0.2,5.2,17.3,81,79
2023-04-03 15:00:00,0.1,5.5,19.5,78,68
2023-04-03 16:00:00,0.0,5.4,21.7,79,57
2023-04-03 17:00:00,0.0,5.4,19.6,78,56
2023-04-03 18:00:00,0.0,4.8,16.3,79,80
2023-04-03 19:00:00,0.0,3.7,15.5,81,74
2023-04-03 20:00:00,0.0,2.9,14.8,81,59
2023-04-03 21:00:00,0.0,2.5,14.0,78,62
2023-04-03 22:00:00,0.0,1.8,13.4,76,44
2023-04-03 23:00:00,0.0,1.3,10.5,81,26
2023-04-04 00:00:00,0.0,0.3,10.1,81,30
2023-04-04 01:00:00,0.0,-0.9,10.1,84,25
2023-04-04 02:00:00,0.0,-1.9,9.4,87,15
2023-04-04 03:00:00,0.0,-2.9,8.6,89,14
2023-04-04 04:00:00,0.0,-3.6,8.6,90,7
2023-04-04 05:00:00,0.0,-4.2,8.4,91,5
2023-04-04 06:00:00,0.0,-4.6,9.2,91,20
2023-04-04 07:00:00,0.0,-4.3,9.9,91,19
2023-04-04 08:00:00,0.0,-2.1,12.1,81,12
2023-04-04 09:00:00,0.0,-0.3,12.6,71,10
2023-04-04 10:00:00,0.0,1.3,13.0,63,6
2023-04-04 11:00:00,0.0,2.9,13.4,56,1
2023-04-04 12:00:00,0.0,4.6,15.9,50,1
2023-04-04 13:00:00,0.0,6.0,17.3,45,0
2023-04-04 14:00:00,0.0,7.1,18.7,43,1
2023-04-04 15:00:00,0.0,7.6,19.1,42,2
2023-04-04 16:00:00,0.0,7.7,18.7,43,0
2023-04-04 17:00:00,0.0,7.5,18.0,43,1
2023-04-04 18:00:00,0.0,6.6,16.2,43,0
2023-04-04 19:00:00,0.0,5.1,12.7,49,0
2023-04-04 20:00:00,0.0,3.0,11.0,56,0
2023-04-04 21:00:00,0.0,1.6,9.3,63,2
2023-04-04 22:00:00,0.0,0.2,8.4,70,0
2023-04-04 23:00:00,0.0,-0.8,8.8,77,0
2023-04-05 00:00:00,0.0,-1.8,7.2,81,0
2023-04-05 01:00:00,0.0,-2.5,6.9,83,0
2023-04-05 02:00:00,0.0,-3.1,6.6,84,0
2023-04-05 03:00:00,0.0,-3.5,6.2,86,0
2023-04-05 04:00:00,0.0,-3.9,5.9,87,0
2023-04-05 05:00:00,0.0,-4.5,6.1,89,0
2023-04-05 06:00:00,0.0,-4.9,6.1,90,0
2023-04-05 07:00:00,0.0,-4.0,6.4,89,0
2023-04-05 08:00:00,0.0,-0.9,6.1,79,0
2023-04-05 09:00:00,0.0,1.9,6.9,67,0
2023-04-05 10:00:00,0.0,3.9,8.6,56,0
2023-04-05 11:00:00,0.0,5.4,10.0,48,0
2023-04-05 12:00:00,0.0,6.6,11.0,43,0
2023-04-05 13:00:00,0.0,7.7,12.1,40,0
2023-04-05 14:00:00,0.0,8.6,12.8,37,0
2023-04-05 15:00:00,0.0,9.2,13.2,35,0
2023-04-05 16:00:00,0.0,9.4,13.1,34,0
2023-04-05 17:00:00,0.0,9.1,12.4,34,0
2023-04-05 18:00:00,0.0,8.1,11.0,35,0
2023-04-05 19:00:00,0.0,5.9,7.1,42,0
2023-04-05 20:00:00,0.0,2.8,6.2,55,1
2023-04-05 21:00:00,0.0,0.7,8.4,63,0
2023-04-05 22:00:00,0.0,-0.5,9.3,68,7
2023-04-05 23:00:00,0.0,-1.5,9.4,70,7
2023-04-06 00:00:00,0.0,-1.0,7.9,67,28
2023-04-06 01:00:00,0.0,0.2,6.6,63,63
2023-04-06 02:00:00,0.0,-1.0,5.4,69,92
2023-04-06 03:00:00,0.0,-2.0,4.4,75,99
2023-04-06 04:00:00,0.0,-2.0,3.4,78,100
2023-04-06 05:00:00,0.0,-2.0,3.3,79,98
2023-04-06 06:00:00,0.0,-1.9,4.7,79,99
2023-04-06 07:00:00,0.0,-1.2,4.3,78,97
2023-04-06 08:00:00,0.0,1.5,5.9,68,95
2023-04-06 09:00:00,0.0,4.2,3.8,58,94
2023-04-06 10:00:00,0.0,6.7,3.1,46,95
2023-04-06 11:00:00,0.1,8.5,2.9,35,83
2023-04-06 12:00:00,0.0,10.0,2.6,29,71
2023-04-06 13:00:00,0.0,11.6,3.6,24,56
2023-04-06 14:00:00,0.0,12.8,6.3,24,43
2023-04-06 15:00:00,0.0,13.4,9.8,24,50
2023-04-06 16:00:00,0.0,13.3,11.2,26,58
2023-04-06 17:00:00,0.0,12.8,10.5,29,34
2023-04-06 18:00:00,0.0,11.9,9.5,31,82
2023-04-06 19:00:00,0.0,10.8,6.7,33,45
2023-04-06 20:00:00,0.0,8.3,7.7,45,22
2023-04-06 21:00:00,0.0,6.3,3.8,58,35
2023-04-06 22:00:00,0.0,6.1,1.9,60,18
2023-04-06 23:00:00,0.0,6.1,4.7,54,25
2023-04-07 00:00:00,0.0,4.5,6.6,62,22
2023-04-07 01:00:00,0.0,2.0,7.2,75,8
2023-04-07 02:00:00,0.0,0.9,6.8,82,34
2023-04-07 03:00:00,0.0,0.4,5.9,84,82
2023-04-07 04:00:00,0.0,0.7,4.7,86,95
2023-04-07 05:00:00,0.1,0.6,5.2,87,100
2023-04-07 06:00:00,0.1,0.6,5.4,91,100
2023-04-07 07:00:00,0.2,1.5,6.0,89,100
2023-04-07 08:00:00,0.0,3.8,6.8,84,100
2023-04-07 09:00:00,0.0,5.0,6.2,84,67
2023-04-07 10:00:00,0.0,7.0,6.6,65,51
2023-04-07 11:00:00,0.0,8.5,6.2,52,38
2023-04-07 12:00:00,0.0,9.4,10.7,46,36
2023-04-07 13:00:00,0.0,10.1,11.8,41,32
2023-04-07 14:00:00,0.0,10.6,12.6,38,25
2023-04-07 15:00:00,0.0,10.9,13.3,38,30
2023-04-07 16:00:00,0.0,10.8,13.7,37,33
2023-04-07 17:00:00,0.0,10.6,14.2,37,24
2023-04-07 18:00:00,0.0,9.3,13.3,40,14
2023-04-07 19:00:00,0.0,7.8,10.9,43,8
2023-04-07 20:00:00,0.0,5.4,8.4,55,10
2023-04-07 21:00:00,0.0,3.4,5.8,67,25
2023-04-07 22:00:00,0.0,1.8,5.4,77,22
2023-04-07 23:00:00,0.0,1.1,5.8,85,34
2023-04-08 00:00:00,0.0,0.2,6.6,87,12
2023-04-08 01:00:00,0.0,-0.9,6.3,90,10
2023-04-08 02:00:00,0.0,-1.7,7.2,92,9
2023-04-08 03:00:00,0.0,-2.2,6.3,93,6
2023-04-08 04:00:00,0.0,-2.7,5.4,94,6
2023-04-08 05:00:00,0.0,-3.1,7.0,96,0
2023-04-08 06:00:00,0.0,-3.2,7.2,97,1
2023-04-08 07:00:00,0.0,-2.0,5.2,97,1
2023-04-08 08:00:00,0.0,1.8,5.0,92,1
2023-04-08 09:00:00,0.0,3.9,6.1,82,20
2023-04-08 10:00:00,0.0,6.3,7.4,66,12
2023-04-08 11:00:00,0.0,7.8,6.4,63,6
2023-04-08 12:00:00,0.0,9.4,8.7,57,4
2023-04-08 13:00:00,0.0,10.5,10.0,53,2
2023-04-08 14:00:00,0.0,11.6,11.1,49,7
2023-04-08 15:00:00,0.0,12.0,12.7,46,11
2023-04-08 16:00:00,0.0,12.4,13.4,43,14
2023-04-08 17:00:00,0.0,12.0,13.1,42,17
2023-04-08 18:00:00,0.0,11.3,12.1,41,28
2023-04-08 19:00:00,0.0,9.4,8.7,48,7
2023-04-08 20:00:00,0.0,6.2,5.9,62,2
2023-04-08 21:00:00,0.0,4.0,8.4,72,0
2023-04-08 22:00:00,0.0,2.5,6.1,77,0
2023-04-08 23:00:00,0.0,3.4,7.7,74,0
2023-04-09 00:00:00,0.0,4.2,6.0,71,0
2023-04-09 01:00:00,0.0,3.4,5.0,74,1
2023-04-09 02:00:00,0.0,2.5,5.4,78,9
2023-04-09 03:00:00,0.0,1.9,6.1,80,19
2023-04-09 04:00:00,0.0,1.4,4.9,81,59
2023-04-09 05:00:00,0.0,0.9,1.5,82,80
2023-04-09 06:00:00,0.0,0.5,1.6,83,94
2023-04-09 07:00:00,0.0,-0.8,3.4,89,98
2023-04-09 08:00:00,0.0,3.0,3.0,82,99
2023-04-09 09:00:00,0.0,6.4,1.1,68,99
2023-04-09 10:00:00,0.0,8.7,0.8,56,100
2023-04-09 11:00:00,0.0,10.1,1.3,53,98
2023-04-09 12:00:00,0.0,11.7,1.8,48,98
2023-04-09 13:00:00,0.0,13.1,1.8,43,27
2023-04-09 14:00:00,0.0,14.3,2.3,39,5
2023-04-09 15:00:00,0.0,15.1,4.0,36,15
2023-04-09 16:00:00,0.0,15.6,5.1,34,14
2023-04-09 17:00:00,0.0,15.5,5.4,34,32
2023-04-09 18:00:00,0.0,14.3,6.2,35,53
2023-04-09 19:00:00,0.0,11.1,6.9,50,78
2023-04-09 20:00:00,0.0,7.5,8.6,61,94
2023-04-09 21:00:00,0.0,7.5,5.9,60,100
2023-04-09 22:00:00,0.0,7.0,2.5,63,100
2023-04-09 23:00:00,0.0,6.4,2.9,67,100
2023-04-10 00:00:00,0.0,4.9,3.1,72,99
2023-04-10 01:00:00,0.0,3.7,4.2,76,98
2023-04-10 02:00:00,0.0,1.3,6.4,84,100
2023-04-10 03:00:00,0.0,0.6,5.8,86,100
2023-04-10 04:00:00,0.0,0.2,5.0,88,100
2023-04-10 05:00:00,0.0,-0.1,5.2,89,100
2023-04-10 06:00:00,0.0,0.1,6.1,88,100
2023-04-10 07:00:00,0.0,0.9,5.4,86,96
2023-04-10 08:00:00,0.0,4.1,5.8,77,98
2023-04-10 09:00:00,0.0,8.2,4.1,64,100
2023-04-10 10:00:00,0.0,12.3,3.8,47,100
2023-04-10 11:00:00,0.0,14.2,6.1,38,98
2023-04-10 12:00:00,0.0,15.4,9.5,36,99
2023-04-10 13:00:00,0.0,15.8,9.9,35,100
2023-04-10 14:00:00,0.0,15.4,9.7,38,100
2023-04-10 15:00:00,0.0,15.3,8.8,40,99
2023-04-10 16:00:00,0.0,15.1,9.2,41,100
2023-04-10 17:00:00,0.0,14.9,10.8,41,100
2023-04-10 18:00:00,0.0,14.0,11.8,45,97
2023-04-10 19:00:00,0.0,12.7,11.3,51,99
2023-04-10 20:00:00,0.0,11.3,10.2,60,100
2023-04-10 21:00:00,0.0,9.7,7.3,71,100
2023-04-10 22:00:00,0.0,9.1,5.6,77,100
2023-04-10 23:00:00,0.0,8.9,6.0,78,96
2023-04-11 00:00:00,0.0,8.6,5.7,81,99
2023-04-11 01:00:00,0.0,8.4,5.7,83,100
2023-04-11 02:00:00,0.0,8.9,5.9,83,100
2023-04-11 03:00:00,0.1,8.5,4.7,85,100
2023-04-11 04:00:00,0.1,8.5,5.6,85,100
2023-04-11 05:00:00,0.0,8.4,6.2,83,99
2023-04-11 06:00:00,0.0,7.6,10.7,84,100
2023-04-11 07:00:00,0.0,7.2,11.4,86,100
2023-04-11 08:00:00,0.0,7.4,9.2,81,100
2023-04-11 09:00:00,0.0,7.8,12.0,72,99
2023-04-11 10:00:00,0.0,8.4,13.2,67,96
2023-04-11 11:00:00,0.0,9.3,8.9,60,100
2023-04-11 12:00:00,0.0,10.2,9.2,53,100
2023-04-11 13:00:00,0.0,11.4,7.6,49,100
2023-04-11 14:00:00,0.0,12.4,7.0,45,99
2023-04-11 15:00:00,0.0,13.1,7.6,42,100
2023-04-11 16:00:00,0.0,13.0,8.5,42,98
2023-04-11 17:00:00,0.0,12.6,7.5,42,99
2023-04-11 18:00:00,0.0,11.9,5.4,44,99
2023-04-11 19:00:00,0.0,10.6,4.9,52,99
2023-04-11 20:00:00,0.0,9.1,6.1,57,100
2023-04-11 21:00:00,0.0,7.7,6.6,65,99
2023-04-11 22:00:00,0.0,5.9,6.2,73,99
2023-04-11 23:00:00,0.0,5.3,6.9,76,98
2023-04-12 00:00:00,0.0,5.7,8.5,75,96
2023-04-12 01:00:00,0.0,5.4,7.5,76,92
2023-04-12 02:00:00,0.0,5.1,7.0,80,92
2023-04-12 03:00:00,0.0,4.5,7.3,84,99
2023-04-12 04:00:00,0.0,4.5,8.1,85,97
2023-04-12 05:00:00,0.0,5.1,7.5,84,99
2023-04-12 06:00:00,0.0,5.7,6.6,81,100
2023-04-12 07:00:00,0.0,6.1,6.3,81,99
2023-04-12 08:00:00,0.0,7.9,8.8,74,94
2023-04-12 09:00:00,0.0,9.6,12.1,68,98
2023-04-12 10:00:00,0.0,10.4,20.4,67,97
2023-04-12 11:00:00,0.1,11.4,21.8,63,100
2023-04-12 12:00:00,0.4,10.6,22.7,67,99
2023-04-12 13:00:00,0.7,10.1,22.9,71,100
2023-04-12 14:00:00,1.0,8.8,22.3,78,100
2023-04-12 15:00:00,0.5,7.6,20.5,81,100
2023-04-12 16:00:00,0.5,7.4,17.0,78,100
2023-04-12 17:00:00,0.2,6.8,16.9,75,100
2023-04-12 18:00:00,0.1,6.2,16.1,72,82
2023-04-12 19:00:00,0.0,5.7,16.3,72,83
2023-04-12 20:00:00,0.0,4.5,15.2,74,20
2023-04-12 21:00:00,0.0,4.0,15.1,75,61
2023-04-12 22:00:00,0.0,3.4,14.0,76,66
2023-04-12 23:00:00,0.0,3.4,8.3,75,53
2023-04-13 00:00:00,0.0,2.7,8.8,76,37
2023-04-13 01:00:00,0.0,2.1,9.4,77,33
2023-04-13 02:00:00,0.0,1.7,10.8,78,48
2023-04-13 03:00:00,0.0,1.0,9.8,80,80
2023-04-13 04:00:00,0.0,0.5,8.7,82,78
2023-04-13 05:00:00,0.0,0.9,6.5,82,84
2023-04-13 06:00:00,0.0,0.4,6.2,84,87
2023-04-13 07:00:00,0.0,1.0,6.9,82,71
2023-04-13 08:00:00,0.0,2.4,9.0,73,71
2023-04-13 09:00:00,0.0,3.7,9.4,63,73
2023-04-13 10:00:00,0.1,4.6,10.5,56,72
2023-04-13 11:00:00,0.2,5.7,9.4,62,78
2023-04-13 12:00:00,0.2,6.1,14.0,60,88
2023-04-13 13:00:00,0.2,6.3,14.8,57,85
2023-04-13 14:00:00,0.1,6.5,14.8,51,76
2023-04-13 15:00:00,0.1,7.1,13.7,47,48
2023-04-13 16:00:00,0.0,6.8,14.8,45,87
2023-04-13 17:00:00,0.1,6.3,15.9,49,95
2023-04-13 18:00:00,0.0,5.4,15.6,56,91
2023-04-13 19:00:00,0.0,4.5,12.5,64,97
2023-04-13 20:00:00,0.0,3.4,10.7,74,96
2023-04-13 21:00:00,0.1,3.0,9.9,79,100
2023-04-13 22:00:00,0.2,2.5,9.4,81,100
2023-04-13 23:00:00,0.1,2.0,7.6,87,100
2023-04-14 00:00:00,0.1,2.0,8.0,86,100
2023-04-14 01:00:00,0.1,1.7,9.5,87,64
2023-04-14 02:00:00,0.0,1.8,6.9,87,78
2023-04-14 03:00:00,0.1,2.1,6.5,85,90
2023-04-14 04:00:00,0.0,1.7,6.1,87,96
2023-04-14 05:00:00,0.0,1.6,5.0,89,100
2023-04-14 06:00:00,0.0,1.6,3.7,89,99
2023-04-14 07:00:00,0.0,1.9,3.6,88,100
2023-04-14 08:00:00,0.0,3.0,5.5,80,100
2023-04-14 09:00:00,0.1,4.0,5.8,71,97
2023-04-14 10:00:00,0.2,4.7,8.7,67,100
2023-04-14 11:00:00,0.5,4.3,11.2,76,100
2023-04-14 12:00:00,0.6,4.2,12.7,80,100
2023-04-14 13:00:00,0.5,5.2,15.1,79,100
2023-04-14 14:00:00,0.2,6.1,16.8,76,100
2023-04-14 15:00:00,0.1,6.8,15.0,76,100
2023-04-14 16:00:00,0.1,7.1,10.8,77,99
2023-04-14 17:00:00,0.2,7.5,8.6,80,100
2023-04-14 18:00:00,0.7,7.5,13.3,82,99
2023-04-14 19:00:00,1.0,6.4,12.6,86,100
2023-04-14 20:00:00,0.6,6.0,11.5,89,100
2023-04-14 21:00:00,0.2,5.6,10.4,91,98
2023-04-14 22:00:00,0.0,5.6,10.8,92,99
2023-04-14 23:00:00,0.1,5.6,10.4,90,91
2023-04-15 00:00:00,0.1,5.7,13.0,93,98
2023-04-15 01:00:00,0.1,5.7,14.3,91,95
2023-04-15 02:00:00,0.1,5.6,13.8,92,99
2023-04-15 03:00:00,0.2,5.5,14.1,92,99
2023-04-15 04:00:00,0.3,5.4,16.3,90,98
2023-04-15 05:00:00,0.2,5.2,17.2,86,91
2023-04-15 06:00:00,0.2,4.5,17.8,87,94
2023-04-15 07:00:00,0.3,3.9,18.3,87,87
2023-04-15 08:00:00,0.3,3.8,19.0,85,73
2023-04-15 09:00:00,0.2,4.6,17.9,82,67
2023-04-15 10:00:00,0.2,5.1,19.3,80,64
2023-04-15 11:00:00,0.3,5.5,20.1,74,63
2023-04-15 12:00:00,0.3,5.9,23.1,68,57
2023-04-15 13:00:00,0.3,6.1,26.3,65,57
2023-04-15 14:00:00,0.4,6.3,26.5,65,72
2023-04-15 15:00:00,0.5,6.2,26.6,67,89
2023-04-15 16:00:00,0.5,6.0,27.0,67,100
2023-04-15 17:00:00,0.5,5.2,26.6,75,98
2023-04-15 18:00:00,0.6,4.6,23.8,81,99
2023-04-15 19:00:00,0.6,4.2,20.1,86,99
2023-04-15 20:00:00,0.3,4.1,18.3,90,100
2023-04-15 21:00:00,0.2,4.0,17.3,93,100
2023-04-15 22:00:00,0.1,3.8,17.1,97,100
2023-04-15 23:00:00,0.1,4.0,16.6,94,100
2023-04-16 00:00:00,0.0,4.0,16.4,95,100
2023-04-16 01:00:00,0.0,4.0,17.3,93,100
2023-04-16 02:00:00,0.0,4.1,16.2,95,100
2023-04-16 03:00:00,0.0,4.0,16.1,94,100
2023-04-16 04:00:00,0.0,3.9,15.9,94,100
2023-04-16 05:00:00,0.0,3.6,16.8,93,100
2023-04-16 06:00:00,0.0,3.1,17.4,93,100
2023-04-16 07:00:00,0.0,2.5,17.5,97,100
2023-04-16 08:00:00,0.0,2.9,15.9,93,99
2023-04-16 09:00:00,0.0,3.8,15.6,86,76
2023-04-16 10:00:00,0.0,5.1,17.7,78,65
2023-04-16 11:00:00,0.0,6.4,17.3,64,94
2023-04-16 12:00:00,0.0,7.3,19.1,56,89
2023-04-16 13:00:00,0.0,8.4,20.1,52,95
2023-04-16 14:00:00,0.0,8.6,20.3,53,97
2023-04-16 15:00:00,0.0,8.6,21.0,55,89
2023-04-16 16:00:00,0.0,8.1,21.3,59,90
2023-04-16 17:00:00,0.0,6.9,21.0,67,100
2023-04-16 18:00:00,0.0,6.1,18.7,73,100
2023-04-16 19:00:00,0.0,5.3,15.8,78,100
2023-04-16 20:00:00,0.0,4.6,13.7,84,100
2023-04-16 21:00:00,0.0,4.2,12.2,88,100
2023-04-16 22:00:00,0.0,3.9,13.7,90,99
2023-04-16 23:00:00,0.0,3.7,13.8,85,100
2023-04-17 00:00:00,0.0,3.5,12.4,85,96
2023-04-17 01:00:00,0.0,3.3,12.3,86,96
2023-04-17 02:00:00,0.0,2.9,13.3,88,99
2023-04-17 03:00:00,0.0,2.6,11.9,91,100
2023-04-17 04:00:00,0.0,2.6,11.5,93,100
2023-04-17 05:00:00,0.0,2.6,11.0,95,100
2023-04-17 06:00:00,0.0,2.6,11.9,96,100
2023-04-17 07:00:00,0.0,3.0,12.4,97,100
2023-04-17 08:00:00,0.1,3.7,13.3,94,96
2023-04-17 09:00:00,0.1,4.4,13.3,88,100
2023-04-17 10:00:00,0.0,5.1,14.2,85,99
2023-04-17 11:00:00,0.0,6.3,10.3,76,99
2023-04-17 12:00:00,0.1,7.4,12.8,70,94
2023-04-17 13:00:00,0.2,7.6,15.9,71,99
2023-04-17 14:00:00,0.2,7.8,17.7,73,96
2023-04-17 15:00:00,0.3,8.0,18.4,75,100
2023-04-17 16:00:00,0.4,8.1,18.2,78,95
2023-04-17 17:00:00,1.0,7.6,17.8,78,65
2023-04-17 18:00:00,0.7,7.1,15.2,79,45
2023-04-17 19:00:00,0.3,6.5,14.2,85,43
2023-04-17 20:00:00,0.3,5.5,12.7,90,71
2023-04-17 21:00:00,0.4,5.4,13.7,91,94
2023-04-17 22:00:00,0.3,5.4,11.3,91,100
2023-04-17 23:00:00,0.1,5.0,11.2,94,100
2023-04-18 00:00:00,0.0,5.1,9.2,93,99
2023-04-18 01:00:00,0.0,5.0,9.8,94,100
2023-04-18 02:00:00,0.0,4.9,9.7,95,100
2023-04-18 03:00:00,0.0,4.6,10.8,95,100
2023-04-18 04:00:00,0.0,4.3,10.4,95,100
2023-04-18 05:00:00,0.0,4.1,10.0,95,100
2023-04-18 06:00:00,0.0,3.9,8.7,96,100
2023-04-18 07:00:00,0.0,4.1,7.2,96,100
2023-04-18 08:00:00,0.0,4.5,7.0,95,100
2023-04-18 09:00:00,0.0,4.9,5.4,87,100
2023-04-18 10:00:00,0.0,6.3,4.9,78,100
2023-04-18 11:00:00,0.0,6.2,4.7,79,100
2023-04-18 12:00:00,0.0,7.7,4.5,73,100
2023-04-18 13:00:00,0.1,8.9,4.4,68,100
2023-04-18 14:00:00,0.1,10.2,4.3,60,100
2023-04-18 15:00:00,0.0,10.5,4.0,61,89
2023-04-18 16:00:00,0.0,11.0,4.2,62,80
2023-04-18 17:00:00,0.0,10.9,6.5,64,75
2023-04-18 18:00:00,0.0,10.4,8.2,65,75
2023-04-18 19:00:00,0.1,9.5,6.2,69,80
2023-04-18 20:00:00,0.2,7.5,4.5,82,79
2023-04-18 21:00:00,0.2,6.7,5.2,86,41
2023-04-18 22:00:00,0.0,5.1,6.1,92,11
2023-04-18 23:00:00,0.0,3.7,7.6,92,71
2023-04-19 00:00:00,0.0,3.2,6.6,93,57
2023-04-19 01:00:00,0.0,2.0,5.2,96,44
2023-04-19 02:00:00,0.0,1.4,5.9,98,15
2023-04-19 03:00:00,0.0,0.9,7.9,98,3
2023-04-19 04:00:00,0.0,0.5,7.9,98,4
2023-04-19 05:00:00,0.0,0.1,5.3,100,93
2023-04-19 06:00:00,0.0,-0.5,3.8,100,100
2023-04-19 07:00:00,0.0,1.3,4.5,100,100
2023-04-19 08:00:00,0.0,4.9,3.7,92,100
2023-04-19 09:00:00,0.0,8.1,3.2,81,93
2023-04-19 10:00:00,0.0,11.2,2.8,64,32
2023-04-19 11:00:00,0.0,12.5,4.8,57,6
2023-04-19 12:00:00,0.1,14.4,6.8,48,8
2023-04-19 13:00:00,0.1,15.0,8.5,44,42
2023-04-19 14:00:00,0.0,15.7,8.2,42,27
2023-04-19 15:00:00,0.0,16.2,6.7,42,20
2023-04-19 16:00:00,0.1,16.2,4.5,42,35
2023-04-19 17:00:00,1.0,15.2,1.8,44,38
2023-04-19 18:00:00,0.1,14.0,5.2,47,43
2023-04-19 19:00:00,0.0,12.7,5.9,55,48
2023-04-19 20:00:00,0.0,10.1,7.1,72,24
2023-04-19 21:00:00,0.0,8.3,6.9,80,27
2023-04-19 22:00:00,0.0,7.0,6.2,86,23
2023-04-19 23:00:00,0.0,7.5,6.2,77,50
2023-04-20 00:00:00,0.0,7.4,3.0,77,47
2023-04-20 01:00:00,0.0,7.3,2.1,79,30
2023-04-20 02:00:00,0.0,6.7,4.1,81,18
2023-04-20 03:00:00,0.0,6.4,3.5,83,19
2023-04-20 04:00:00,0.0,5.9,3.9,85,28
2023-04-20 05:00:00,0.0,5.7,5.2,86,21
2023-04-20 06:00:00,0.0,5.5,5.9,88,18
2023-04-20 07:00:00,0.0,4.7,2.9,93,11
2023-04-20 08:00:00,0.0,6.5,2.6,86,14
2023-04-20 09:00:00,0.0,8.3,3.6,78,14
2023-04-20 10:00:00,0.0,9.6,4.8,74,19
2023-04-20 11:00:00,0.0,10.4,5.4,58,50
2023-04-20 12:00:00,0.0,11.0,9.0,61,41
2023-04-20 13:00:00,0.1,11.6,10.8,62,47
2023-04-20 14:00:00,0.7,10.9,9.7,61,45
2023-04-20 15:00:00,0.1,10.7,7.2,65,18
2023-04-20 16:00:00,0.1,10.9,7.3,67,30
2023-04-20 17:00:00,0.0,10.6,9.0,70,40
2023-04-20 18:00:00,0.4,9.9,10.2,71,32
2023-04-20 19:00:00,0.5,8.5,8.2,71,43
2023-04-20 20:00:00,0.0,5.9,4.0,87,43
2023-04-20 21:00:00,0.0,5.4,4.6,89,27
2023-04-20 22:00:00,0.0,5.1,4.0,87,17
2023-04-20 23:00:00,0.0,5.0,1.8,78,36
2023-04-21 00:00:00,0.0,3.2,1.1,85,30
2023-04-21 01:00:00,0.0,2.0,3.8,89,32
2023-04-21 02:00:00,0.1,1.5,4.4,90,19
2023-04-21 03:00:00,0.2,1.2,5.3,91,29
2023-04-21 04:00:00,0.2,1.7,6.9,91,23
2023-04-21 05:00:00,0.2,2.6,6.2,88,18
2023-04-21 06:00:00,0.1,2.4,6.4,89,54
2023-04-21 07:00:00,0.1,3.9,9.4,89,89
2023-04-21 08:00:00,0.0,6.1,9.4,83,89
2023-04-21 09:00:00,0.0,7.7,11.9,79,70
2023-04-21 10:00:00,0.2,9.5,16.8,76,94
2023-04-21 11:00:00,0.2,11.7,17.0,64,95
2023-04-21 12:00:00,0.2,13.4,17.2,54,96
2023-04-21 13:00:00,0.1,14.8,16.9,47,80
2023-04-21 14:00:00,0.0,15.6,16.5,45,79
2023-04-21 15:00:00,0.1,16.5,16.1,41,87
2023-04-21 16:00:00,0.1,16.6,15.6,40,90
2023-04-21 17:00:00,0.1,15.9,15.3,44,95
2023-04-21 18:00:00,0.0,14.5,15.9,55,89
2023-04-21 19:00:00,0.0,12.8,17.5,64,59
2023-04-21 20:00:00,0.0,10.9,15.7,74,72
2023-04-21 21:00:00,0.0,10.0,15.4,76,96
2023-04-21 22:00:00,0.0,9.2,15.4,77,98
2023-04-21 23:00:00,0.0,8.7,13.8,75,100
2023-04-22 00:00:00,0.0,8.3,15.1,75,97
2023-04-22 01:00:00,0.0,8.4,16.6,73,99
2023-04-22 02:00:00,0.5,8.2,15.1,73,98
2023-04-22 03:00:00,0.4,7.9,14.9,77,100
2023-04-22 04:00:00,0.0,7.8,15.9,78,100
2023-04-22 05:00:00,0.0,7.9,15.9,80,100
2023-04-22 06:00:00,0.0,8.4,15.9,80,100
2023-04-22 07:00:00,0.3,8.9,16.6,80,99
2023-04-22 08:00:00,0.5,9.6,14.8,79,98
2023-04-22 09:00:00,0.2,10.2,16.9,76,99
2023-04-22 10:00:00,0.2,11.8,18.2,65,99
2023-04-22 11:00:00,0.1,12.4,17.3,64,99
2023-04-22 12:00:00,0.1,12.9,19.4,61,100
2023-04-22 13:00:00,0.0,13.2,17.8,62,100
2023-04-22 14:00:00,0.0,13.4,16.0,63,100
2023-04-22 15:00:00,0.1,13.3,14.8,64,100
2023-04-22 16:00:00,0.7,11.9,9.8,75,100
2023-04-22 17:00:00,2.5,10.6,7.6,86,100
2023-04-22 18:00:00,2.8,9.9,4.3,86,100
2023-04-22 19:00:00,2.2,9.2,2.2,88,99
2023-04-22 20:00:00,0.8,8.7,2.5,91,90
2023-04-22 21:00:00,0.3,8.7,4.0,87,71
2023-04-22 22:00:00,0.1,7.8,4.7,92,37
2023-04-22 23:00:00,0.0,6.6,6.0,96,27
2023-04-23 00:00:00,0.0,5.6,5.5,98,17
2023-04-23 01:00:00,0.0,4.5,6.2,99,22
2023-04-23 02:00:00,0.0,3.8,5.8,100,66
2023-04-23 03:00:00,0.0,3.8,5.2,100,99
2023-04-23 04:00:00,0.0,3.4,6.1,100,100
2023-04-23 05:00:00,0.0,3.1,8.3,100,100
2023-04-23 06:00:00,0.0,3.2,9.7,98,99
2023-04-23 07:00:00,0.0,4.2,12.6,99,84
2023-04-23 08:00:00,0.0,5.6,11.2,91,99
2023-04-23 09:00:00,0.0,8.1,12.2,85,100
2023-04-23 10:00:00,0.0,10.7,13.8,71,99
2023-04-23 11:00:00,0.0,12.0,17.2,62,99
2023-04-23 12:00:00,0.1,12.8,23.3,62,100
2023-04-23 13:00:00,0.1,12.5,23.4,62,100
2023-04-23 14:00:00,0.2,12.2,20.6,62,100
2023-04-23 15:00:00,1.2,9.2,18.3,78,100
2023-04-23 16:00:00,1.3,7.1,19.8,87,90
2023-04-23 17:00:00,0.3,8.0,22.1,82,62
2023-04-23 18:00:00,0.0,8.9,18.7,76,31
2023-04-23 19:00:00,0.0,8.7,16.3,77,50
2023-04-23 20:00:00,0.0,7.7,13.0,80,58
2023-04-23 21:00:00,0.0,7.7,12.3,80,65
2023-04-23 22:00:00,0.0,7.4,12.6,82,64
2023-04-23 23:00:00,0.0,7.7,13.4,82,67
2023-04-24 00:00:00,0.0,7.4,13.2,85,95
2023-04-24 01:00:00,0.0,7.3,10.1,86,98
2023-04-24 02:00:00,0.0,7.3,9.8,87,96
2023-04-24 03:00:00,0.0,7.2,14.5,88,66
2023-04-24 04:00:00,0.0,7.0,10.7,87,97
2023-04-24 05:00:00,0.0,6.4,9.1,89,96
2023-04-24 06:00:00,0.0,5.7,9.8,89,97
2023-04-24 07:00:00,0.0,5.6,10.2,89,95
2023-04-24 08:00:00,0.0,6.2,12.1,79,94
2023-04-24 09:00:00,0.1,6.9,14.1,72,87
2023-04-24 10:00:00,0.0,7.7,14.2,66,99
2023-04-24 11:00:00,0.0,8.5,10.2,60,98
2023-04-24 12:00:00,0.0,10.3,13.4,49,100
2023-04-24 13:00:00,0.0,11.6,14.8,43,96
2023-04-24 14:00:00,0.0,12.1,14.4,43,99
2023-04-24 15:00:00,0.0,12.2,15.8,44,100
2023-04-24 16:00:00,0.0,11.4,16.6,50,100
2023-04-24 17:00:00,0.0,10.6,15.5,54,95
2023-04-24 18:00:00,0.0,10.1,14.2,54,95
2023-04-24 19:00:00,0.0,9.4,13.4,54,98
2023-04-24 20:00:00,0.2,8.3,9.7,61,86
2023-04-24 21:00:00,0.0,7.0,6.9,71,75
2023-04-24 22:00:00,0.0,6.4,6.2,75,53
2023-04-24 23:00:00,0.0,5.7,4.8,82,80
2023-04-25 00:00:00,0.0,5.4,5.0,85,98
2023-04-25 01:00:00,0.0,5.6,4.1,85,97
2023-04-25 02:00:00,0.0,5.7,5.1,86,99
2023-04-25 03:00:00,0.0,5.9,5.2,86,100
2023-04-25 04:00:00,0.0,5.7,6.8,87,99
2023-04-25 05:00:00,0.0,5.5,7.4,87,98
2023-04-25 06:00:00,0.0,5.3,7.5,87,100
2023-04-25 07:00:00,0.0,5.4,8.6,82,100
2023-04-25 08:00:00,0.0,6.0,9.4,77,100
2023-04-25 09:00:00,0.0,7.0,9.3,69,100
2023-04-25 10:00:00,0.0,8.0,10.3,59,100
2023-04-25 11:00:00,0.0,9.2,8.0,51,100
2023-04-25 12:00:00,0.0,10.1,7.8,45,99
2023-04-25 13:00:00,0.0,11.0,7.7,42,94
2023-04-25 14:00:00,0.0,11.8,7.6,39,100
2023-04-25 15:00:00,0.0,11.8,9.4,39,99
2023-04-25 16:00:00,0.0,12.0,10.5,40,99
2023-04-25 17:00:00,0.0,11.5,9.7,43,94
2023-04-25 18:00:00,0.0,10.8,9.0,44,89
2023-04-25 19:00:00,0.0,9.8,8.0,47,86
2023-04-25 20:00:00,0.0,8.1,5.9,54,88
2023-04-25 21:00:00,0.0,6.9,7.0,62,50
2023-04-25 22:00:00,0.0,6.0,5.7,70,62
2023-04-25 23:00:00,0.0,4.9,1.1,75,83
2023-04-26 00:00:00,0.0,5.3,1.6,70,80
2023-04-26 01:00:00,0.0,5.2,1.5,71,60
2023-04-26 02:00:00,0.0,5.3,2.8,70,51
2023-04-26 03:00:00,0.0,4.4,4.6,76,52
2023-04-26 04:00:00,0.0,3.7,5.1,84,70
2023-04-26 05:00:00,0.0,3.2,5.6,87,70
2023-04-26 06:00:00,0.0,3.6,5.5,86,66
2023-04-26 07:00:00,0.0,5.4,5.7,78,67
2023-04-26 08:00:00,0.0,7.4,4.8,69,57
2023-04-26 09:00:00,0.0,9.0,4.7,64,55
2023-04-26 10:00:00,0.0,10.7,3.2,62,65
2023-04-26 11:00:00,0.0,13.2,3.7,55,90
2023-04-26 12:00:00,0.0,14.8,6.4,49,98
2023-04-26 13:00:00,0.0,15.2,8.9,47,100
2023-04-26 14:00:00,0.0,15.6,10.5,48,92
2023-04-26 15:00:00,0.0,15.7,11.9,49,98
2023-04-26 16:00:00,0.0,15.4,12.2,51,98
2023-04-26 17:00:00,0.0,15.1,12.4,53,100
2023-04-26 18:00:00,0.0,14.1,10.0,59,100
2023-04-26 19:00:00,0.1,13.1,6.9,67,98
2023-04-26 20:00:00,0.1,11.3,4.0,80,96
2023-04-26 21:00:00,0.1,10.6,3.1,85,82
2023-04-26 22:00:00,0.1,10.8,3.6,83,100
2023-04-26 23:00:00,0.0,10.5,3.0,80,99
2023-04-27 00:00:00,0.0,9.9,3.4,82,97
2023-04-27 01:00:00,0.0,9.6,6.2,84,97
2023-04-27 02:00:00,0.0,9.5,6.6,84,89
2023-04-27 03:00:00,0.0,9.0,5.4,87,79
2023-04-27 04:00:00,0.0,7.7,4.8,93,87
2023-04-27 05:00:00,0.0,7.0,5.5,93,78
2023-04-27 06:00:00,0.0,6.7,5.0,95,59
2023-04-27 07:00:00,0.0,8.7,3.4,91,42
2023-04-27 08:00:00,0.0,10.9,2.6,81,82
2023-04-27 09:00:00,0.0,12.3,3.4,74,79
2023-04-27 10:00:00,0.0,13.6,3.1,67,83
2023-04-27 11:00:00,0.0,15.7,1.1,55,90
2023-04-27 12:00:00,0.0,16.9,2.8,51,99
2023-04-27 13:00:00,0.0,17.7,2.8,47,98
2023-04-27 14:00:00,0.0,17.9,5.4,46,99
2023-04-27 15:00:00,0.0,18.7,5.8,45,100
2023-04-27 16:00:00,0.0,19.0,4.1,44,100
2023-04-27 17:00:00,0.0,18.9,3.4,44,99
2023-04-27 18:00:00,0.0,18.6,2.3,47,98
2023-04-27 19:00:00,0.0,18.3,3.6,45,89
2023-04-27 20:00:00,0.0,16.9,5.2,52,91
2023-04-27 21:00:00,0.0,15.1,5.8,60,85
2023-04-27 22:00:00,0.0,11.9,6.4,74,92
2023-04-27 23:00:00,0.0,10.3,6.2,86,76
2023-04-28 00:00:00,0.0,9.8,6.4,89,100
2023-04-28 01:00:00,0.0,9.0,5.0,91,98
2023-04-28 02:00:00,0.0,8.6,4.9,93,58
2023-04-28 03:00:00,0.0,7.9,5.2,94,39
2023-04-28 04:00:00,0.0,8.2,5.4,93,26
2023-04-28 05:00:00,0.0,7.6,5.4,94,45
2023-04-28 06:00:00,0.0,7.7,4.9,93,83
2023-04-28 07:00:00,0.0,9.6,5.4,89,98
2023-04-28 08:00:00,0.0,12.2,4.0,81,97
2023-04-28 09:00:00,0.0,15.4,4.0,71,65
2023-04-28 10:00:00,0.0,17.9,4.7,62,55
2023-04-28 11:00:00,0.0,20.1,4.6,53,87
2023-04-28 12:00:00,0.0,21.3,6.6,48,96
2023-04-28 13:00:00,0.0,22.1,8.3,45,99
2023-04-28 14:00:00,0.0,23.0,8.7,43,93
2023-04-28 15:00:00,0.0,23.7,7.9,41,96
2023-04-28 16:00:00,0.1,23.2,8.0,41,99
2023-04-28 17:00:00,0.6,21.6,5.9,46,100
2023-04-28 18:00:00,0.0,21.0,5.4,48,98
2023-04-28 19:00:00,0.1,19.3,6.1,56,86
2023-04-28 20:00:00,0.0,17.6,7.4,65,48
2023-04-28 21:00:00,0.0,16.0,6.9,76,43
2023-04-28 22:00:00,0.0,15.3,6.8,81,90
2023-04-28 23:00:00,0.0,14.1,5.1,87,97
2023-04-29 00:00:00,0.0,13.9,4.7,90,100
2023-04-29 01:00:00,0.1,13.3,4.2,94,100
2023-04-29 02:00:00,0.4,12.9,5.5,96,100
2023-04-29 03:00:00,0.6,12.9,6.2,96,100
2023-04-29 04:00:00,0.9,12.6,4.0,98,100
2023-04-29 05:00:00,1.0,12.6,1.3,98,100
2023-04-29 06:00:00,0.7,12.4,2.3,98,100
2023-04-29 07:00:00,0.7,12.4,2.5,98,100
2023-04-29 08:00:00,0.1,12.7,2.9,98,100
2023-04-29 09:00:00,0.0,13.1,3.1,97,100
2023-04-29 10:00:00,0.1,13.4,5.5,97,100
2023-04-29 11:00:00,0.6,14.7,5.0,87,99
2023-04-29 12:00:00,0.6,15.2,8.4,90,100
2023-04-29 13:00:00,0.5,16.0,9.7,87,99
2023-04-29 14:00:00,0.3,16.1,9.0,82,98
2023-04-29 15:00:00,0.1,16.2,10.5,81,100
2023-04-29 16:00:00,0.1,16.2,10.1,75,96
2023-04-29 17:00:00,0.3,16.2,10.7,69,79
2023-04-29 18:00:00,0.1,15.6,9.8,68,77
2023-04-29 19:00:00,0.0,14.3,8.7,74,95
2023-04-29 20:00:00,0.1,12.9,6.5,80,99
2023-04-29 21:00:00,0.1,12.0,7.2,87,100
2023-04-29 22:00:00,0.0,11.4,7.3,91,100
2023-04-29 23:00:00,0.0,11.1,8.0,92,100
2023-04-30 00:00:00,0.0,10.6,8.3,95,100
2023-04-30 01:00:00,0.0,10.0,7.8,96,99
2023-04-30 02:00:00,0.0,9.6,8.4,97,100
2023-04-30 03:00:00,0.0,9.1,8.9,98,100
2023-04-30 04:00:00,0.0,8.7,8.9,99,100
2023-04-30 05:00:00,0.0,8.4,8.7,98,100
2023-04-30 06:00:00,0.0,8.1,8.7,97,100
2023-04-30 07:00:00,0.0,8.0,8.2,96,100
2023-04-30 08:00:00,0.0,8.5,10.6,93,100
2023-04-30 09:00:00,0.0,9.5,11.1,84,97
2023-04-30 10:00:00,0.0,10.9,11.2,73,74
2023-04-30 11:00:00,0.0,11.9,10.0,68,57
2023-04-30 12:00:00,0.0,13.1,12.2,61,51
2023-04-30 13:00:00,0.0,14.4,12.5,56,38
2023-04-30 14:00:00,0.0,14.9,12.9,52,39
2023-04-30 15:00:00,0.0,14.8,13.2,53,34
2023-04-30 16:00:00,0.0,15.0,13.9,50,37
2023-04-30 17:00:00,0.0,14.5,14.1,50,25
2023-04-30 18:00:00,0.0,14.1,13.2,50,21
2023-04-30 19:00:00,0.0,12.9,11.8,55,29
2023-04-30 20:00:00,0.0,10.9,9.3,64,15
2023-04-30 21:00:00,0.0,8.8,7.8,76,20
2023-04-30 22:00:00,0.0,7.5,6.8,83,19
2023-04-30 23:00:00,0.0,7.3,6.7,85,28
2023-05-01 00:00:00,0.0,6.5,6.6,90,35
2023-05-01 01:00:00,0.0,6.2,6.3,90,69
2023-05-01 02:00:00,0.0,5.7,6.2,92,76
2023-05-01 03:00:00,0.0,4.8,6.8,94,76
2023-05-01 04:00:00,0.0,5.3,8.2,93,75
2023-05-01 05:00:00,0.0,5.2,8.8,93,75
2023-05-01 06:00:00,0.0,5.1,9.7,93,53
2023-05-01 07:00:00,0.0,7.2,9.4,88,43
2023-05-01 08:00:00,0.0,8.9,13.6,78,44
2023-05-01 09:00:00,0.0,10.3,15.6,68,62
2023-05-01 10:00:00,0.0,11.1,16.7,63,80
2023-05-01 11:00:00,0.2,12.1,15.3,51,42
2023-05-01 12:00:00,0.2,12.5,16.6,49,53
2023-05-01 13:00:00,0.2,13.2,17.2,49,61
2023-05-01 14:00:00,0.3,13.4,17.2,51,46
2023-05-01 15:00:00,0.6,13.9,18.1,53,39
2023-05-01 16:00:00,1.0,12.7,18.4,51,34
2023-05-01 17:00:00,0.2,12.6,17.2,55,41
2023-05-01 18:00:00,0.0,12.0,16.8,59,31
2023-05-01 19:00:00,0.0,11.2,15.0,64,37
2023-05-01 20:00:00,0.0,9.5,14.7,73,33
2023-05-01 21:00:00,0.1,8.4,14.0,81,47
2023-05-01 22:00:00,0.2,7.4,13.2,87,39
2023-05-01 23:00:00,0.1,7.0,10.3,89,71
2023-05-02 00:00:00,0.2,6.7,10.7,88,40
2023-05-02 01:00:00,0.0,6.3,10.5,89,48
2023-05-02 02:00:00,0.0,5.8,11.2,90,37
2023-05-02 03:00:00,0.0,5.7,11.1,91,22
2023-05-02 04:00:00,0.0,5.5,10.2,90,43
2023-05-02 05:00:00,0.0,5.5,10.0,91,86
2023-05-02 06:00:00,0.0,5.3,10.3,92,100
2023-05-02 07:00:00,0.0,5.9,11.0,90,100
2023-05-02 08:00:00,0.0,6.9,11.7,87,97
2023-05-02 09:00:00,0.0,8.0,13.7,82,60
2023-05-02 10:00:00,0.0,9.6,15.5,74,83
2023-05-02 11:00:00,0.0,11.1,12.9,61,56
2023-05-02 12:00:00,0.0,12.7,14.9,57,37
2023-05-02 13:00:00,0.0,13.8,16.3,53,28
2023-05-02 14:00:00,0.0,14.5,16.6,50,27
2023-05-02 15:00:00,0.0,15.2,16.7,47,9
2023-05-02 16:00:00,0.0,15.4,16.6,47,17
2023-05-02 17:00:00,0.0,15.2,17.2,46,4
2023-05-02 18:00:00,0.0,14.7,16.7,45,7
2023-05-02 19:00:00,0.0,13.7,14.1,46,0
2023-05-02 20:00:00,0.0,11.6,11.4,55,2
2023-05-02 21:00:00,0.0,9.6,9.3,66,2
2023-05-02 22:00:00,0.0,7.5,6.9,76,0
2023-05-02 23:00:00,0.0,6.5,6.8,81,4
2023-05-03 00:00:00,0.0,5.3,6.5,86,0
2023-05-03 01:00:00,0.0,3.8,7.6,91,0
2023-05-03 02:00:00,0.0,3.0,5.9,93,0
2023-05-03 03:00:00,0.0,2.5,5.4,95,0
2023-05-03 04:00:00,0.0,2.6,4.3,97,0
2023-05-03 05:00:00,0.0,2.1,3.0,98,0
2023-05-03 06:00:00,0.0,1.7,2.6,99,0
2023-05-03 07:00:00,0.0,4.8,0.8,94,0
2023-05-03 08:00:00,0.0,8.7,0.8,78,0
2023-05-03 09:00:00,0.0,11.0,2.6,66,0
2023-05-03 10:00:00,0.0,13.4,4.2,55,0
2023-05-03 11:00:00,0.0,15.3,5.0,47,0
2023-05-03 12:00:00,0.0,16.9,5.9,41,10
2023-05-03 13:00:00,0.0,18.2,6.1,37,9
2023-05-03 14:00:00,0.0,19.4,7.6,35,0
2023-05-03 15:00:00,0.0,20.3,9.0,33,0
2023-05-03 16:00:00,0.0,20.7,9.8,33,0
2023-05-03 17:00:00,0.0,20.7,9.6,33,0
2023-05-03 18:00:00,0.0,20.1,8.8,33,0
2023-05-03 19:00:00,0.0,18.3,5.8,42,0
2023-05-03 20:00:00,0.0,13.4,7.6,60,0
2023-05-03 21:00:00,0.0,11.1,7.2,70,0
2023-05-03 22:00:00,0.0,9.3,6.4,78,6
2023-05-03 23:00:00,0.0,8.8,6.4,81,27
2023-05-04 00:00:00,0.0,8.6,8.3,81,35
2023-05-04 01:00:00,0.0,8.1,9.7,81,38
2023-05-04 02:00:00,0.0,7.5,10.4,77,38
2023-05-04 03:00:00,0.0,7.3,10.5,70,16
2023-05-04 04:00:00,0.0,6.9,11.2,65,12
2023-05-04 05:00:00,0.0,6.8,11.3,63,75
2023-05-04 06:00:00,0.0,7.1,11.7,62,90
2023-05-04 07:00:00,0.0,9.5,13.0,59,88
2023-05-04 08:00:00,0.0,12.4,12.3,54,82
2023-05-04 09:00:00,0.0,15.1,14.8,46,62
2023-05-04 10:00:00,0.0,17.6,15.7,40,47
2023-05-04 11:00:00,0.0,19.3,11.8,38,41
2023-05-04 12:00:00,0.0,20.5,11.6,38,9
2023-05-04 13:00:00,0.0,21.3,11.0,38,0
2023-05-04 14:00:00,0.0,22.4,10.0,36,8
2023-05-04 15:00:00,0.0,22.2,8.7,38,17
2023-05-04 16:00:00,0.0,22.0,8.7,38,42
2023-05-04 17:00:00,0.2,21.2,9.1,40,40
2023-05-04 18:00:00,0.5,19.3,9.5,49,39
2023-05-04 19:00:00,0.1,18.0,9.2,54,42
2023-05-04 20:00:00,0.2,16.5,7.5,61,46
2023-05-04 21:00:00,0.1,14.4,5.7,72,38
2023-05-04 22:00:00,0.1,12.2,6.5,84,36
2023-05-04 23:00:00,0.0,12.7,6.9,78,37
2023-05-05 00:00:00,0.0,11.8,4.7,80,36
2023-05-05 01:00:00,0.0,9.5,3.7,90,57
2023-05-05 02:00:00,0.0,8.5,5.8,94,86
2023-05-05 03:00:00,0.0,8.3,5.6,94,90
2023-05-05 04:00:00,0.0,8.8,5.6,92,94
2023-05-05 05:00:00,0.0,8.8,4.7,93,100
2023-05-05 06:00:00,0.0,8.6,5.0,94,100
2023-05-05 07:00:00,0.0,9.9,5.7,92,100
2023-05-05 08:00:00,0.2,12.1,4.0,86,98
2023-05-05 09:00:00,0.4,14.2,3.6,76,85
2023-05-05 10:00:00,0.1,15.4,4.1,73,93
2023-05-05 11:00:00,0.1,17.4,4.2,64,94
2023-05-05 12:00:00,1.4,17.1,6.6,62,99
2023-05-05 13:00:00,0.8,16.8,9.9,64,99
2023-05-05 14:00:00,2.3,15.2,9.5,81,84
2023-05-05 15:00:00,0.1,16.1,8.4,82,75
2023-05-05 16:00:00,0.1,16.4,7.8,81,46
2023-05-05 17:00:00,0.0,16.5,5.3,78,75
2023-05-05 18:00:00,0.1,15.8,4.2,76,99
2023-05-05 19:00:00,0.1,15.4,4.3,72,99
2023-05-05 20:00:00,0.0,13.6,5.4,79,99
2023-05-05 21:00:00,0.0,12.0,6.1,86,93
2023-05-05 22:00:00,0.0,10.9,6.6,90,68
2023-05-05 23:00:00,0.0,9.4,4.1,93,56
2023-05-06 00:00:00,0.0,9.6,3.8,94,35
2023-05-06 01:00:00,0.0,9.3,1.8,95,58
2023-05-06 02:00:00,0.0,8.7,1.4,97,70
2023-05-06 03:00:00,0.0,7.5,2.6,100,99
2023-05-06 04:00:00,0.0,7.4,3.3,100,100
2023-05-06 05:00:00,0.0,7.7,3.7,100,100
2023-05-06 06:00:00,0.0,7.8,3.3,99,100
2023-05-06 07:00:00,0.0,9.4,4.7,95,100
2023-05-06 08:00:00,0.0,10.7,6.3,91,100
2023-05-06 09:00:00,0.0,13.7,7.0,79,100
2023-05-06 10:00:00,0.0,16.2,6.4,69,97
2023-05-06 11:00:00,0.0,17.9,5.6,60,92
2023-05-06 12:00:00,0.0,19.8,4.4,48,65
2023-05-06 13:00:00,0.0,21.3,3.4,40,21
2023-05-06 14:00:00,0.1,22.2,3.2,36,31
2023-05-06 15:00:00,0.0,22.9,3.5,32,28
2023-05-06 16:00:00,0.0,22.9,2.9,31,66
2023-05-06 17:00:00,0.0,22.8,2.3,30,60
2023-05-06 18:00:00,0.0,22.2,3.6,30,90
2023-05-06 19:00:00,0.0,19.6,3.6,40,97
2023-05-06 20:00:00,0.0,16.9,6.1,53,99
2023-05-06 21:00:00,0.0,16.9,4.4,50,99
2023-05-06 22:00:00,0.0,15.6,1.1,56,99
2023-05-06 23:00:00,0.0,13.0,4.0,71,98
2023-05-07 00:00:00,0.0,11.8,4.8,78,99
2023-05-07 01:00:00,0.0,11.8,4.7,78,100
2023-05-07 02:00:00,0.0,11.3,4.4,80,100
2023-05-07 03:00:00,0.0,10.8,3.4,83,100
2023-05-07 04:00:00,0.0,10.9,3.6,83,100
2023-05-07 05:00:00,0.0,10.6,3.8,86,100
2023-05-07 06:00:00,0.0,10.8,3.4,87,100
2023-05-07 07:00:00,0.1,11.6,5.4,85,100
2023-05-07 08:00:00,1.6,12.2,4.0,85,100
2023-05-07 09:00:00,1.0,12.6,4.5,85,100
2023-05-07 10:00:00,1.0,13.0,4.2,85,100
2023-05-07 11:00:00,1.9,11.1,6.9,87,100
2023-05-07 12:00:00,1.3,11.2,6.9,87,95
2023-05-07 13:00:00,0.6,11.7,7.6,87,73
2023-05-07 14:00:00,0.3,11.9,8.3,89,92
2023-05-07 15:00:00,0.2,13.0,7.6,86,80
2023-05-07 16:00:00,0.2,14.2,6.6,81,57
2023-05-07 17:00:00,0.5,14.5,7.2,77,71
2023-05-07 18:00:00,0.3,14.2,9.2,76,82
2023-05-07 19:00:00,1.2,12.6,5.4,78,91
2023-05-07 20:00:00,0.0,11.2,5.9,85,79
2023-05-07 21:00:00,0.1,10.1,6.1,91,69
2023-05-07 22:00:00,0.0,9.9,5.6,92,63
2023-05-07 23:00:00,0.0,9.2,5.4,93,61
2023-05-08 00:00:00,0.0,9.7,5.2,93,86
2023-05-08 01:00:00,0.0,9.7,5.6,93,99
2023-05-08 02:00:00,0.0,10.1,7.4,92,95
2023-05-08 03:00:00,0.0,10.1,7.7,92,100
2023-05-08 04:00:00,0.0,10.3,7.7,93,100
2023-05-08 05:00:00,0.0,10.3,7.9,94,100
2023-05-08 06:00:00,0.0,10.2,8.3,95,100
2023-05-08 07:00:00,0.0,10.5,9.4,95,100
2023-05-08 08:00:00,0.0,10.8,10.5,94,84
2023-05-08 09:00:00,0.1,12.0,12.6,84,94
2023-05-08 10:00:00,0.1,13.0,14.7,79,99
2023-05-08 11:00:00,0.1,13.5,13.8,73,90
2023-05-08 12:00:00,0.1,14.1,13.5,69,98
2023-05-08 13:00:00,0.1,14.7,12.6,67,99
2023-05-08 14:00:00,0.1,15.8,12.7,64,100
2023-05-08 15:00:00,0.0,15.6,12.6,64,100
2023-05-08 16:00:00,0.0,16.0,11.1,63,95
2023-05-08 17:00:00,0.0,16.0,11.9,63,98
2023-05-08 18:00:00,0.0,15.8,11.0,64,100
2023-05-08 19:00:00,0.0,14.8,8.3,67,100
2023-05-08 20:00:00,0.0,13.4,6.1,73,100
2023-05-08 21:00:00,0.0,11.7,4.7,82,100
2023-05-08 22:00:00,0.0,10.0,6.2,91,100
2023-05-08 23:00:00,0.0,9.9,4.6,89,100
2023-05-09 00:00:00,0.0,10.0,2.1,90,100
2023-05-09 01:00:00,0.0,9.9,1.8,92,100
2023-05-09 02:00:00,0.0,10.3,3.3,90,100
2023-05-09 03:00:00,0.0,10.4,2.8,90,100
2023-05-09 04:00:00,0.0,10.3,3.3,91,100
2023-05-09 05:00:00,0.0,8.4,2.6,98,100
2023-05-09 06:00:00,0.0,8.4,2.6,100,100
2023-05-09 07:00:00,0.0,9.9,4.9,96,100
2023-05-09 08:00:00,0.0,11.9,5.5,86,100
2023-05-09 09:00:00,0.0,13.5,7.2,77,100
2023-05-09 10:00:00,0.2,13.8,9.4,74,100
2023-05-09 11:00:00,0.6,13.4,8.4,80,100
2023-05-09 12:00:00,1.0,12.9,9.4,84,100
2023-05-09 13:00:00,1.3,12.2,11.5,88,100
2023-05-09 14:00:00,1.2,12.0,14.8,89,100
2023-05-09 15:00:00,1.3,11.7,11.8,90,100
2023-05-09 16:00:00,0.9,11.9,9.7,87,100
2023-05-09 17:00:00,0.4,11.9,11.2,87,83
2023-05-09 18:00:00,0.3,12.4,9.5,84,71
2023-05-09 19:00:00,0.1,12.0,12.5,82,50
2023-05-09 20:00:00,0.1,10.9,7.8,86,30
2023-05-09 21:00:00,0.0,10.2,5.8,88,66
2023-05-09 22:00:00,0.1,9.6,9.1,88,59
2023-05-09 23:00:00,0.1,9.4,9.4,87,86
2023-05-10 00:00:00,0.4,9.0,11.3,89,98
2023-05-10 01:00:00,0.1,8.6,13.2,88,65
2023-05-10 02:00:00,0.0,8.3,13.3,88,70
2023-05-10 03:00:00,0.0,7.3,12.2,84,81
2023-05-10 04:00:00,0.0,6.5,10.8,83,85
2023-05-10 05:00:00,0.0,5.9,9.7,83,85
2023-05-10 06:00:00,0.0,5.8,11.4,84,87
2023-05-10 07:00:00,0.0,6.6,13.4,81,100
2023-05-10 08:00:00,0.0,7.5,15.8,76,100
2023-05-10 09:00:00,0.1,8.2,18.0,69,77
2023-05-10 10:00:00,0.1,9.2,18.4,62,79
2023-05-10 11:00:00,0.1,9.8,20.3,55,80
2023-05-10 12:00:00,0.2,10.8,19.6,52,80
2023-05-10 13:00:00,0.1,10.8,18.7,51,85
2023-05-10 14:00:00,0.2,10.9,17.1,52,73
2023-05-10 15:00:00,0.3,11.3,16.8,53,60
2023-05-10 16:00:00,0.2,11.1,15.9,55,51
2023-05-10 17:00:00,0.1,11.2,13.0,57,63
2023-05-10 18:00:00,0.1,10.9,11.1,59,67
2023-05-10 19:00:00,0.1,9.5,12.2,67,48
2023-05-10 20:00:00,0.3,8.0,10.9,79,62
2023-05-10 21:00:00,0.1,7.5,8.4,83,56
2023-05-10 22:00:00,0.0,7.2,6.9,85,59
2023-05-10 23:00:00,0.0,6.7,6.7,88,84
2023-05-11 00:00:00,0.0,6.8,6.1,89,71
2023-05-11 01:00:00,0.0,6.9,5.8,89,95
2023-05-11 02:00:00,0.1,6.8,6.6,90,100
2023-05-11 03:00:00,0.1,7.0,7.8,90,100
2023-05-11 04:00:00,0.1,6.8,6.9,91,100
2023-05-11 05:00:00,0.3,6.7,8.2,92,100
2023-05-11 06:00:00,0.3,6.5,8.7,93,100
2023-05-11 07:00:00,0.3,6.8,9.7,95,100
2023-05-11 08:00:00,0.5,7.0,7.9,94,100
2023-05-11 09:00:00,0.7,7.4,7.8,90,100
2023-05-11 10:00:00,0.8,7.3,9.2,87,99
2023-05-11 11:00:00,1.0,8.2,10.3,78,98
2023-05-11 12:00:00,0.4,8.1,8.8,82,88
2023-05-11 13:00:00,0.3,9.6,10.2,79,77
2023-05-11 14:00:00,0.4,10.2,10.9,72,69
2023-05-11 15:00:00,0.3,9.9,11.9,75,69
2023-05-11 16:00:00,0.5,9.7,12.3,75,71
2023-05-11 17:00:00,0.1,9.4,15.3,75,71
2023-05-11 18:00:00,0.1,8.6,14.1,77,70
2023-05-11 19:00:00,0.0,8.2,10.2,78,62
2023-05-11 20:00:00,0.0,7.5,7.0,81,50
2023-05-11 21:00:00,0.0,7.0,7.7,85,60
2023-05-11 22:00:00,0.1,6.3,7.2,90,72
2023-05-11 23:00:00,0.1,6.4,6.4,87,96
2023-05-12 00:00:00,0.2,6.4,6.6,90,73
2023-05-12 01:00:00,0.1,6.4,7.1,91,100
2023-05-12 02:00:00,0.1,6.3,9.0,92,100
2023-05-12 03:00:00,0.1,6.3,10.9,94,100
2023-05-12 04:00:00,0.1,6.3,9.8,95,100
2023-05-12 05:00:00,0.1,6.3,9.4,96,100
2023-05-12 06:00:00,0.2,6.4,8.7,97,100
2023-05-12 07:00:00,0.2,6.2,10.2,98,100
2023-05-12 08:00:00,0.0,6.3,11.3,98,100
2023-05-12 09:00:00,0.0,6.3,11.9,94,99
2023-05-12 10:00:00,0.1,7.1,13.6,88,93
2023-05-12 11:00:00,0.4,8.5,10.8,89,98
2023-05-12 12:00:00,0.7,8.9,10.2,86,94
2023-05-12 13:00:00,0.4,9.3,11.3,86,79
2023-05-12 14:00:00,0.6,10.0,13.1,80,76
2023-05-12 15:00:00,0.4,10.2,14.2,80,81
2023-05-12 16:00:00,0.4,9.9,14.7,80,91
2023-05-12 17:00:00,0.3,9.1,14.6,76,96
2023-05-12 18:00:00,0.1,8.6,15.1,79,100
2023-05-12 19:00:00,0.0,8.0,14.8,84,99
2023-05-12 20:00:00,0.0,7.4,13.6,91,98
2023-05-12 21:00:00,0.0,7.2,11.8,95,100
2023-05-12 22:00:00,0.0,6.8,11.9,99,100
2023-05-12 23:00:00,0.0,7.0,11.5,98,100
2023-05-13 00:00:00,0.0,7.2,10.7,98,100
2023-05-13 01:00:00,0.0,7.1,12.3,99,100
2023-05-13 02:00:00,0.0,7.1,14.8,99,100
2023-05-13 03:00:00,0.1,7.0,13.5,99,100
2023-05-13 04:00:00,0.0,7.0,14.2,99,100
2023-05-13 05:00:00,0.1,6.7,14.4,99,100
2023-05-13 06:00:00,0.0,6.6,14.1,100,100
2023-05-13 07:00:00,0.0,6.6,14.8,100,100
2023-05-13 08:00:00,0.0,6.8,14.1,100,100
2023-05-13 09:00:00,0.1,7.2,12.2,95,96
2023-05-13 10:00:00,0.4,9.2,10.2,82,93
2023-05-13 11:00:00,0.5,9.8,11.2,89,85
2023-05-13 12:00:00,0.5,10.1,12.1,87,64
2023-05-13 13:00:00,0.5,10.9,13.1,87,78
2023-05-13 14:00:00,1.2,10.4,13.0,86,81
2023-05-13 15:00:00,0.6,10.5,13.4,87,80
2023-05-13 16:00:00,0.6,10.3,12.4,88,90
2023-05-13 17:00:00,0.6,10.4,12.2,90,84
2023-05-13 18:00:00,0.7,9.8,11.0,89,82
2023-05-13 19:00:00,0.2,8.9,10.3,89,95
2023-05-13 20:00:00,1.0,8.1,11.0,93,100
2023-05-13 21:00:00,0.5,7.8,9.5,95,100
2023-05-13 22:00:00,0.4,7.5,9.2,97,100
2023-05-13 23:00:00,0.1,7.5,7.7,100,100
2023-05-14 00:00:00,0.0,7.9,7.1,100,100
2023-05-14 01:00:00,0.1,7.8,11.1,99,100
2023-05-14 02:00:00,0.1,7.8,11.6,99,100
2023-05-14 03:00:00,0.1,7.6,11.1,99,100
2023-05-14 04:00:00,0.1,7.6,10.5,99,100
2023-05-14 05:00:00,0.1,7.6,10.2,99,100
2023-05-14 06:00:00,0.1,7.6,10.2,100,100
2023-05-14 07:00:00,0.1,7.7,11.0,99,100
2023-05-14 08:00:00,0.1,8.4,11.0,99,100
2023-05-14 09:00:00,0.5,8.4,11.8,99,100
2023-05-14 10:00:00,0.2,9.0,12.2,95,99
2023-05-14 11:00:00,1.0,10.0,12.4,86,96
2023-05-14 12:00:00,0.6,10.8,12.4,89,88
2023-05-14 13:00:00,0.4,11.6,13.8,86,85
2023-05-14 14:00:00,1.5,11.4,14.2,80,87
2023-05-14 15:00:00,0.4,11.8,14.7,82,72
2023-05-14 16:00:00,1.3,11.3,17.4,78,59
2023-05-14 17:00:00,0.5,11.9,17.4,77,73
2023-05-14 18:00:00,1.5,10.8,14.7,78,94
2023-05-14 19:00:00,0.3,10.4,17.1,81,79
2023-05-14 20:00:00,0.3,9.5,14.9,86,49
2023-05-14 21:00:00,0.0,8.3,12.4,89,51
2023-05-14 22:00:00,0.0,7.9,11.6,90,83
2023-05-14 23:00:00,0.0,7.3,13.0,95,100
2023-05-15 00:00:00,0.0,7.2,11.4,94,100
2023-05-15 01:00:00,0.0,7.1,10.0,95,99
2023-05-15 02:00:00,0.0,7.0,10.4,96,100
2023-05-15 03:00:00,0.0,6.6,11.3,96,100
2023-05-15 04:00:00,0.0,6.9,11.2,96,100
2023-05-15 05:00:00,0.0,7.0,12.0,96,100
2023-05-15 06:00:00,0.0,6.8,10.9,97,98
2023-05-15 07:00:00,0.1,7.5,14.7,97,98
2023-05-15 08:00:00,0.1,8.6,17.1,97,87
2023-05-15 09:00:00,0.1,9.7,17.4,93,75
2023-05-15 10:00:00,0.1,10.4,17.6,89,71
2023-05-15 11:00:00,0.1,12.6,17.0,52,47
2023-05-15 12:00:00,0.1,14.0,17.0,44,27
2023-05-15 13:00:00,0.0,14.8,16.8,42,31
2023-05-15 14:00:00,0.0,14.8,16.5,42,32
2023-05-15 15:00:00,0.0,14.6,17.0,44,27
2023-05-15 16:00:00,0.0,14.4,17.2,46,37
2023-05-15 17:00:00,0.0,14.1,17.7,48,37
2023-05-15 18:00:00,0.0,13.3,17.1,49,33
2023-05-15 19:00:00,0.0,12.4,15.4,54,36
2023-05-15 20:00:00,0.0,11.3,14.7,60,53
2023-05-15 21:00:00,0.0,9.7,13.7,68,56
2023-05-15 22:00:00,0.1,8.8,13.9,76,56
2023-05-15 23:00:00,0.1,8.3,12.9,83,100
2023-05-16 00:00:00,0.0,8.0,12.6,87,100
2023-05-16 01:00:00,0.1,7.9,14.3,90,100
2023-05-16 02:00:00,0.1,7.6,14.2,93,100
2023-05-16 03:00:00,0.1,7.1,16.7,96,100
2023-05-16 04:00:00,0.1,6.8,18.1,96,100
2023-05-16 05:00:00,0.1,6.6,19.3,97,100
2023-05-16 06:00:00,0.1,6.5,18.6,97,100
2023-05-16 07:00:00,0.1,6.5,19.7,96,100
2023-05-16 08:00:00,0.3,6.5,21.2,94,100
2023-05-16 09:00:00,0.3,6.2,19.9,97,100
2023-05-16 10:00:00,0.2,5.6,20.9,97,100
2023-05-16 11:00:00,0.2,5.6,18.3,96,100
2023-05-16 12:00:00,0.1,5.2,18.9,95,100
2023-05-16 13:00:00,0.2,5.7,20.8,89,100
2023-05-16 14:00:00,0.1,6.0,23.8,85,100
2023-05-16 15:00:00,0.2,6.0,22.9,82,100
2023-05-16 16:00:00,0.1,6.5,23.2,79,100
2023-05-16 17:00:00,0.1,6.8,20.7,77,96
2023-05-16 18:00:00,0.0,7.3,19.2,73,71
2023-05-16 19:00:00,0.0,7.4,18.4,69,49
2023-05-16 20:00:00,0.0,7.1,18.4,68,35
2023-05-16 21:00:00,0.0,6.5,17.7,68,32
2023-05-16 22:00:00,0.0,5.8,17.7,68,34
2023-05-16 23:00:00,0.0,5.2,17.7,69,56
2023-05-17 00:00:00,0.0,4.8,17.7,73,62
2023-05-17 01:00:00,0.0,4.2,17.7,77,36
2023-05-17 02:00:00,0.0,3.6,17.3,81,15
2023-05-17 03:00:00,0.0,3.3,16.3,83,6
2023-05-17 04:00:00,0.0,2.8,16.0,86,10
2023-05-17 05:00:00,0.0,1.9,15.9,89,14
2023-05-17 06:00:00,0.0,2.3,16.3,89,38
2023-05-17 07:00:00,0.0,4.0,18.2,83,64
2023-05-17 08:00:00,0.0,5.8,23.5,73,91
2023-05-17 09:00:00,0.0,7.4,25.0,65,98
2023-05-17 10:00:00,0.0,8.7,25.5,60,98
2023-05-17 11:00:00,0.0,9.5,24.0,55,98
2023-05-17 12:00:00,0.0,10.4,25.5,52,82
2023-05-17 13:00:00,0.0,10.7,26.4,50,100
2023-05-17 14:00:00,0.0,10.8,26.4,50,100
2023-05-17 15:00:00,0.0,10.6,25.3,51,95
2023-05-17 16:00:00,0.1,10.2,24.4,54,87
2023-05-17 17:00:00,0.0,9.9,23.1,55,86
2023-05-17 18:00:00,0.0,9.7,21.2,54,98
2023-05-17 19:00:00,0.0,9.3,17.5,55,89
2023-05-17 20:00:00,0.0,8.7,15.9,58,89
2023-05-17 21:00:00,0.0,7.8,15.5,63,92
2023-05-17 22:00:00,0.0,7.1,15.5,67,80
2023-05-17 23:00:00,0.0,6.7,16.0,70,56
2023-05-18 00:00:00,0.0,6.0,14.2,73,75
2023-05-18 01:00:00,0.0,5.3,12.6,76,62
2023-05-18 02:00:00,0.0,4.8,11.5,78,66
2023-05-18 03:00:00,0.0,4.2,11.9,81,81
2023-05-18 04:00:00,0.0,3.6,11.9,83,94
2023-05-18 05:00:00,0.0,2.9,11.3,87,84
2023-05-18 06:00:00,0.0,3.0,10.9,87,53
2023-05-18 07:00:00,0.0,4.4,10.9,82,57
2023-05-18 08:00:00,0.0,5.9,13.1,74,72
2023-05-18 09:00:00,0.0,6.9,14.1,71,99
2023-05-18 10:00:00,0.0,7.9,13.7,68,99
2023-05-18 11:00:00,0.0,9.2,11.5,63,100
2023-05-18 12:00:00,0.0,10.2,11.6,60,98
2023-05-18 13:00:00,0.1,10.8,12.4,59,100
2023-05-18 14:00:00,0.5,10.5,13.2,63,100
2023-05-18 15:00:00,0.4,10.5,11.6,65,100
2023-05-18 16:00:00,0.2,10.2,10.6,68,99
2023-05-18 17:00:00,0.3,10.0,10.0,72,96
2023-05-18 18:00:00,0.3,9.6,7.9,75,96
2023-05-18 19:00:00,0.2,9.3,7.6,78,95
2023-05-18 20:00:00,0.2,8.6,5.5,83,95
2023-05-18 21:00:00,0.2,7.8,5.6,85,99
2023-05-18 22:00:00,0.4,7.2,6.3,86,95
2023-05-18 23:00:00,0.2,7.5,8.0,85,100
2023-05-19 00:00:00,0.2,7.3,8.0,86,97
2023-05-19 01:00:00,0.3,7.0,7.7,87,90
2023-05-19 02:00:00,0.3,7.1,7.9,88,81
2023-05-19 03:00:00,0.3,6.8,7.9,90,87
2023-05-19 04:00:00,0.2,6.3,8.4,91,93
2023-05-19 05:00:00,0.1,5.9,8.7,92,91
2023-05-19 06:00:00,0.0,5.7,8.9,92,69
2023-05-19 07:00:00,0.0,6.5,9.1,90,53
2023-05-19 08:00:00,0.0,7.8,10.9,83,30
2023-05-19 09:00:00,0.0,9.6,13.5,74,49
2023-05-19 10:00:00,0.2,11.3,16.6,64,77
2023-05-19 11:00:00,0.1,12.1,16.4,60,54
2023-05-19 12:00:00,0.2,12.7,16.4,58,98
2023-05-19 13:00:00,0.0,12.5,15.6,59,100
2023-05-19 14:00:00,0.1,12.9,16.0,57,100
2023-05-19 15:00:00,0.1,12.9,16.8,57,91
2023-05-19 16:00:00,0.0,13.1,16.8,55,79
2023-05-19 17:00:00,0.0,13.1,17.5,53,75
2023-05-19 18:00:00,0.0,12.5,16.3,55,93
2023-05-19 19:00:00,0.0,11.8,13.3,59,95
2023-05-19 20:00:00,0.0,11.1,11.6,64,100
2023-05-19 21:00:00,0.0,10.2,10.7,71,100
2023-05-19 22:00:00,0.0,9.6,10.2,76,100
2023-05-19 23:00:00,0.0,9.6,9.4,73,100
2023-05-20 00:00:00,0.1,9.1,8.7,77,100
2023-05-20 01:00:00,0.2,9.0,8.9,78,97
2023-05-20 02:00:00,0.1,8.4,8.7,81,99
2023-05-20 03:00:00,0.1,8.2,8.0,83,96
2023-05-20 04:00:00,0.1,7.8,8.5,85,90
2023-05-20 05:00:00,0.2,7.6,9.3,87,67
2023-05-20 06:00:00,0.5,7.3,9.2,89,65
2023-05-20 07:00:00,0.1,7.7,8.8,87,60
2023-05-20 08:00:00,0.0,8.3,10.5,84,72
2023-05-20 09:00:00,0.0,9.6,10.9,79,86
2023-05-20 10:00:00,0.0,10.6,10.8,75,99
2023-05-20 11:00:00,0.0,12.4,11.3,67,100
2023-05-20 12:00:00,0.0,13.0,10.9,66,100
2023-05-20 13:00:00,0.1,13.6,9.8,64,100
2023-05-20 14:00:00,0.0,13.6,9.1,64,100
2023-05-20 15:00:00,0.1,13.6,8.8,66,100
2023-05-20 16:00:00,0.1,13.7,8.3,67,100
2023-05-20 17:00:00,1.2,13.2,7.6,72,100
2023-05-20 18:00:00,0.6,13.0,5.6,73,100
2023-05-20 19:00:00,0.6,12.3,4.3,81,100
2023-05-20 20:00:00,0.4,11.7,5.1,86,100
2023-05-20 21:00:00,0.2,11.0,6.0,90,100
2023-05-20 22:00:00,0.1,10.4,6.0,94,100
2023-05-20 23:00:00,0.0,9.9,5.2,91,100
2023-05-21 00:00:00,0.0,9.6,5.6,93,100
2023-05-21 01:00:00,0.0,9.7,5.5,93,99
2023-05-21 02:00:00,0.1,9.6,5.2,94,52
2023-05-21 03:00:00,0.1,9.4,5.5,94,36
2023-05-21 04:00:00,0.0,9.2,5.2,95,62
2023-05-21 05:00:00,0.0,9.6,6.3,96,95
2023-05-21 06:00:00,0.0,9.8,4.5,97,100
2023-05-21 07:00:00,0.0,10.2,5.1,95,100
2023-05-21 08:00:00,0.0,10.7,4.7,93,100
2023-05-21 09:00:00,0.1,11.6,4.7,90,100
2023-05-21 10:00:00,0.1,12.6,4.6,87,100
2023-05-21 11:00:00,0.1,13.4,4.6,82,100
2023-05-21 12:00:00,0.3,14.4,6.2,77,100
2023-05-21 13:00:00,0.1,15.6,4.3,69,100
2023-05-21 14:00:00,0.1,16.6,4.7,64,99
2023-05-21 15:00:00,0.0,16.7,5.8,66,100
2023-05-21 16:00:00,0.1,16.2,5.4,71,100
2023-05-21 17:00:00,0.2,15.6,4.4,75,100
2023-05-21 18:00:00,0.5,14.9,2.1,80,100
2023-05-21 19:00:00,0.3,14.2,3.9,83,100
2023-05-21 20:00:00,0.0,12.9,6.0,93,93
2023-05-21 21:00:00,0.0,12.3,7.9,95,81
2023-05-21 22:00:00,0.0,12.0,7.1,96,60
2023-05-21 23:00:00,0.0,10.3,6.8,97,32
2023-05-22 00:00:00,0.0,10.1,5.1,97,46
2023-05-22 01:00:00,0.0,10.0,6.4,98,62
2023-05-22 02:00:00,0.0,9.5,7.9,98,50
2023-05-22 03:00:00,0.0,9.7,8.1,98,51
2023-05-22 04:00:00,0.0,10.2,4.6,97,90
2023-05-22 05:00:00,0.0,10.4,2.7,96,100
2023-05-22 06:00:00,0.0,10.7,3.3,96,100
2023-05-22 07:00:00,0.0,11.4,2.9,97,100
2023-05-22 08:00:00,0.0,11.8,3.3,93,88
2023-05-22 09:00:00,0.0,13.0,3.3,90,48
2023-05-22 10:00:00,0.0,14.5,5.1,82,35
2023-05-22 11:00:00,0.0,17.3,8.3,72,53
2023-05-22 12:00:00,0.1,18.4,10.1,65,54
2023-05-22 13:00:00,0.3,19.0,9.8,61,33
2023-05-22 14:00:00,0.6,18.9,10.8,63,46
2023-05-22 15:00:00,2.2,17.2,11.5,73,34
2023-05-22 16:00:00,0.4,17.4,13.3,75,73
2023-05-22 17:00:00,1.2,16.6,12.8,76,89
2023-05-22 18:00:00,1.6,15.1,9.0,81,77
2023-05-22 19:00:00,1.7,14.6,6.9,84,74
2023-05-22 20:00:00,2.2,12.9,4.7,92,86
2023-05-22 21:00:00,1.5,11.7,4.2,95,75
2023-05-22 22:00:00,0.8,11.5,4.4,96,77
2023-05-22 23:00:00,0.5,11.6,4.6,93,100
2023-05-23 00:00:00,0.2,11.7,7.9,94,97
2023-05-23 01:00:00,0.0,11.5,6.9,95,99
2023-05-23 02:00:00,0.1,11.4,6.9,96,100
2023-05-23 03:00:00,0.1,11.2,6.7,97,99
2023-05-23 04:00:00,0.1,11.0,7.6,98,100
2023-05-23 05:00:00,0.0,11.2,8.8,98,100
2023-05-23 06:00:00,0.0,11.3,8.7,99,100
2023-05-23 07:00:00,0.1,11.9,7.0,98,100
2023-05-23 08:00:00,0.0,12.6,8.3,99,100
2023-05-23 09:00:00,0.0,12.9,7.6,99,100
2023-05-23 10:00:00,0.1,13.3,8.3,97,100
2023-05-23 11:00:00,0.1,14.3,7.3,83,100
2023-05-23 12:00:00,0.1,14.7,8.6,84,100
2023-05-23 13:00:00,0.1,15.4,10.9,83,100
2023-05-23 14:00:00,0.6,14.9,12.4,86,100
2023-05-23 15:00:00,0.8,14.9,13.0,87,100
2023-05-23 16:00:00,0.4,14.9,14.1,89,100
2023-05-23 17:00:00,0.6,15.2,12.6,89,100
2023-05-23 18:00:00,1.3,13.9,10.4,90,100
2023-05-23 19:00:00,0.6,13.3,10.5,88,100
2023-05-23 20:00:00,0.2,12.7,10.4,89,100
2023-05-23 21:00:00,0.1,12.3,9.8,91,100
2023-05-23 22:00:00,0.0,12.1,9.8,93,100
2023-05-23 23:00:00,0.0,11.6,9.4,93,100
2023-05-24 00:00:00,0.0,11.2,8.3,94,100
2023-05-24 01:00:00,0.0,10.9,7.2,94,100
2023-05-24 02:00:00,0.0,10.5,8.0,94,100
2023-05-24 03:00:00,0.0,10.0,8.4,95,100
2023-05-24 04:00:00,0.0,9.6,8.8,96,100
2023-05-24 05:00:00,0.0,9.5,8.4,96,100
2023-05-24 06:00:00,0.0,9.4,7.8,96,100
2023-05-24 07:00:00,0.0,10.0,9.4,95,100
2023-05-24 08:00:00,0.0,10.5,9.4,93,100
2023-05-24 09:00:00,0.0,10.8,9.1,91,100
2023-05-24 10:00:00,0.0,11.3,10.6,87,100
2023-05-24 11:00:00,0.2,13.1,9.7,76,100
2023-05-24 12:00:00,0.2,14.4,10.6,70,100
2023-05-24 13:00:00,0.2,14.9,12.1,67,95
2023-05-24 14:00:00,0.1,15.2,13.7,65,90
2023-05-24 15:00:00,0.1,15.2,15.2,65,86
2023-05-24 16:00:00,0.0,15.4,16.0,64,90
2023-05-24 17:00:00,0.0,14.8,15.3,64,73
2023-05-24 18:00:00,0.0,14.6,14.8,63,58
2023-05-24 19:00:00,0.0,14.1,13.3,61,52
2023-05-24 20:00:00,0.0,12.8,11.3,64,35
2023-05-24 21:00:00,0.0,11.3,10.4,68,40
2023-05-24 22:00:00,0.0,10.1,10.8,71,31
2023-05-24 23:00:00,0.0,9.6,10.1,72,37
2023-05-25 00:00:00,0.0,8.2,7.9,75,11
2023-05-25 01:00:00,0.0,6.9,8.0,80,7
2023-05-25 02:00:00,0.0,5.9,7.4,83,3
2023-05-25 03:00:00,0.0,5.1,6.4,87,4
2023-05-25 04:00:00,0.0,4.0,6.9,90,2
2023-05-25 05:00:00,0.0,3.4,8.4,93,2
2023-05-25 06:00:00,0.0,3.9,9.2,94,1
2023-05-25 07:00:00,0.0,6.0,9.8,87,2
2023-05-25 08:00:00,0.0,7.4,11.3,79,45
2023-05-25 09:00:00,0.0,8.9,11.8,71,45
2023-05-25 10:00:00,0.0,10.5,12.0,63,53
2023-05-25 11:00:00,0.0,11.7,9.5,58,65
2023-05-25 12:00:00,0.0,12.8,10.3,57,97
2023-05-25 13:00:00,0.0,13.5,10.2,58,100
2023-05-25 14:00:00,0.0,14.4,10.8,58,100
2023-05-25 15:00:00,0.0,15.6,10.6,55,100
2023-05-25 16:00:00,0.0,16.0,10.2,55,99
2023-05-25 17:00:00,0.0,16.4,9.7,54,99
2023-05-25 18:00:00,0.0,16.6,10.5,53,95
2023-05-25 19:00:00,0.0,16.2,8.4,55,93
2023-05-25 20:00:00,0.0,14.4,4.3,65,90
2023-05-25 21:00:00,0.0,11.6,7.1,78,69
2023-05-25 22:00:00,0.0,10.5,5.4,83,54
2023-05-25 23:00:00,0.0,9.6,5.2,84,37
2023-05-26 00:00:00,0.0,9.5,0.8,85,24
2023-05-26 01:00:00,0.0,9.5,0.8,85,12
2023-05-26 02:00:00,0.0,9.3,2.8,86,5
2023-05-26 03:00:00,0.0,8.8,2.2,88,6
2023-05-26 04:00:00,0.0,8.2,1.8,90,2
2023-05-26 05:00:00,0.0,7.9,0.4,91,3
2023-05-26 06:00:00,0.0,7.4,0.7,95,2
2023-05-26 07:00:00,0.0,10.6,1.6,88,0
2023-05-26 08:00:00,0.0,13.6,2.2,76,2
2023-05-26 09:00:00,0.0,16.0,3.4,68,0
2023-05-26 10:00:00,0.0,17.6,4.8,61,0
2023-05-26 11:00:00,0.0,19.0,6.6,55,2
2023-05-26 12:00:00,0.1,19.9,9.2,51,2
2023-05-26 13:00:00,0.1,20.7,11.0,49,24
2023-05-26 14:00:00,0.1,20.7,10.7,49,39
2023-05-26 15:00:00,0.1,20.8,9.7,49,33
2023-05-26 16:00:00,0.1,20.9,9.9,50,32
2023-05-26 17:00:00,0.2,20.3,11.3,52,49
2023-05-26 18:00:00,0.0,19.7,11.1,53,48
2023-05-26 19:00:00,0.0,18.7,8.8,55,43
2023-05-26 20:00:00,0.0,16.4,5.4,68,43
2023-05-26 21:00:00,0.0,14.5,7.0,77,27
2023-05-26 22:00:00,0.0,12.2,7.9,85,32
2023-05-26 23:00:00,0.0,11.2,8.1,88,20
2023-05-27 00:00:00,0.0,10.4,6.8,90,17
2023-05-27 01:00:00,0.0,10.0,5.6,89,13
2023-05-27 02:00:00,0.0,9.6,5.7,91,7
2023-05-27 03:00:00,0.0,10.1,5.8,89,3
2023-05-27 04:00:00,0.0,10.0,5.4,90,2
2023-05-27 05:00:00,0.0,9.3,4.7,92,2
2023-05-27 06:00:00,0.0,8.7,4.2,95,1
2023-05-27 07:00:00,0.0,12.3,2.6,87,0
2023-05-27 08:00:00,0.0,15.1,2.1,76,0
2023-05-27 09:00:00,0.0,17.4,2.4,70,0
2023-05-27 10:00:00,0.0,19.1,3.3,63,0
2023-05-27 11:00:00,0.1,20.4,6.6,55,0
2023-05-27 12:00:00,0.1,21.3,7.9,50,26
2023-05-27 13:00:00,0.0,21.8,6.6,49,37
2023-05-27 14:00:00,0.1,22.3,5.9,47,37
2023-05-27 15:00:00,0.0,22.6,5.0,48,32
2023-05-27 16:00:00,0.0,22.5,4.7,49,30
2023-05-27 17:00:00,0.0,22.1,6.1,50,36
2023-05-27 18:00:00,0.0,20.7,8.0,51,47
2023-05-27 19:00:00,0.1,19.2,6.1,55,57
2023-05-27 20:00:00,0.1,17.7,6.6,64,71
2023-05-27 21:00:00,0.3,14.8,6.3,80,76
2023-05-27 22:00:00,0.0,14.4,6.0,79,30
2023-05-27 23:00:00,0.0,13.3,4.2,83,64
2023-05-28 00:00:00,0.0,14.8,1.3,74,72
2023-05-28 01:00:00,0.0,14.3,4.2,76,64
2023-05-28 02:00:00,0.0,13.7,5.4,78,33
2023-05-28 03:00:00,0.0,13.2,5.4,79,56
2023-05-28 04:00:00,0.0,12.8,3.3,80,48
2023-05-28 05:00:00,0.0,12.4,3.8,82,33
2023-05-28 06:00:00,0.0,12.3,3.6,83,35
2023-05-28 07:00:00,0.0,14.0,3.6,82,23
2023-05-28 08:00:00,0.0,16.6,0.8,73,39
2023-05-28 09:00:00,0.0,18.8,3.7,65,37
2023-05-28 10:00:00,0.0,20.1,3.7,58,35
2023-05-28 11:00:00,0.0,20.8,3.6,52,20
2023-05-28 12:00:00,0.0,21.7,5.2,51,25
2023-05-28 13:00:00,0.1,22.2,5.8,52,42
2023-05-28 14:00:00,0.1,21.8,6.9,51,40
2023-05-28 15:00:00,0.1,21.4,9.6,52,60
2023-05-28 16:00:00,0.1,20.6,7.6,50,72
2023-05-28 17:00:00,0.1,20.3,2.2,51,77
2023-05-28 18:00:00,0.7,19.2,1.8,53,83
2023-05-28 19:00:00,0.4,18.5,1.6,55,73
2023-05-28 20:00:00,0.0,16.5,3.5,63,49
2023-05-28 21:00:00,0.0,14.4,3.1,72,33
2023-05-28 22:00:00,0.0,13.9,4.0,73,12
2023-05-28 23:00:00,0.0,13.2,4.2,74,23
2023-05-29 00:00:00,0.0,13.2,3.9,74,9
2023-05-29 01:00:00,0.0,12.9,4.6,75,4
2023-05-29 02:00:00,0.0,12.8,4.5,75,8
2023-05-29 03:00:00,0.0,12.2,4.6,77,14
2023-05-29 04:00:00,0.0,11.5,5.1,79,18
2023-05-29 05:00:00,0.0,10.0,5.4,82,16
2023-05-29 06:00:00,0.0,9.2,4.0,89,14
2023-05-29 07:00:00,0.0,12.5,3.9,79,5
2023-05-29 08:00:00,0.0,14.8,3.9,70,6
2023-05-29 09:00:00,0.0,16.9,5.4,63,1
2023-05-29 10:00:00,0.0,19.0,6.6,56,1
2023-05-29 11:00:00,0.0,20.0,9.0,47,4
2023-05-29 12:00:00,0.0,21.0,12.7,41,30
2023-05-29 13:00:00,0.0,21.4,12.4,39,17
2023-05-29 14:00:00,0.0,22.0,11.9,37,11
2023-05-29 15:00:00,0.0,21.9,13.0,37,16
2023-05-29 16:00:00,0.0,21.4,14.2,38,19
2023-05-29 17:00:00,0.1,20.6,14.5,41,43
2023-05-29 18:00:00,0.0,19.9,13.2,41,29
2023-05-29 19:00:00,0.0,19.1,9.4,43,37
2023-05-29 20:00:00,0.0,17.0,5.8,52,34
2023-05-29 21:00:00,0.0,13.9,5.9,66,21
2023-05-29 22:00:00,0.0,12.6,6.4,70,15
2023-05-29 23:00:00,0.0,12.2,4.9,69,20
2023-05-30 00:00:00,0.0,11.0,4.6,75,4
2023-05-30 01:00:00,0.0,10.6,5.8,77,11
2023-05-30 02:00:00,0.0,9.4,5.4,83,40
2023-05-30 03:00:00,0.0,8.5,4.8,87,60
2023-05-30 04:00:00,0.0,8.4,5.8,85,35
2023-05-30 05:00:00,0.0,8.0,6.4,86,7
2023-05-30 06:00:00,0.0,9.1,4.4,87,8
2023-05-30 07:00:00,0.0,12.3,3.5,77,3
2023-05-30 08:00:00,0.0,14.5,4.3,68,17
2023-05-30 09:00:00,0.0,16.3,5.5,63,74
2023-05-30 10:00:00,0.0,17.9,5.7,58,94
2023-05-30 11:00:00,0.0,19.6,8.1,53,88
2023-05-30 12:00:00,0.0,20.6,9.6,51,98
2023-05-30 13:00:00,0.0,20.9,11.3,49,96
2023-05-30 14:00:00,0.0,21.6,12.1,47,93
2023-05-30 15:00:00,0.0,21.8,13.2,45,77
2023-05-30 16:00:00,0.0,22.0,13.7,43,52
2023-05-30 17:00:00,0.1,21.8,14.5,41,28
2023-05-30 18:00:00,0.0,21.2,13.4,41,34
2023-05-30 19:00:00,0.0,20.3,11.3,40,53
2023-05-30 20:00:00,0.0,18.3,8.7,47,36
2023-05-30 21:00:00,0.0,15.3,7.2,58,27
2023-05-30 22:00:00,0.0,13.6,5.4,67,22
2023-05-30 23:00:00,0.0,12.0,5.2,77,7
2023-05-31 00:00:00,0.0,11.0,6.8,81,8
2023-05-31 01:00:00,0.0,9.6,6.7,88,6
2023-05-31 02:00:00,0.0,8.7,6.6,92,12
2023-05-31 03:00:00,0.0,7.9,6.6,94,12
2023-05-31 04:00:00,0.0,7.1,7.1,96,3
2023-05-31 05:00:00,0.0,6.3,7.3,98,2
2023-05-31 06:00:00,0.0,8.1,4.2,96,0
2023-05-31 07:00:00,0.0,11.6,3.9,81,0
2023-05-31 08:00:00,0.0,14.3,4.2,69,0
2023-05-31 09:00:00,0.0,16.3,4.6,62,0
2023-05-31 10:00:00,0.0,18.1,5.4,55,0
2023-05-31 11:00:00,0.0,19.3,6.9,49,0
2023-05-31 12:00:00,0.1,20.2,9.0,44,27
2023-05-31 13:00:00,0.0,20.9,9.7,41,35
2023-05-31 14:00:00,0.0,20.9,9.2,40,27
2023-05-31 15:00:00,0.0,21.0,8.9,40,39
2023-05-31 16:00:00,0.0,20.8,9.7,43,57
2023-05-31 17:00:00,0.1,19.2,9.0,47,66
2023-05-31 18:00:00,0.8,16.7,9.4,60,65
2023-05-31 19:00:00,0.0,16.0,6.3,62,48
2023-05-31 20:00:00,0.0,15.5,3.8,63,55
2023-05-31 21:00:00,0.0,14.4,5.5,69,65
2023-05-31 22:00:00,0.0,11.7,6.6,83,69
2023-05-31 23:00:00,0.0,11.2,6.6,85,18
2023-06-01 00:00:00,0.0,10.1,6.9,89,22
2023-06-01 01:00:00,0.0,9.3,6.2,92,26
2023-06-01 02:00:00,0.0,8.5,6.5,94,21
2023-06-01 03:00:00,0.0,7.9,6.0,96,28
2023-06-01 04:00:00,0.0,7.3,5.0,97,2
2023-06-01 05:00:00,0.0,6.8,4.5,98,14
2023-06-01 06:00:00,0.0,8.3,3.3,97,22
2023-06-01 07:00:00,0.0,11.2,2.5,86,6
2023-06-01 08:00:00,0.0,14.2,1.6,72,0
2023-06-01 09:00:00,0.0,16.8,2.3,58,0
2023-06-01 10:00:00,0.0,18.8,2.3,49,0
2023-06-01 11:00:00,0.1,20.1,4.3,46,8
2023-06-01 12:00:00,0.0,20.5,7.4,44,19
2023-06-01 13:00:00,0.1,20.7,8.4,45,45
2023-06-01 14:00:00,0.0,21.8,9.0,44,66
2023-06-01 15:00:00,0.0,21.3,9.0,47,53
2023-06-01 16:00:00,0.1,20.2,7.8,53,57
2023-06-01 17:00:00,0.0,20.4,8.1,54,42
2023-06-01 18:00:00,0.3,19.6,7.4,57,63
2023-06-01 19:00:00,0.9,18.1,4.5,66,78
2023-06-01 20:00:00,0.0,16.5,4.6,73,66
2023-06-01 21:00:00,0.0,14.6,5.2,80,64
2023-06-01 22:00:00,0.0,12.9,5.9,89,64
2023-06-01 23:00:00,0.0,11.3,6.4,90,71
2023-06-02 00:00:00,0.0,10.7,7.0,90,86
2023-06-02 01:00:00,0.0,10.3,2.2,91,85
2023-06-02 02:00:00,0.0,9.5,5.8,92,79
2023-06-02 03:00:00,0.0,9.0,5.5,92,88
2023-06-02 04:00:00,0.0,8.7,5.0,92,89
2023-06-02 05:00:00,0.0,8.6,5.1,91,93
2023-06-02 06:00:00,0.0,9.8,5.4,89,90
2023-06-02 07:00:00,0.0,12.8,3.6,81,94
2023-06-02 08:00:00,0.0,15.3,3.3,71,98
2023-06-02 09:00:00,0.0,17.6,5.0,64,91
2023-06-02 10:00:00,0.0,19.5,5.8,57,82
2023-06-02 11:00:00,0.0,20.0,5.8,54,68
2023-06-02 12:00:00,0.0,21.2,8.1,53,64
2023-06-02 13:00:00,0.1,21.7,8.7,51,49
2023-06-02 14:00:00,0.1,21.7,9.2,50,55
2023-06-02 15:00:00,0.1,20.5,10.5,54,73
2023-06-02 16:00:00,0.2,20.5,13.0,57,60
2023-06-02 17:00:00,0.2,20.0,11.3,57,74
2023-06-02 18:00:00,0.1,19.0,3.3,58,95
2023-06-02 19:00:00,1.0,17.4,2.2,69,97
2023-06-02 20:00:00,1.4,15.5,3.4,79,96
2023-06-02 21:00:00,0.5,13.7,3.9,88,98
2023-06-02 22:00:00,0.1,12.7,6.4,93,99
2023-06-02 23:00:00,0.0,12.1,2.5,95,97
2023-06-03 00:00:00,0.0,11.5,2.5,94,91
2023-06-03 01:00:00,0.0,11.0,2.5,92,89
2023-06-03 02:00:00,0.0,10.9,3.3,90,82
2023-06-03 03:00:00,0.0,11.0,2.4,89,90
2023-06-03 04:00:00,0.0,10.9,2.6,88,83
2023-06-03 05:00:00,0.0,10.2,2.7,91,84
2023-06-03 06:00:00,0.0,10.2,3.2,94,81
2023-06-03 07:00:00,0.0,12.1,3.9,91,73
2023-06-03 08:00:00,0.0,13.9,4.2,81,69
2023-06-03 09:00:00,0.0,15.5,2.6,75,49
2023-06-03 10:00:00,0.0,17.4,0.8,68,61
2023-06-03 11:00:00,0.1,18.3,3.3,65,9
2023-06-03 12:00:00,0.2,19.7,4.8,59,36
2023-06-03 13:00:00,0.3,19.8,4.8,59,34
2023-06-03 14:00:00,1.5,19.6,5.5,60,37
2023-06-03 15:00:00,1.0,20.2,4.8,59,50
2023-06-03 16:00:00,0.5,20.9,5.0,57,51
2023-06-03 17:00:00,0.8,19.3,7.2,66,70
2023-06-03 18:00:00,2.4,18.1,5.8,72,84
2023-06-03 19:00:00,3.6,15.3,4.8,82,92
2023-06-03 20:00:00,2.6,14.1,3.9,88,99
2023-06-03 21:00:00,1.3,13.2,1.4,92,98
2023-06-03 22:00:00,0.3,12.5,4.3,95,98
2023-06-03 23:00:00,0.0,12.3,6.2,96,100
2023-06-04 00:00:00,0.0,11.9,6.6,95,100
2023-06-04 01:00:00,0.0,11.0,6.2,97,99
2023-06-04 02:00:00,0.0,10.1,5.9,100,77
2023-06-04 03:00:00,0.0,9.5,4.8,100,65
2023-06-04 04:00:00,0.0,9.2,5.0,100,73
2023-06-04 05:00:00,0.0,8.8,5.1,100,62
2023-06-04 06:00:00,0.0,8.8,3.6,98,94
2023-06-04 07:00:00,0.0,11.8,3.2,96,96
2023-06-04 08:00:00,0.0,14.2,2.9,92,67
2023-06-04 09:00:00,0.0,16.0,2.5,79,52
2023-06-04 10:00:00,0.1,17.6,2.3,72,63
2023-06-04 11:00:00,0.0,19.2,2.6,62,82
2023-06-04 12:00:00,0.1,20.2,5.5,56,60
2023-06-04 13:00:00,0.1,20.4,6.1,53,45
2023-06-04 14:00:00,0.1,20.7,6.1,52,50
2023-06-04 15:00:00,0.1,20.4,3.5,54,80
2023-06-04 16:00:00,0.1,19.6,4.0,57,35
2023-06-04 17:00:00,0.1,18.8,4.5,62,57
2023-06-04 18:00:00,0.8,18.1,3.3,66,67
2023-06-04 19:00:00,3.5,16.1,2.9,80,71
2023-06-04 20:00:00,2.2,14.6,3.9,89,84
2023-06-04 21:00:00,0.3,13.9,2.4,89,74
2023-06-04 22:00:00,0.0,12.5,4.6,93,40
2023-06-04 23:00:00,0.0,11.5,5.9,93,52
2023-06-05 00:00:00,0.0,10.1,5.6,95,60
2023-06-05 01:00:00,0.0,10.0,5.1,96,54
2023-06-05 02:00:00,0.0,8.5,4.6,100,82
2023-06-05 03:00:00,0.0,7.8,3.1,99,100
2023-06-05 04:00:00,0.0,7.9,3.6,100,97
2023-06-05 05:00:00,0.0,7.9,3.4,100,95
2023-06-05 06:00:00,0.0,8.5,3.4,99,94
2023-06-05 07:00:00,0.0,10.8,3.1,94,88
2023-06-05 08:00:00,0.0,12.9,2.1,92,63
2023-06-05 09:00:00,0.0,15.2,2.3,86,24
2023-06-05 10:00:00,0.0,17.4,4.0,74,14
2023-06-05 11:00:00,0.2,19.4,7.1,66,32
2023-06-05 12:00:00,0.1,20.3,9.0,60,41
2023-06-05 13:00:00,0.1,21.2,8.7,55,64
2023-06-05 14:00:00,0.1,21.2,8.8,52,47
2023-06-05 15:00:00,0.1,21.5,8.6,52,54
2023-06-05 16:00:00,0.1,21.1,8.6,52,44
2023-06-05 17:00:00,0.3,20.5,8.6,52,38
2023-06-05 18:00:00,0.2,19.6,8.2,55,70
2023-06-05 19:00:00,0.0,18.8,5.0,60,45
2023-06-05 20:00:00,0.0,18.2,4.6,59,34
2023-06-05 21:00:00,0.0,17.1,4.8,65,43
2023-06-05 22:00:00,0.0,15.1,5.3,73,33
2023-06-05 23:00:00,0.0,13.2,4.6,77,28
2023-06-06 00:00:00,0.0,13.2,4.1,75,14
2023-06-06 01:00:00,0.0,12.9,4.6,75,14
2023-06-06 02:00:00,0.0,12.0,4.8,77,4
2023-06-06 03:00:00,0.0,11.2,3.3,81,14
2023-06-06 04:00:00,0.0,10.9,3.9,81,1
2023-06-06 05:00:00,0.0,10.6,3.8,82,2
2023-06-06 06:00:00,0.0,9.5,2.5,91,4
2023-06-06 07:00:00,0.0,12.8,1.3,83,22
2023-06-06 08:00:00,0.0,15.9,1.5,68,29
2023-06-06 09:00:00,0.0,18.4,3.1,58,38
2023-06-06 10:00:00,0.1,19.8,5.1,51,34
2023-06-06 11:00:00,0.1,20.3,6.9,47,47
2023-06-06 12:00:00,0.1,21.3,7.7,44,62
2023-06-06 13:00:00,0.0,21.5,6.5,42,71
2023-06-06 14:00:00,0.0,21.5,5.5,41,59
2023-06-06 15:00:00,0.0,21.9,5.2,41,72
2023-06-06 16:00:00,0.0,21.7,5.4,41,86
2023-06-06 17:00:00,0.0,21.2,4.8,41,92
2023-06-06 18:00:00,0.1,20.7,4.5,41,76
2023-06-06 19:00:00,0.0,19.9,3.4,50,41
2023-06-06 20:00:00,0.0,19.6,5.5,42,43
2023-06-06 21:00:00,0.0,17.3,6.5,52,49
2023-06-06 22:00:00,0.0,15.5,5.4,59,54
2023-06-06 23:00:00,0.0,15.4,5.4,53,22
2023-06-07 00:00:00,0.0,14.7,5.0,54,2
2023-06-07 01:00:00,0.0,14.3,3.5,56,2
2023-06-07 02:00:00,0.0,13.6,3.3,59,6
2023-06-07 03:00:00,0.0,12.8,2.5,63,5
2023-06-07 04:00:00,0.0,12.3,1.5,65,2
2023-06-07 05:00:00,0.0,12.0,1.3,66,1
2023-06-07 06:00:00,0.0,10.5,2.3,80,1
2023-06-07 07:00:00,0.0,13.4,2.6,71,0
2023-06-07 08:00:00,0.0,16.4,0.5,61,0
2023-06-07 09:00:00,0.0,19.0,2.8,52,0
2023-06-07 10:00:00,0.0,20.7,5.4,46,10
2023-06-07 11:00:00,0.0,21.4,5.6,44,20
2023-06-07 12:00:00,0.0,22.2,6.2,41,18
2023-06-07 13:00:00,0.0,22.8,5.8,38,14
2023-06-07 14:00:00,0.0,22.9,4.7,38,11
2023-06-07 15:00:00,0.0,23.3,4.0,38,7
2023-06-07 16:00:00,0.0,23.2,4.0,38,45
2023-06-07 17:00:00,0.0,23.1,3.8,38,85
2023-06-07 18:00:00,0.0,22.9,3.8,37,99
2023-06-07 19:00:00,0.0,21.9,3.4,46,100
2023-06-07 20:00:00,0.0,20.8,4.0,42,99
2023-06-07 21:00:00,0.0,19.2,4.9,48,96
2023-06-07 22:00:00,0.0,17.6,5.8,54,99
2023-06-07 23:00:00,0.0,14.5,6.6,71,97
2023-06-08 00:00:00,0.0,13.5,6.1,77,73
2023-06-08 01:00:00,0.0,12.7,6.0,82,73
2023-06-08 02:00:00,0.0,12.0,6.8,87,80
2023-06-08 03:00:00,0.0,11.3,6.1,92,56
2023-06-08 04:00:00,0.0,10.5,6.2,94,36
2023-06-08 05:00:00,0.0,9.9,5.8,96,11
2023-06-08 06:00:00,0.0,11.4,7.6,95,12
2023-06-08 07:00:00,0.0,14.1,7.2,85,31
2023-06-08 08:00:00,0.0,16.8,6.5,74,27
2023-06-08 09:00:00,0.0,18.9,5.0,62,6
2023-06-08 10:00:00,0.0,20.6,4.0,54,17
2023-06-08 11:00:00,0.0,21.6,5.1,49,23
2023-06-08 12:00:00,0.0,22.3,6.5,45,30
2023-06-08 13:00:00,0.0,23.0,6.6,43,53
2023-06-08 14:00:00,0.0,23.4,6.6,41,96
2023-06-08 15:00:00,0.0,23.5,7.7,40,99
2023-06-08 16:00:00,0.0,23.1,8.3,42,100
2023-06-08 17:00:00,0.0,22.5,7.6,46,94
2023-06-08 18:00:00,0.0,21.7,7.9,51,99
2023-06-08 19:00:00,0.0,20.8,7.6,55,100
2023-06-08 20:00:00,0.0,19.1,6.5,63,100
2023-06-08 21:00:00,0.0,17.2,6.5,72,100
2023-06-08 22:00:00,0.0,16.1,6.9,77,100
2023-06-08 23:00:00,0.0,15.8,9.0,76,100
2023-06-09 00:00:00,0.0,15.1,6.8,78,95
2023-06-09 01:00:00,0.0,14.3,8.8,81,96
2023-06-09 02:00:00,0.0,13.5,8.4,83,99
2023-06-09 03:00:00,0.0,12.7,7.9,84,98
2023-06-09 04:00:00,0.0,11.9,6.6,85,96
2023-06-09 05:00:00,0.0,11.6,6.3,83,98
2023-06-09 06:00:00,0.0,13.0,7.8,77,96
2023-06-09 07:00:00,0.0,14.7,8.5,70,99
2023-06-09 08:00:00,0.0,16.4,9.8,63,96
2023-06-09 09:00:00,0.0,17.6,12.2,60,98
2023-06-09 10:00:00,0.0,17.6,13.7,65,98
2023-06-09 11:00:00,0.2,19.1,13.4,61,93
2023-06-09 12:00:00,0.3,19.2,15.1,63,80
2023-06-09 13:00:00,0.1,18.6,14.3,66,72
2023-06-09 14:00:00,0.2,18.8,14.2,66,83
2023-06-09 15:00:00,0.0,18.0,13.4,69,79
2023-06-09 16:00:00,0.1,18.6,12.7,67,99
2023-06-09 17:00:00,0.4,17.4,7.6,71,100
2023-06-09 18:00:00,0.4,16.8,6.8,74,100
2023-06-09 19:00:00,0.8,15.7,5.1,82,100
2023-06-09 20:00:00,1.4,14.9,5.2,88,100
2023-06-09 21:00:00,0.9,14.2,5.8,91,99
2023-06-09 22:00:00,1.0,13.8,6.1,94,99
2023-06-09 23:00:00,0.7,13.8,4.2,94,91
2023-06-10 00:00:00,0.2,13.8,4.7,93,94
2023-06-10 01:00:00,0.1,13.4,5.0,95,92
2023-06-10 02:00:00,0.0,13.1,4.3,96,96
2023-06-10 03:00:00,0.0,12.7,3.4,98,82
2023-06-10 04:00:00,0.0,12.3,4.1,98,78
2023-06-10 05:00:00,0.0,12.0,4.6,99,83
2023-06-10 06:00:00,0.0,12.7,3.9,99,75
2023-06-10 07:00:00,0.0,14.0,3.1,92,72
2023-06-10 08:00:00,0.0,15.4,2.6,84,79
2023-06-10 09:00:00,0.0,17.0,2.4,75,60
2023-06-10 10:00:00,0.1,18.3,1.8,66,55
2023-06-10 11:00:00,0.0,19.9,5.4,60,65
2023-06-10 12:00:00,0.1,20.5,7.9,58,81
2023-06-10 13:00:00,1.2,20.2,8.7,60,76
2023-06-10 14:00:00,1.7,19.0,8.7,67,73
2023-06-10 15:00:00,3.3,17.3,9.4,80,82
2023-06-10 16:00:00,0.2,18.3,9.7,78,63
2023-06-10 17:00:00,0.1,19.2,9.2,71,62
2023-06-10 18:00:00,0.0,19.2,8.4,70,72
2023-06-10 19:00:00,0.0,19.5,8.0,65,77
2023-06-10 20:00:00,0.0,18.2,5.3,66,83
2023-06-10 21:00:00,0.0,15.8,4.6,79,83
2023-06-10 22:00:00,0.0,14.6,5.1,86,88
2023-06-10 23:00:00,0.0,14.0,5.4,89,77
2023-06-11 00:00:00,0.0,13.2,4.5,91,79
2023-06-11 01:00:00,0.0,13.0,4.7,92,86
2023-06-11 02:00:00,0.0,12.4,4.4,93,85
2023-06-11 03:00:00,0.0,12.0,5.4,95,100
2023-06-11 04:00:00,0.0,11.7,4.4,95,100
2023-06-11 05:00:00,0.0,12.4,4.3,95,95
2023-06-11 06:00:00,0.0,13.4,4.0,92,97
2023-06-11 07:00:00,0.0,14.8,4.6,88,100
2023-06-11 08:00:00,0.0,16.2,5.8,81,93
2023-06-11 09:00:00,0.0,17.5,6.8,75,82
2023-06-11 10:00:00,0.1,18.3,8.2,72,64
2023-06-11 11:00:00,0.1,20.3,11.2,68,66
2023-06-11 12:00:00,0.1,21.3,10.4,65,73
2023-06-11 13:00:00,0.7,21.3,9.8,66,86
2023-06-11 14:00:00,0.6,21.0,10.5,66,95
2023-06-11 15:00:00,0.4,20.7,11.3,64,94
2023-06-11 16:00:00,0.2,20.5,12.4,64,98
2023-06-11 17:00:00,0.1,20.6,10.8,63,98
2023-06-11 18:00:00,0.5,19.6,9.7,66,100
2023-06-11 19:00:00,0.6,18.7,9.6,67,98
2023-06-11 20:00:00,0.0,17.3,4.0,78,95
2023-06-11 21:00:00,0.0,15.4,6.1,83,67
2023-06-11 22:00:00,0.1,14.2,6.2,89,49
2023-06-11 23:00:00,0.1,13.2,2.2,90,49
2023-06-12 00:00:00,0.0,12.6,4.1,91,29
2023-06-12 01:00:00,0.7,12.4,5.8,91,32
2023-06-12 02:00:00,0.5,12.2,3.2,93,28
2023-06-12 03:00:00,0.0,12.3,4.8,93,24
2023-06-12 04:00:00,0.0,11.4,5.8,95,16
2023-06-12 05:00:00,0.0,10.6,5.8,95,34
2023-06-12 06:00:00,0.0,12.5,4.1,91,68
2023-06-12 07:00:00,0.1,14.5,2.1,87,85
2023-06-12 08:00:00,0.0,15.9,4.2,82,80
2023-06-12 09:00:00,0.0,17.4,4.7,78,92
2023-06-12 10:00:00,0.1,19.2,4.3,76,90
2023-06-12 11:00:00,0.1,20.2,3.5,69,99
2023-06-12 12:00:00,0.2,20.9,3.4,61,100
2023-06-12 13:00:00,0.2,21.9,5.8,56,100
2023-06-12 14:00:00,0.2,22.0,3.7,54,100
2023-06-12 15:00:00,0.3,21.3,3.3,56,100
2023-06-12 16:00:00,1.9,19.5,4.8,68,99
2023-06-12 17:00:00,1.9,17.7,7.3,78,100
2023-06-12 18:00:00,1.9,16.0,5.2,83,99
2023-06-12 19:00:00,3.6,14.5,1.8,92,99
2023-06-12 20:00:00,1.3,13.5,2.7,96,100
2023-06-12 21:00:00,1.2,13.0,2.3,99,100
2023-06-12 22:00:00,1.0,12.4,3.1,100,99
2023-06-12 23:00:00,0.9,13.1,2.7,98,100
2023-06-13 00:00:00,0.5,12.8,1.8,97,92
2023-06-13 01:00:00,0.1,12.6,3.6,98,99
2023-06-13 02:00:00,0.3,12.5,3.0,97,98
2023-06-13 03:00:00,0.2,12.1,1.5,98,99
2023-06-13 04:00:00,0.5,12.7,1.1,97,100
2023-06-13 05:00:00,0.8,12.6,0.7,97,100
2023-06-13 06:00:00,0.9,12.9,1.5,98,100
2023-06-13 07:00:00,0.7,13.8,1.8,96,100
2023-06-13 08:00:00,0.2,14.9,1.9,90,98
2023-06-13 09:00:00,0.3,15.3,2.5,87,93
2023-06-13 10:00:00,0.2,15.8,1.8,87,86
2023-06-13 11:00:00,0.1,16.8,1.3,84,96
2023-06-13 12:00:00,0.2,18.0,1.8,78,85
2023-06-13 13:00:00,0.4,18.9,0.5,72,78
2023-06-13 14:00:00,0.4,18.9,1.5,70,82
2023-06-13 15:00:00,0.7,18.3,3.2,73,89
2023-06-13 16:00:00,2.4,17.7,3.6,78,89
2023-06-13 17:00:00,1.5,17.5,5.4,81,97
2023-06-13 18:00:00,0.8,17.0,6.0,82,100
2023-06-13 19:00:00,0.1,17.2,2.5,79,100
2023-06-13 20:00:00,0.0,15.8,0.8,87,100
2023-06-13 21:00:00,0.0,15.2,3.3,88,99
2023-06-13 22:00:00,0.0,14.7,3.9,92,96
2023-06-13 23:00:00,0.0,13.3,5.2,96,94
2023-06-14 00:00:00,0.0,12.8,4.8,97,88
2023-06-14 01:00:00,0.0,12.1,5.9,98,84
2023-06-14 02:00:00,0.0,11.6,6.3,97,89
2023-06-14 03:00:00,0.0,11.2,4.8,99,95
2023-06-14 04:00:00,0.0,10.8,4.6,100,76
2023-06-14 05:00:00,0.0,10.6,4.4,99,95
2023-06-14 06:00:00,0.0,11.3,5.1,96,60
2023-06-14 07:00:00,0.0,13.0,5.0,90,18
2023-06-14 08:00:00,0.0,15.3,6.4,78,22
2023-06-14 09:00:00,0.0,17.3,8.7,64,26
2023-06-14 10:00:00,0.0,19.1,10.0,52,19
2023-06-14 11:00:00,0.0,20.2,11.9,52,0
2023-06-14 12:00:00,0.0,21.3,11.6,46,0
2023-06-14 13:00:00,0.0,22.1,10.9,41,5
2023-06-14 14:00:00,0.0,22.6,11.9,38,11
2023-06-14 15:00:00,0.0,22.7,12.4,37,12
2023-06-14 16:00:00,0.0,22.8,13.4,34,11
2023-06-14 17:00:00,0.0,22.8,14.4,32,7
2023-06-14 18:00:00,0.0,22.3,13.7,31,3
2023-06-14 19:00:00,0.0,21.4,10.9,33,1
2023-06-14 20:00:00,0.0,18.9,7.6,42,0
2023-06-14 21:00:00,0.0,15.7,6.9,50,1
2023-06-14 22:00:00,0.0,13.9,6.9,56,1
2023-06-14 23:00:00,0.0,12.3,6.6,62,1
2023-06-15 00:00:00,0.0,11.5,6.4,65,16
2023-06-15 01:00:00,0.0,10.7,6.8,67,52
2023-06-15 02:00:00,0.0,10.2,7.0,70,77
2023-06-15 03:00:00,0.0,9.8,7.0,71,90
2023-06-15 04:00:00,0.0,9.5,6.8,74,85
2023-06-15 05:00:00,0.0,9.5,7.5,74,60
2023-06-15 06:00:00,0.0,10.9,6.2,72,45
2023-06-15 07:00:00,0.0,13.7,7.0,65,32
2023-06-15 08:00:00,0.0,16.3,6.3,57,24
2023-06-15 09:00:00,0.0,18.4,7.6,52,12
2023-06-15 10:00:00,0.0,19.8,9.2,45,4
2023-06-15 11:00:00,0.0,21.4,12.4,34,4
2023-06-15 12:00:00,0.0,22.0,12.8,35,6
2023-06-15 13:00:00,0.0,22.9,14.6,34,37
2023-06-15 14:00:00,0.0,22.1,15.4,38,48
2023-06-15 15:00:00,0.0,21.7,15.6,41,38
2023-06-15 16:00:00,0.0,21.7,16.0,41,40
2023-06-15 17:00:00,0.0,21.3,15.9,43,40
2023-06-15 18:00:00,0.0,20.3,13.3,48,35
2023-06-15 19:00:00,0.0,19.4,12.3,52,37
2023-06-15 20:00:00,0.0,18.1,10.3,57,22
2023-06-15 21:00:00,0.0,15.7,8.6,71,20
2023-06-15 22:00:00,0.0,13.9,7.0,81,5
2023-06-15 23:00:00,0.0,13.2,7.6,86,8
2023-06-16 00:00:00,0.0,12.0,6.1,92,8
2023-06-16 01:00:00,0.0,11.3,6.3,95,24
2023-06-16 02:00:00,0.0,11.2,6.7,97,52
2023-06-16 03:00:00,0.0,10.8,6.4,98,52
2023-06-16 04:00:00,0.0,10.2,6.0,99,47
2023-06-16 05:00:00,0.0,9.6,6.0,99,58
2023-06-16 06:00:00,0.0,11.1,6.0,97,52
2023-06-16 07:00:00,0.0,13.8,7.8,90,51
2023-06-16 08:00:00,0.0,15.8,6.2,82,29
2023-06-16 09:00:00,0.0,17.6,5.6,73,4
2023-06-16 10:00:00,0.0,19.4,7.1,60,12
2023-06-16 11:00:00,0.0,20.8,7.6,51,28
2023-06-16 12:00:00,0.0,21.9,8.0,43,12
2023-06-16 13:00:00,0.0,22.9,7.6,40,20
2023-06-16 14:00:00,0.0,23.5,7.6,38,37
2023-06-16 15:00:00,0.0,23.7,8.2,37,76
2023-06-16 16:00:00,0.0,23.6,9.1,39,60
2023-06-16 17:00:00,0.0,23.1,9.9,41,66
2023-06-16 18:00:00,0.0,22.5,9.9,43,68
2023-06-16 19:00:00,0.0,21.6,8.3,45,55
2023-06-16 20:00:00,0.0,19.5,5.5,52,67
2023-06-16 21:00:00,0.0,16.3,7.7,65,56
2023-06-16 22:00:00,0.0,14.3,7.9,74,14
2023-06-16 23:00:00,0.0,12.8,6.3,79,3
2023-06-17 00:00:00,0.0,12.3,4.7,80,5
2023-06-17 01:00:00,0.0,12.8,4.4,76,53
2023-06-17 02:00:00,0.0,14.3,3.2,68,67
2023-06-17 03:00:00,0.0,14.1,2.1,68,59
2023-06-17 04:00:00,0.0,12.4,3.3,75,79
2023-06-17 05:00:00,0.0,11.7,3.4,78,88
2023-06-17 06:00:00,0.0,11.2,3.1,87,92
2023-06-17 07:00:00,0.0,14.1,2.7,78,89
2023-06-17 08:00:00,0.0,17.0,1.9,65,78
2023-06-17 09:00:00,0.0,19.3,2.8,58,29
2023-06-17 10:00:00,0.0,21.3,4.3,51,33
2023-06-17 11:00:00,0.0,22.7,3.7,46,66
2023-06-17 12:00:00,0.0,23.9,2.9,41,90
2023-06-17 13:00:00,0.0,24.7,2.5,39,77
2023-06-17 14:00:00,0.0,25.4,3.0,37,36
2023-06-17 15:00:00,0.0,25.9,2.0,35,31
2023-06-17 16:00:00,0.0,26.3,2.3,35,40
2023-06-17 17:00:00,0.0,26.2,1.1,36,22
2023-06-17 18:00:00,0.0,26.0,2.8,36,33
2023-06-17 19:00:00,0.0,24.5,2.7,42,39
2023-06-17 20:00:00,0.0,21.4,3.2,62,69
2023-06-17 21:00:00,0.0,19.3,3.6,64,98
2023-06-17 22:00:00,0.0,18.5,1.3,66,99
2023-06-17 23:00:00,0.0,19.2,2.9,58,81
2023-06-18 00:00:00,0.0,18.4,5.4,62,100
2023-06-18 01:00:00,0.0,15.5,6.5,78,100
2023-06-18 02:00:00,0.0,15.3,5.8,79,100
2023-06-18 03:00:00,0.0,14.7,5.4,83,100
2023-06-18 04:00:00,0.0,14.5,4.8,86,100
2023-06-18 05:00:00,0.3,14.4,4.8,88,97
2023-06-18 06:00:00,0.1,14.9,1.3,88,100
2023-06-18 07:00:00,0.1,16.0,2.6,85,100
2023-06-18 08:00:00,0.1,17.4,3.5,81,96
2023-06-18 09:00:00,0.0,19.0,6.1,72,77
2023-06-18 10:00:00,0.0,20.8,10.5,61,82
2023-06-18 11:00:00,0.9,19.5,14.1,66,90
2023-06-18 12:00:00,0.0,21.1,14.2,60,77
2023-06-18 13:00:00,0.0,23.2,16.2,56,64
2023-06-18 14:00:00,0.0,25.1,16.3,51,61
2023-06-18 15:00:00,0.0,25.7,15.6,50,64
2023-06-18 16:00:00,1.2,23.3,15.6,57,30
2023-06-18 17:00:00,0.0,23.7,14.3,55,96
2023-06-18 18:00:00,0.0,24.0,12.5,53,92
2023-06-18 19:00:00,0.0,23.4,8.4,53,92
2023-06-18 20:00:00,0.0,21.8,7.9,57,98
2023-06-18 21:00:00,0.0,20.1,6.5,62,95
2023-06-18 22:00:00,0.0,19.0,7.9,62,100
2023-06-18 23:00:00,0.0,16.9,8.4,75,99
2023-06-19 00:00:00,0.0,15.8,8.0,78,100
2023-06-19 01:00:00,0.0,15.3,6.9,77,99
2023-06-19 02:00:00,0.0,14.5,5.4,78,100
2023-06-19 03:00:00,0.0,14.9,5.4,72,98
2023-06-19 04:00:00,0.1,14.9,6.8,67,74
2023-06-19 05:00:00,0.2,14.2,6.5,68,99
2023-06-19 06:00:00,0.0,14.4,7.8,68,81
2023-06-19 07:00:00,0.0,15.6,8.8,64,60
2023-06-19 08:00:00,0.0,17.3,9.4,58,70
2023-06-19 09:00:00,0.0,19.3,10.5,51,53
2023-06-19 10:00:00,0.0,21.0,11.5,49,90
2023-06-19 11:00:00,0.0,22.9,14.2,45,89
2023-06-19 12:00:00,0.0,24.3,14.3,41,58
2023-06-19 13:00:00,0.0,25.5,15.0,36,79
2023-06-19 14:00:00,0.0,25.8,15.6,37,85
2023-06-19 15:00:00,0.0,24.9,17.0,41,95
2023-06-19 16:00:00,0.0,23.7,16.7,46,100
2023-06-19 17:00:00,0.0,21.8,13.8,52,100
2023-06-19 18:00:00,0.0,20.6,15.5,54,100
2023-06-19 19:00:00,0.0,20.1,13.1,53,96
2023-06-19 20:00:00,0.0,19.4,11.3,54,97
2023-06-19 21:00:00,0.1,18.2,10.2,57,82
2023-06-19 22:00:00,0.0,16.9,9.6,61,100
2023-06-19 23:00:00,0.0,16.0,10.8,63,99
2023-06-20 00:00:00,0.0,15.6,11.4,62,100
2023-06-20 01:00:00,0.0,15.0,12.1,63,96
2023-06-20 02:00:00,0.0,14.9,11.0,65,34
2023-06-20 03:00:00,0.0,14.8,10.7,67,24
2023-06-20 04:00:00,0.0,14.8,10.3,71,25
2023-06-20 05:00:00,0.0,14.5,8.6,75,84
2023-06-20 06:00:00,0.0,14.8,8.0,76,96
2023-06-20 07:00:00,0.2,16.2,8.5,72,99
2023-06-20 08:00:00,0.0,17.6,6.8,67,83
2023-06-20 09:00:00,0.1,19.3,6.1,63,86
2023-06-20 10:00:00,0.0,21.3,7.3,58,97
2023-06-20 11:00:00,0.0,22.3,3.7,55,95
2023-06-20 12:00:00,0.0,23.2,5.0,51,93
2023-06-20 13:00:00,0.0,22.9,10.4,53,95
2023-06-20 14:00:00,0.0,22.3,10.8,57,96
2023-06-20 15:00:00,0.0,23.0,9.8,56,93
2023-06-20 16:00:00,0.0,23.0,13.7,57,98
2023-06-20 17:00:00,0.1,23.0,9.2,57,93
2023-06-20 18:00:00,0.5,22.1,7.2,61,89
2023-06-20 19:00:00,0.0,21.3,5.8,66,90
2023-06-20 20:00:00,0.0,19.4,4.1,75,100
2023-06-20 21:00:00,0.0,17.8,5.8,82,100
2023-06-20 22:00:00,0.0,17.1,5.4,86,100
2023-06-20 23:00:00,0.0,17.4,4.1,83,100
2023-06-21 00:00:00,0.1,17.1,2.5,86,99
2023-06-21 01:00:00,0.5,16.2,0.8,90,99
2023-06-21 02:00:00,0.9,16.4,2.5,87,100
2023-06-21 03:00:00,0.5,16.1,5.2,88,100
2023-06-21 04:00:00,0.1,15.6,5.3,89,89
2023-06-21 05:00:00,0.0,15.3,6.0,91,46
2023-06-21 06:00:00,0.0,15.0,2.5,94,60
2023-06-21 07:00:00,0.0,15.9,1.4,93,60
2023-06-21 08:00:00,0.0,17.4,1.1,88,89
2023-06-21 09:00:00,0.0,18.7,2.9,81,73
2023-06-21 10:00:00,0.0,20.4,3.6,72,73
2023-06-21 11:00:00,0.0,21.7,3.9,65,94
2023-06-21 12:00:00,0.5,22.0,1.4,66,100
2023-06-21 13:00:00,0.3,21.9,2.6,68,97
2023-06-21 14:00:00,0.1,22.2,4.0,66,95
2023-06-21 15:00:00,0.1,22.8,2.5,65,100
2023-06-21 16:00:00,0.1,23.3,2.3,63,96
2023-06-21 17:00:00,0.2,22.6,2.5,67,96
2023-06-21 18:00:00,3.8,19.1,2.3,83,99
2023-06-21 19:00:00,2.8,17.2,3.2,91,95
2023-06-21 20:00:00,2.5,16.5,4.2,95,98
2023-06-21 21:00:00,0.5,16.0,3.5,98,99
2023-06-21 22:00:00,0.0,15.3,1.9,99,100
2023-06-21 23:00:00,0.0,15.1,1.8,99,100
2023-06-22 00:00:00,0.0,14.8,5.2,99,100
2023-06-22 01:00:00,0.0,14.6,4.1,98,100
2023-06-22 02:00:00,0.0,14.3,5.4,99,100
2023-06-22 03:00:00,0.0,14.0,3.6,100,100
2023-06-22 04:00:00,0.0,14.3,6.6,99,100
2023-06-22 05:00:00,0.0,15.4,9.3,93,100
2023-06-22 06:00:00,0.0,16.2,11.9,87,99
2023-06-22 07:00:00,0.0,16.8,12.6,85,99
2023-06-22 08:00:00,0.0,17.3,13.4,86,85
2023-06-22 09:00:00,0.1,17.6,15.9,84,70
2023-06-22 10:00:00,0.2,18.7,16.1,75,79
2023-06-22 11:00:00,1.7,18.1,9.7,80,84
2023-06-22 12:00:00,0.3,17.9,11.8,79,100
2023-06-22 13:00:00,0.9,17.7,10.3,77,98
2023-06-22 14:00:00,0.7,16.9,11.6,78,97
2023-06-22 15:00:00,1.0,16.5,12.8,79,97
2023-06-22 16:00:00,0.6,15.6,13.6,79,98
2023-06-22 17:00:00,0.4,15.6,14.8,85,100
2023-06-22 18:00:00,0.3,15.5,15.1,89,96
2023-06-22 19:00:00,0.3,15.6,13.0,88,90
2023-06-22 20:00:00,0.1,15.1,10.2,89,65
2023-06-22 21:00:00,0.1,14.0,9.7,96,41
2023-06-22 22:00:00,0.0,13.4,8.2,97,50
2023-06-22 23:00:00,0.0,13.3,7.8,96,99
2023-06-23 00:00:00,0.0,13.2,7.8,96,63
2023-06-23 01:00:00,0.0,12.9,6.6,97,47
2023-06-23 02:00:00,0.0,12.7,4.5,97,38
2023-06-23 03:00:00,0.0,12.3,3.1,97,53
2023-06-23 04:00:00,0.0,12.0,4.0,96,80
2023-06-23 05:00:00,0.0,12.3,3.3,96,85
2023-06-23 06:00:00,0.0,12.9,5.0,93,82
2023-06-23 07:00:00,0.0,14.3,5.2,89,50
2023-06-23 08:00:00,0.0,15.6,9.5,82,49
2023-06-23 09:00:00,0.0,17.1,11.5,72,26
2023-06-23 10:00:00,0.0,18.4,13.0,65,36
2023-06-23 11:00:00,0.0,19.8,14.5,60,42
2023-06-23 12:00:00,0.0,20.8,15.2,53,50
2023-06-23 13:00:00,0.0,21.4,15.2,49,47
2023-06-23 14:00:00,0.0,21.8,15.2,46,81
2023-06-23 15:00:00,0.0,22.3,14.8,44,92
2023-06-23 16:00:00,0.0,22.1,14.8,42,92
2023-06-23 17:00:00,0.0,22.3,14.8,40,89
2023-06-23 18:00:00,0.0,21.8,14.8,41,77
2023-06-23 19:00:00,0.0,21.2,13.4,41,40
2023-06-23 20:00:00,0.0,19.7,10.5,46,1
2023-06-23 21:00:00,0.0,17.2,8.5,57,4
2023-06-23 22:00:00,0.0,15.4,7.8,65,1
2023-06-23 23:00:00,0.0,14.0,8.3,71,47
2023-06-24 00:00:00,0.0,12.9,7.9,76,69
2023-06-24 01:00:00,0.0,11.9,7.2,80,47
2023-06-24 02:00:00,0.0,11.1,6.6,85,5
2023-06-24 03:00:00,0.0,10.4,6.0,88,0
2023-06-24 04:00:00,0.0,9.9,5.8,91,0
2023-06-24 05:00:00,0.0,9.3,5.8,93,0
2023-06-24 06:00:00,0.0,10.9,7.0,91,0
2023-06-24 07:00:00,0.0,14.0,7.7,80,0
2023-06-24 08:00:00,0.0,16.5,8.0,69,0
2023-06-24 09:00:00,0.0,18.8,12.7,58,0
2023-06-24 10:00:00,0.0,20.5,16.2,50,0
2023-06-24 11:00:00,0.0,21.8,15.0,43,0
2023-06-24 12:00:00,0.0,23.0,14.8,39,0
2023-06-24 13:00:00,0.0,23.7,14.8,36,0
2023-06-24 14:00:00,0.0,24.3,14.2,35,0
2023-06-24 15:00:00,0.0,24.9,13.6,35,0
2023-06-24 16:00:00,0.0,25.1,12.5,35,0
2023-06-24 17:00:00,0.0,25.0,11.5,35,0
2023-06-24 18:00:00,0.0,24.5,10.2,36,0
2023-06-24 19:00:00,0.0,23.7,8.0,37,0
2023-06-24 20:00:00,0.0,21.3,5.1,53,0
2023-06-24 21:00:00,0.0,18.8,5.8,55,0
2023-06-24 22:00:00,0.0,18.0,4.2,58,1
2023-06-24 23:00:00,0.0,17.9,1.1,58,15
2023-06-25 00:00:00,0.0,16.8,2.6,62,39
2023-06-25 01:00:00,0.0,14.9,4.7,69,63
2023-06-25 02:00:00,0.0,14.0,5.4,72,73
2023-06-25 03:00:00,0.0,12.2,6.2,80,78
2023-06-25 04:00:00,0.0,10.2,6.9,89,62
2023-06-25 05:00:00,0.0,9.4,7.1,91,33
2023-06-25 06:00:00,0.0,11.6,4.8,85,3
2023-06-25 07:00:00,0.0,15.1,5.4,73,0
2023-06-25 08:00:00,0.0,18.3,3.6,64,0
2023-06-25 09:00:00,0.0,21.5,3.0,53,0
2023-06-25 10:00:00,0.0,23.8,3.8,47,0
2023-06-25 11:00:00,0.0,25.2,5.5,40,0
2023-06-25 12:00:00,0.0,26.5,6.2,37,0
2023-06-25 13:00:00,0.0,27.4,6.6,35,0
2023-06-25 14:00:00,0.0,28.2,7.7,33,0
2023-06-25 15:00:00,0.0,28.7,9.2,32,0
2023-06-25 16:00:00,0.0,28.7,10.9,32,0
2023-06-25 17:00:00,0.0,28.4,12.7,33,0
2023-06-25 18:00:00,0.0,27.4,13.4,36,0
2023-06-25 19:00:00,0.0,26.0,12.3,40,2
2023-06-25 20:00:00,0.0,23.7,9.5,48,1
2023-06-25 21:00:00,0.0,19.7,7.3,65,0
2023-06-25 22:00:00,0.0,17.6,7.2,75,0
2023-06-25 23:00:00,0.0,16.6,8.0,79,0
2023-06-26 00:00:00,0.0,15.4,7.0,85,1
2023-06-26 01:00:00,0.0,14.9,6.8,87,1
2023-06-26 02:00:00,0.0,14.5,5.6,90,4
2023-06-26 03:00:00,0.0,14.3,6.1,93,11
2023-06-26 04:00:00,0.0,13.9,6.0,95,19
2023-06-26 05:00:00,0.0,13.7,5.4,96,24
2023-06-26 06:00:00,0.0,15.1,7.7,92,19
2023-06-26 07:00:00,0.0,17.2,8.9,84,38
2023-06-26 08:00:00,0.0,18.3,8.9,76,47
2023-06-26 09:00:00,0.0,19.4,10.1,69,43
2023-06-26 10:00:00,0.0,20.6,10.5,63,65
2023-06-26 11:00:00,0.0,21.7,9.2,59,63
2023-06-26 12:00:00,0.0,22.4,9.5,56,77
2023-06-26 13:00:00,0.0,23.7,10.1,51,62
2023-06-26 14:00:00,0.0,24.3,9.9,48,47
2023-06-26 15:00:00,0.0,24.5,11.0,48,36
2023-06-26 16:00:00,0.0,24.5,13.0,48,43
2023-06-26 17:00:00,0.0,23.7,13.4,50,71
2023-06-26 18:00:00,0.0,22.8,12.5,52,80
2023-06-26 19:00:00,0.0,21.3,12.8,55,32
2023-06-26 20:00:00,0.0,19.6,12.7,59,7
2023-06-26 21:00:00,0.0,17.6,11.2,66,6
2023-06-26 22:00:00,0.0,16.2,10.1,72,11
2023-06-26 23:00:00,0.0,15.2,6.9,77,17
2023-06-27 00:00:00,0.0,13.8,6.0,81,10
2023-06-27 01:00:00,0.0,12.5,5.0,85,11
2023-06-27 02:00:00,0.0,11.6,5.2,88,22
2023-06-27 03:00:00,0.0,10.7,4.8,91,52
2023-06-27 04:00:00,0.0,10.0,4.8,94,79
2023-06-27 05:00:00,0.0,9.2,5.3,95,88
2023-06-27 06:00:00,0.0,10.3,6.9,91,90
2023-06-27 07:00:00,0.0,12.5,5.8,83,81
2023-06-27 08:00:00,0.0,14.6,7.0,72,67
2023-06-27 09:00:00,0.0,16.4,9.0,62,44
2023-06-27 10:00:00,0.0,17.9,10.1,55,21
2023-06-27 11:00:00,0.0,18.8,8.2,52,18
2023-06-27 12:00:00,0.0,19.8,10.1,48,9
2023-06-27 13:00:00,0.0,20.6,11.5,45,11
2023-06-27 14:00:00,0.0,21.3,11.9,43,20
2023-06-27 15:00:00,0.0,21.8,11.2,42,21
2023-06-27 16:00:00,0.0,21.9,12.7,41,16
2023-06-27 17:00:00,0.0,21.6,12.7,41,2
2023-06-27 18:00:00,0.0,20.8,13.1,44,2
2023-06-27 19:00:00,0.0,19.6,12.8,46,0
2023-06-27 20:00:00,0.0,18.2,11.8,50,0
2023-06-27 21:00:00,0.0,16.1,10.7,57,0
2023-06-27 22:00:00,0.0,14.6,9.5,62,0
2023-06-27 23:00:00,0.0,13.5,8.3,66,0
2023-06-28 00:00:00,0.0,12.7,6.8,70,0
2023-06-28 01:00:00,0.0,11.7,5.4,74,0
2023-06-28 02:00:00,0.0,10.7,4.8,78,0
2023-06-28 03:00:00,0.0,10.0,4.7,81,0
2023-06-28 04:00:00,0.0,9.3,4.8,84,0
2023-06-28 05:00:00,0.0,8.9,4.7,86,0
2023-06-28 06:00:00,0.0,9.9,5.0,83,0
2023-06-28 07:00:00,0.0,12.5,4.7,75,0
2023-06-28 08:00:00,0.0,14.9,5.6,65,0
2023-06-28 09:00:00,0.0,17.0,8.8,56,0
2023-06-28 10:00:00,0.0,18.6,10.8,51,0
2023-06-28 11:00:00,0.0,19.8,9.0,46,0
2023-06-28 12:00:00,0.0,21.0,10.2,43,0
2023-06-28 13:00:00,0.0,21.9,10.6,42,1
2023-06-28 14:00:00,0.0,22.9,10.1,40,1
2023-06-28 15:00:00,0.0,23.5,10.0,40,0
2023-06-28 16:00:00,0.0,23.8,9.8,40,0
2023-06-28 17:00:00,0.0,23.6,10.2,41,0
2023-06-28 18:00:00,0.0,23.0,10.3,42,0
2023-06-28 19:00:00,0.0,22.0,9.3,44,0
2023-06-28 20:00:00,0.0,20.3,6.1,51,0
2023-06-28 21:00:00,0.0,17.3,6.3,62,0
2023-06-28 22:00:00,0.0,15.9,6.5,68,0
2023-06-28 23:00:00,0.0,14.4,5.4,73,12
2023-06-29 00:00:00,0.0,13.5,5.2,77,10
2023-06-29 01:00:00,0.0,12.6,5.4,81,7
2023-06-29 02:00:00,0.0,12.0,4.5,84,3
2023-06-29 03:00:00,0.0,12.0,3.7,83,3
2023-06-29 04:00:00,0.0,11.3,4.1,86,0
2023-06-29 05:00:00,0.0,11.3,3.7,85,0
2023-06-29 06:00:00,0.0,11.7,3.2,88,1
2023-06-29 07:00:00,0.0,14.6,3.1,77,1
2023-06-29 08:00:00,0.0,17.6,2.1,65,0
2023-06-29 09:00:00,0.0,19.9,1.3,58,1
2023-06-29 10:00:00,0.0,21.6,2.2,53,2
2023-06-29 11:00:00,0.0,23.3,1.8,46,8
2023-06-29 12:00:00,0.0,24.5,0.8,43,15
2023-06-29 13:00:00,0.0,24.9,2.2,42,37
2023-06-29 14:00:00,0.0,25.8,4.7,42,56
2023-06-29 15:00:00,0.0,25.3,6.1,44,71
2023-06-29 16:00:00,0.9,23.1,7.4,50,61
2023-06-29 17:00:00,0.2,23.1,9.0,53,86
2023-06-29 18:00:00,0.5,22.0,10.5,55,83
2023-06-29 19:00:00,1.2,19.8,10.5,65,73
2023-06-29 20:00:00,0.4,18.7,10.0,71,72
2023-06-29 21:00:00,0.6,17.1,6.7,78,99
2023-06-29 22:00:00,1.0,16.3,5.1,83,100
2023-06-29 23:00:00,1.0,15.0,5.3,91,100
2023-06-30 00:00:00,1.6,14.6,2.9,93,100
2023-06-30 01:00:00,1.5,14.3,3.5,94,100
2023-06-30 02:00:00,3.4,13.7,8.3,95,100
2023-06-30 03:00:00,4.3,13.6,12.2,96,100
2023-06-30 04:00:00,5.5,13.2,11.4,97,100
2023-06-30 05:00:00,5.6,12.8,11.4,97,100
2023-06-30 06:00:00,3.8,12.5,9.8,96,100
2023-06-30 07:00:00,2.4,12.4,9.7,95,100
2023-06-30 08:00:00,0.3,12.1,11.6,99,100
2023-06-30 09:00:00,0.1,12.8,12.9,97,100
2023-06-30 10:00:00,0.1,13.2,13.1,91,100
2023-06-30 11:00:00,0.1,14.6,8.9,87,84
2023-06-30 12:00:00,0.2,15.6,13.0,74,39
2023-06-30 13:00:00,0.0,16.7,16.3,65,55
2023-06-30 14:00:00,0.0,17.4,17.1,60,36
2023-06-30 15:00:00,0.0,17.8,16.8,56,31
2023-06-30 16:00:00,0.0,17.6,17.1,54,60
2023-06-30 17:00:00,0.0,17.2,17.8,53,59
2023-06-30 18:00:00,0.0,16.7,16.6,52,53
2023-06-30 19:00:00,0.0,15.9,14.5,55,54
2023-06-30 20:00:00,0.0,14.8,10.4,59,65
2023-06-30 21:00:00,0.0,13.2,8.2,64,96
2023-06-30 22:00:00,0.0,13.0,7.9,66,100
2023-06-30 23:00:00,0.0,12.6,10.9,67,99
2023-07-01 00:00:00,0.0,12.2,11.2,70,98
2023-07-01 01:00:00,0.0,11.7,9.6,76,99
2023-07-01 02:00:00,0.0,11.5,8.3,80,99
2023-07-01 03:00:00,0.0,11.0,5.6,84,98
2023-07-01 04:00:00,0.0,11.1,5.2,87,100
2023-07-01 05:00:00,0.0,11.1,4.9,88,100
2023-07-01 06:00:00,0.0,11.4,5.4,88,100
2023-07-01 07:00:00,1.1,12.2,5.1,86,100
2023-07-01 08:00:00,0.6,12.7,4.6,89,100
2023-07-01 09:00:00,0.2,13.3,5.6,90,100
2023-07-01 10:00:00,0.8,14.4,5.1,88,100
2023-07-01 11:00:00,0.9,15.2,9.3,86,99
2023-07-01 12:00:00,0.1,16.9,12.6,82,86
2023-07-01 13:00:00,0.0,18.1,14.0,78,64
2023-07-01 14:00:00,0.0,19.0,15.0,75,56
2023-07-01 15:00:00,0.3,18.9,15.0,78,51
2023-07-01 16:00:00,0.4,19.0,16.7,78,56
2023-07-01 17:00:00,0.2,19.4,18.3,73,44
2023-07-01 18:00:00,0.1,20.0,17.3,66,44
2023-07-01 19:00:00,0.0,18.8,14.8,70,54
2023-07-01 20:00:00,0.0,17.5,15.1,74,63
2023-07-01 21:00:00,0.0,16.3,12.3,79,89
2023-07-01 22:00:00,0.0,15.7,10.5,80,100
2023-07-01 23:00:00,0.1,15.5,10.0,79,92
2023-07-02 00:00:00,0.1,14.9,11.3,82,87
2023-07-02 01:00:00,0.0,14.4,9.4,84,96
2023-07-02 02:00:00,0.1,13.9,7.0,87,98
2023-07-02 03:00:00,0.1,13.6,4.5,89,98
2023-07-02 04:00:00,0.1,13.6,3.3,88,96
2023-07-02 05:00:00,0.1,13.3,4.0,90,100
2023-07-02 06:00:00,0.1,13.5,4.0,91,100
2023-07-02 07:00:00,0.3,13.7,5.0,92,100
2023-07-02 08:00:00,0.4,14.6,6.5,88,82
2023-07-02 09:00:00,0.3,15.9,12.0,78,54
2023-07-02 10:00:00,0.1,16.8,13.3,71,69
2023-07-02 11:00:00,0.0,17.7,13.0,66,80
2023-07-02 12:00:00,0.1,18.4,12.5,61,76
2023-07-02 13:00:00,0.0,19.5,11.5,55,51
2023-07-02 14:00:00,0.0,20.3,11.9,52,62
2023-07-02 15:00:00,0.0,21.0,13.5,49,85
2023-07-02 16:00:00,0.0,21.2,14.8,48,100
2023-07-02 17:00:00,0.0,20.7,14.2,48,96
2023-07-02 18:00:00,0.0,20.3,13.4,50,86
2023-07-02 19:00:00,0.0,19.3,12.1,53,90
2023-07-02 20:00:00,0.0,18.2,11.3,57,56
2023-07-02 21:00:00,0.0,16.8,10.0,64,45
2023-07-02 22:00:00,0.0,15.9,8.4,70,43
2023-07-02 23:00:00,0.0,14.5,5.8,77,52
2023-07-03 00:00:00,0.0,13.2,4.8,85,44
2023-07-03 01:00:00,0.0,12.9,5.7,87,48
2023-07-03 02:00:00,0.0,12.5,5.7,88,67
2023-07-03 03:00:00,0.0,12.0,5.6,90,61
2023-07-03 04:00:00,0.0,12.5,4.0,89,69
2023-07-03 05:00:00,0.0,12.8,4.7,87,82
2023-07-03 06:00:00,0.0,12.9,5.9,87,96
2023-07-03 07:00:00,0.0,13.6,8.4,81,94
2023-07-03 08:00:00,0.1,14.1,10.2,76,92
2023-07-03 09:00:00,0.0,14.8,10.5,72,93
2023-07-03 10:00:00,0.0,16.1,11.2,67,89
2023-07-03 11:00:00,0.0,16.5,12.3,63,100
2023-07-03 12:00:00,0.0,17.9,12.3,60,100
2023-07-03 13:00:00,0.0,18.7,11.8,58,100
2023-07-03 14:00:00,0.0,19.3,10.7,58,99
2023-07-03 15:00:00,0.0,20.0,9.2,57,100
2023-07-03 16:00:00,0.0,20.0,8.4,59,97
2023-07-03 17:00:00,0.0,20.1,7.4,59,71
2023-07-03 18:00:00,0.0,20.1,6.6,59,54
2023-07-03 19:00:00,0.0,19.3,6.9,62,35
2023-07-03 20:00:00,0.0,17.9,5.9,68,40
2023-07-03 21:00:00,0.0,15.7,5.4,80,38
2023-07-03 22:00:00,0.0,14.8,5.4,86,35
2023-07-03 23:00:00,0.0,14.4,5.1,87,29
2023-07-04 00:00:00,0.0,13.7,4.6,91,20
2023-07-04 01:00:00,0.0,14.4,4.0,86,11
2023-07-04 02:00:00,0.0,13.8,4.8,89,14
2023-07-04 03:00:00,0.0,13.6,5.0,89,16
2023-07-04 04:00:00,0.0,13.0,4.0,92,26
2023-07-04 05:00:00,0.0,12.7,3.2,93,37
2023-07-04 06:00:00,0.0,12.6,2.5,96,50
2023-07-04 07:00:00,0.0,14.5,2.3,89,50
2023-07-04 08:00:00,0.0,16.2,2.5,79,39
2023-07-04 09:00:00,0.0,17.6,4.1,71,40
2023-07-04 10:00:00,0.0,19.1,4.8,62,51
2023-07-04 11:00:00,0.0,19.8,6.1,54,57
2023-07-04 12:00:00,0.0,20.7,6.1,52,36
2023-07-04 13:00:00,0.0,21.8,6.8,47,56
2023-07-04 14:00:00,0.0,22.7,10.0,45,66
2023-07-04 15:00:00,0.1,22.9,11.3,44,47
2023-07-04 16:00:00,0.0,23.0,12.1,44,39
2023-07-04 17:00:00,0.0,22.9,13.6,46,31
2023-07-04 18:00:00,0.0,22.1,13.8,50,32
2023-07-04 19:00:00,0.0,21.0,12.4,54,20
2023-07-04 20:00:00,0.0,19.4,10.5,61,14
2023-07-04 21:00:00,0.0,17.0,8.8,72,6
2023-07-04 22:00:00,0.0,16.0,8.9,78,13
2023-07-04 23:00:00,0.0,15.3,10.4,79,13
2023-07-05 00:00:00,0.0,15.1,9.8,80,57
2023-07-05 01:00:00,0.0,15.0,10.2,81,76
2023-07-05 02:00:00,0.0,14.1,11.0,83,69
2023-07-05 03:00:00,0.0,13.5,9.7,84,73
2023-07-05 04:00:00,0.0,13.0,8.6,86,98
2023-07-05 05:00:00,0.0,12.9,9.4,87,85
2023-07-05 06:00:00,0.0,13.1,7.9,85,68
2023-07-05 07:00:00,0.0,13.6,7.6,84,28
2023-07-05 08:00:00,0.1,14.4,6.8,78,32
2023-07-05 09:00:00,0.1,15.6,9.1,69,32
2023-07-05 10:00:00,0.1,16.8,10.2,63,33
2023-07-05 11:00:00,0.1,17.8,7.5,60,47
2023-07-05 12:00:00,0.1,18.4,8.8,58,52
2023-07-05 13:00:00,0.1,19.0,9.8,56,74
2023-07-05 14:00:00,0.1,19.2,10.8,55,50
2023-07-05 15:00:00,0.0,19.5,11.7,55,47
2023-07-05 16:00:00,0.4,18.8,12.8,58,75
2023-07-05 17:00:00,0.1,18.8,11.6,60,100
2023-07-05 18:00:00,0.0,18.5,9.0,63,99
2023-07-05 19:00:00,0.1,17.7,8.9,66,97
2023-07-05 20:00:00,0.0,16.3,6.8,69,99
2023-07-05 21:00:00,0.0,14.7,4.8,84,99
2023-07-05 22:00:00,0.0,14.5,5.0,85,100
2023-07-05 23:00:00,0.0,12.9,2.1,89,100
2023-07-06 00:00:00,0.0,12.6,1.8,92,100
2023-07-06 01:00:00,0.0,12.3,2.8,91,100
2023-07-06 02:00:00,0.0,12.3,2.1,88,79
2023-07-06 03:00:00,0.0,11.7,1.1,91,31
2023-07-06 04:00:00,0.0,11.7,1.0,92,34
2023-07-06 05:00:00,0.0,11.6,2.8,92,70
2023-07-06 06:00:00,0.0,11.1,3.6,96,30
2023-07-06 07:00:00,0.0,13.2,3.4,89,19
2023-07-06 08:00:00,0.0,15.3,4.1,78,15
2023-07-06 09:00:00,0.0,17.5,3.6,72,44
2023-07-06 10:00:00,0.0,18.9,2.7,66,65
2023-07-06 11:00:00,0.0,20.3,1.5,56,37
2023-07-06 12:00:00,0.0,21.7,1.4,52,18
2023-07-06 13:00:00,0.0,22.6,1.8,50,15
2023-07-06 14:00:00,0.0,23.6,2.6,49,22
2023-07-06 15:00:00,0.1,24.1,2.5,47,23
2023-07-06 16:00:00,0.1,23.8,2.7,48,36
2023-07-06 17:00:00,1.0,21.8,3.1,59,34
2023-07-06 18:00:00,0.0,21.9,4.6,59,47
2023-07-06 19:00:00,0.0,21.3,4.9,58,55
2023-07-06 20:00:00,0.2,19.9,3.3,61,67
2023-07-06 21:00:00,0.5,17.2,4.1,77,73
2023-07-06 22:00:00,0.1,16.8,5.0,78,69
2023-07-06 23:00:00,0.0,15.7,2.6,79,45
2023-07-07 00:00:00,0.0,16.1,3.9,78,59
2023-07-07 01:00:00,0.0,15.1,5.6,83,82
2023-07-07 02:00:00,0.0,12.9,6.6,91,43
2023-07-07 03:00:00,0.0,12.2,7.4,93,60
2023-07-07 04:00:00,0.0,11.8,6.3,94,84
2023-07-07 05:00:00,0.0,11.7,6.2,94,53
2023-07-07 06:00:00,0.0,12.8,7.2,92,43
2023-07-07 07:00:00,0.0,15.4,7.9,84,13
2023-07-07 08:00:00,0.0,17.9,7.8,74,5
2023-07-07 09:00:00,0.0,20.4,9.2,62,2
2023-07-07 10:00:00,0.0,22.2,10.7,54,6
2023-07-07 11:00:00,0.0,23.7,12.9,51,2
2023-07-07 12:00:00,0.0,24.7,14.1,52,4
2023-07-07 13:00:00,0.0,25.7,14.5,50,30
2023-07-07 14:00:00,0.0,26.5,14.4,47,54
2023-07-07 15:00:00,0.0,26.9,13.3,45,52
2023-07-07 16:00:00,0.0,26.9,12.6,43,35
2023-07-07 17:00:00,0.1,26.5,13.4,44,95
2023-07-07 18:00:00,0.5,24.8,8.5,48,99
2023-07-07 19:00:00,0.0,23.9,8.0,50,100
2023-07-07 20:00:00,0.0,22.4,8.4,52,100
2023-07-07 21:00:00,0.0,20.6,8.3,58,98
2023-07-07 22:00:00,0.0,19.8,10.9,58,81
2023-07-07 23:00:00,0.0,18.9,14.4,62,66
2023-07-08 00:00:00,0.0,17.5,18.1,63,57
2023-07-08 01:00:00,0.0,16.2,15.2,66,79
2023-07-08 02:00:00,0.0,16.2,11.3,64,54
2023-07-08 03:00:00,0.0,15.7,8.6,65,11
2023-07-08 04:00:00,0.0,15.2,6.9,68,1
2023-07-08 05:00:00,0.0,14.7,6.5,72,0
2023-07-08 06:00:00,0.0,15.0,5.4,75,0
2023-07-08 07:00:00,0.0,17.6,5.8,70,6
2023-07-08 08:00:00,0.0,20.1,4.0,63,25
2023-07-08 09:00:00,0.0,22.4,3.1,57,13
2023-07-08 10:00:00,0.0,24.4,2.8,51,1
2023-07-08 11:00:00,0.0,25.3,3.3,47,0
2023-07-08 12:00:00,0.0,26.7,5.7,44,0
2023-07-08 13:00:00,0.0,27.9,6.9,40,0
2023-07-08 14:00:00,0.0,28.5,6.9,37,22
2023-07-08 15:00:00,0.0,29.0,7.1,35,22
2023-07-08 16:00:00,0.0,29.3,7.3,35,42
2023-07-08 17:00:00,0.0,28.9,6.3,36,49
2023-07-08 18:00:00,0.0,28.9,5.1,37,54
2023-07-08 19:00:00,0.0,27.2,3.7,50,42
2023-07-08 20:00:00,0.0,26.7,3.0,41,32
2023-07-08 21:00:00,0.0,25.7,2.6,42,25
2023-07-08 22:00:00,0.0,24.0,2.6,49,49
2023-07-08 23:00:00,0.0,22.1,3.6,55,10
2023-07-09 00:00:00,0.0,21.0,5.2,60,7
2023-07-09 01:00:00,0.0,19.5,6.4,67,29
2023-07-09 02:00:00,0.0,17.4,5.9,77,51
2023-07-09 03:00:00,0.0,16.2,6.5,85,26
2023-07-09 04:00:00,0.0,15.6,6.5,88,13
2023-07-09 05:00:00,0.0,15.0,6.6,90,15
2023-07-09 06:00:00,0.0,16.2,6.6,87,17
2023-07-09 07:00:00,0.0,18.5,8.0,79,15
2023-07-09 08:00:00,0.0,21.3,6.6,71,10
2023-07-09 09:00:00,0.0,24.0,8.0,59,9
2023-07-09 10:00:00,0.0,25.9,10.5,49,5
2023-07-09 11:00:00,0.0,26.9,8.6,46,5
2023-07-09 12:00:00,0.0,28.3,10.2,42,6
2023-07-09 13:00:00,0.0,29.1,10.2,40,18
2023-07-09 14:00:00,0.0,29.3,10.8,39,36
2023-07-09 15:00:00,0.0,29.7,11.4,39,27
2023-07-09 16:00:00,0.0,29.7,10.4,37,54
2023-07-09 17:00:00,0.3,28.7,8.4,42,17
2023-07-09 18:00:00,0.0,27.9,9.0,45,22
2023-07-09 19:00:00,0.0,27.0,8.6,48,31
2023-07-09 20:00:00,0.0,24.8,8.7,57,20
2023-07-09 21:00:00,0.0,22.4,9.5,68,19
2023-07-09 22:00:00,0.0,20.9,10.2,76,31
2023-07-09 23:00:00,0.0,20.3,8.3,80,23
2023-07-10 00:00:00,0.0,19.2,5.6,85,21
2023-07-10 01:00:00,0.0,17.8,5.6,92,35
2023-07-10 02:00:00,0.0,16.9,4.8,95,39
2023-07-10 03:00:00,0.0,17.3,4.2,92,26
2023-07-10 04:00:00,0.0,17.1,3.6,93,13
2023-07-10 05:00:00,0.0,16.8,3.1,94,18
2023-07-10 06:00:00,0.0,16.3,3.1,98,18
2023-07-10 07:00:00,0.0,18.3,4.3,91,45
2023-07-10 08:00:00,0.0,20.1,4.2,81,85
2023-07-10 09:00:00,0.0,21.6,3.1,74,92
2023-07-10 10:00:00,0.0,23.1,2.9,69,88
2023-07-10 11:00:00,0.1,24.7,4.3,62,75
2023-07-10 12:00:00,0.1,25.5,3.3,57,82
2023-07-10 13:00:00,0.1,26.5,2.4,55,32
2023-07-10 14:00:00,0.1,27.2,2.1,54,16
2023-07-10 15:00:00,0.0,27.7,3.5,52,36
2023-07-10 16:00:00,0.0,28.3,3.3,49,24
2023-07-10 17:00:00,0.1,28.6,2.6,47,26
2023-07-10 18:00:00,0.0,27.6,2.7,51,12
2023-07-10 19:00:00,0.1,26.3,5.8,55,10
2023-07-10 20:00:00,0.0,24.5,5.4,60,1
2023-07-10 21:00:00,0.0,21.8,5.8,73,0
2023-07-10 22:00:00,0.0,20.9,6.3,78,0
2023-07-10 23:00:00,0.0,18.5,4.3,86,0
2023-07-11 00:00:00,0.0,18.8,0.5,84,0
2023-07-11 01:00:00,0.0,19.8,4.0,80,0
2023-07-11 02:00:00,0.0,18.4,5.8,85,0
2023-07-11 03:00:00,0.0,16.0,6.5,93,0
2023-07-11 04:00:00,0.0,15.4,7.2,96,0
2023-07-11 05:00:00,0.0,14.9,6.8,97,0
2023-07-11 06:00:00,0.0,16.3,4.7,94,0
2023-07-11 07:00:00,0.0,19.5,4.7,83,0
2023-07-11 08:00:00,0.0,22.4,4.3,75,0
2023-07-11 09:00:00,0.0,25.3,5.5,66,0
2023-07-11 10:00:00,0.0,27.7,7.8,54,0
2023-07-11 11:00:00,0.0,29.6,10.9,42,65
2023-07-11 12:00:00,0.0,31.0,14.6,38,3
2023-07-11 13:00:00,0.0,32.3,21.0,34,82
2023-07-11 14:00:00,0.1,33.1,24.8,33,100
2023-07-11 15:00:00,0.2,33.5,17.3,31,93
2023-07-11 16:00:00,0.7,32.8,15.9,32,91
2023-07-11 17:00:00,1.6,28.8,12.7,48,64
2023-07-11 18:00:00,0.8,27.1,11.2,54,78
2023-07-11 19:00:00,0.0,26.0,11.6,61,93
2023-07-11 20:00:00,0.0,24.3,8.4,67,95
2023-07-11 21:00:00,0.0,20.9,3.8,79,5
2023-07-11 22:00:00,0.0,19.6,4.7,85,36
2023-07-11 23:00:00,0.2,20.3,5.9,76,97
2023-07-12 00:00:00,0.5,19.9,4.5,77,91
2023-07-12 01:00:00,0.4,18.7,1.3,84,95
2023-07-12 02:00:00,0.0,17.7,2.5,90,93
2023-07-12 03:00:00,0.0,17.4,2.6,92,100
2023-07-12 04:00:00,0.0,17.1,4.8,94,100
2023-07-12 05:00:00,0.0,17.2,5.4,94,100
2023-07-12 06:00:00,0.0,17.5,6.1,93,100
2023-07-12 07:00:00,0.1,18.1,6.8,90,94
2023-07-12 08:00:00,0.0,18.2,6.5,91,76
2023-07-12 09:00:00,0.2,18.8,5.0,86,74
2023-07-12 10:00:00,0.3,19.4,5.1,79,81
2023-07-12 11:00:00,0.2,20.7,4.2,74,99
2023-07-12 12:00:00,0.1,21.9,6.3,68,100
2023-07-12 13:00:00,0.0,22.3,7.2,65,100
2023-07-12 14:00:00,0.0,22.5,7.6,62,99
2023-07-12 15:00:00,0.0,22.4,10.1,61,99
2023-07-12 16:00:00,0.0,22.7,14.0,56,100
2023-07-12 17:00:00,0.0,22.3,15.0,55,93
2023-07-12 18:00:00,0.0,22.0,14.3,55,17
2023-07-12 19:00:00,0.0,20.8,13.2,58,44
2023-07-12 20:00:00,0.0,19.5,10.1,63,50
2023-07-12 21:00:00,0.1,18.0,8.5,70,56
2023-07-12 22:00:00,0.3,17.0,8.3,76,50
2023-07-12 23:00:00,0.3,16.2,7.3,80,99
2023-07-13 00:00:00,0.2,15.6,6.0,84,87
2023-07-13 01:00:00,0.1,14.9,6.4,88,80
2023-07-13 02:00:00,0.1,14.4,7.1,90,100
2023-07-13 03:00:00,0.1,14.0,8.3,89,100
2023-07-13 04:00:00,0.0,13.1,7.8,92,92
2023-07-13 05:00:00,0.0,12.5,6.7,92,96
2023-07-13 06:00:00,0.0,12.3,6.4,91,89
2023-07-13 07:00:00,0.0,13.2,6.2,87,79
2023-07-13 08:00:00,0.0,14.5,6.7,80,52
2023-07-13 09:00:00,0.0,15.7,6.6,71,40
2023-07-13 10:00:00,0.0,17.1,7.1,60,31
2023-07-13 11:00:00,0.0,18.5,4.8,54,54
2023-07-13 12:00:00,0.0,19.7,6.3,47,30
2023-07-13 13:00:00,0.0,20.8,7.3,42,15
2023-07-13 14:00:00,0.0,21.4,7.7,40,22
2023-07-13 15:00:00,0.0,21.9,8.4,39,52
2023-07-13 16:00:00,0.0,21.9,9.0,39,69
2023-07-13 17:00:00,0.0,21.7,8.9,40,95
2023-07-13 18:00:00,0.0,21.2,8.8,41,60
2023-07-13 19:00:00,0.0,20.2,8.7,43,98
2023-07-13 20:00:00,0.0,18.7,7.6,44,95
2023-07-13 21:00:00,0.0,15.7,6.1,56,82
2023-07-13 22:00:00,0.0,13.5,5.4,66,47
2023-07-13 23:00:00,0.0,12.2,5.9,73,16
2023-07-14 00:00:00,0.0,10.6,5.9,81,0
2023-07-14 01:00:00,0.0,10.8,5.2,78,6
2023-07-14 02:00:00,0.0,10.6,5.0,78,1
2023-07-14 03:00:00,0.0,9.9,4.8,81,1
2023-07-14 04:00:00,0.0,8.2,4.9,89,15
2023-07-14 05:00:00,0.0,7.3,6.1,92,4
2023-07-14 06:00:00,0.0,8.6,4.7,90,2
2023-07-14 07:00:00,0.0,12.1,6.1,78,5
2023-07-14 08:00:00,0.0,15.4,7.0,64,37
2023-07-14 09:00:00,0.0,18.5,9.0,54,77
2023-07-14 10:00:00,0.0,21.3,9.3,43,74
2023-07-14 11:00:00,0.0,23.5,10.1,35,46
2023-07-14 12:00:00,0.0,25.4,11.2,29,10
2023-07-14 13:00:00,0.0,27.1,12.1,26,0
2023-07-14 14:00:00,0.0,28.1,13.5,27,0
2023-07-14 15:00:00,0.0,28.9,14.3,28,0
2023-07-14 16:00:00,0.0,29.3,14.5,28,0
2023-07-14 17:00:00,0.0,29.3,14.3,29,0
2023-07-14 18:00:00,0.0,28.8,13.0,29,4
2023-07-14 19:00:00,0.0,27.8,9.3,31,1
2023-07-14 20:00:00,0.0,25.1,6.5,41,5
2023-07-14 21:00:00,0.0,22.2,8.0,46,8
2023-07-14 22:00:00,0.0,21.0,8.9,50,10
2023-07-14 23:00:00,0.0,20.4,10.3,53,12
2023-07-15 00:00:00,0.0,19.4,11.0,56,4
2023-07-15 01:00:00,0.0,18.9,12.4,58,17
2023-07-15 02:00:00,0.0,18.6,13.5,63,29
2023-07-15 03:00:00,0.0,18.4,10.9,69,24
2023-07-15 04:00:00,0.0,18.3,10.9,76,20
2023-07-15 05:00:00,0.0,18.2,10.2,80,22
2023-07-15 06:00:00,0.0,18.7,10.2,79,31
2023-07-15 07:00:00,0.0,19.9,10.1,75,35
2023-07-15 08:00:00,0.0,21.1,13.0,68,13
2023-07-15 09:00:00,0.0,22.2,18.5,63,17
2023-07-15 10:00:00,0.0,23.4,20.0,59,19
2023-07-15 11:00:00,0.0,24.7,18.6,56,10
2023-07-15 12:00:00,0.0,25.6,19.1,53,31
2023-07-15 13:00:00,0.0,26.5,18.6,51,33
2023-07-15 14:00:00,0.2,26.0,17.4,54,33
2023-07-15 15:00:00,2.8,22.7,16.5,68,89
2023-07-15 16:00:00,1.0,21.7,12.2,73,82
2023-07-15 17:00:00,0.9,20.2,8.5,79,84
2023-07-15 18:00:00,1.2,18.7,9.7,85,100
2023-07-15 19:00:00,2.7,17.2,12.2,92,100
2023-07-15 20:00:00,3.0,15.9,14.2,96,100
2023-07-15 21:00:00,3.7,15.0,6.7,93,100
2023-07-15 22:00:00,3.1,14.3,1.8,89,68
2023-07-15 23:00:00,1.3,14.5,4.3,91,65
2023-07-16 00:00:00,0.2,14.5,3.8,91,34
2023-07-16 01:00:00,0.0,13.8,3.6,93,25
2023-07-16 02:00:00,0.0,13.2,4.0,95,33
2023-07-16 03:00:00,0.0,12.9,3.9,95,45
2023-07-16 04:00:00,0.0,12.4,3.8,95,36
2023-07-16 05:00:00,0.0,11.7,4.6,96,46
2023-07-16 06:00:00,0.0,11.9,3.3,97,46
2023-07-16 07:00:00,0.0,13.0,2.3,94,55
2023-07-16 08:00:00,0.0,14.5,0.8,86,78
2023-07-16 09:00:00,0.0,15.8,0.4,80,87
2023-07-16 10:00:00,0.0,17.1,0.8,74,89
2023-07-16 11:00:00,0.0,18.4,3.3,59,48
2023-07-16 12:00:00,0.0,19.3,2.7,55,58
2023-07-16 13:00:00,0.0,20.3,1.8,54,37
2023-07-16 14:00:00,0.0,20.9,3.6,53,58
2023-07-16 15:00:00,0.0,21.8,6.0,51,88
2023-07-16 16:00:00,0.0,22.6,4.4,49,69
2023-07-16 17:00:00,0.0,22.8,4.7,49,63
2023-07-16 18:00:00,0.0,22.4,9.2,51,71
2023-07-16 19:00:00,0.0,21.3,12.0,55,40
2023-07-16 20:00:00,0.0,19.4,11.4,58,50
2023-07-16 21:00:00,0.1,17.4,9.4,65,60
2023-07-16 22:00:00,0.0,15.7,6.9,72,38
2023-07-16 23:00:00,0.0,14.2,5.8,81,51
2023-07-17 00:00:00,0.0,14.0,4.5,80,74
2023-07-17 01:00:00,0.0,14.4,5.4,76,73
2023-07-17 02:00:00,0.0,14.0,4.7,78,40
2023-07-17 03:00:00,0.0,13.5,3.6,80,29
2023-07-17 04:00:00,0.0,13.1,5.6,82,31
2023-07-17 05:00:00,0.0,12.6,5.8,84,43
2023-07-17 06:00:00,0.0,12.5,3.4,84,55
2023-07-17 07:00:00,0.0,14.1,2.6,83,66
2023-07-17 08:00:00,0.0,15.9,2.8,70,69
2023-07-17 09:00:00,0.0,17.6,3.1,66,74
2023-07-17 10:00:00,0.0,19.3,2.8,63,66
2023-07-17 11:00:00,0.0,20.1,4.0,61,59
2023-07-17 12:00:00,0.0,21.6,1.9,58,38
2023-07-17 13:00:00,0.0,22.8,2.9,56,68
2023-07-17 14:00:00,0.0,23.9,5.4,52,86
2023-07-17 15:00:00,0.0,24.5,7.4,52,85
2023-07-17 16:00:00,0.0,24.8,9.4,51,33
2023-07-17 17:00:00,0.0,24.9,9.9,52,22
2023-07-17 18:00:00,0.0,24.3,10.1,54,19
2023-07-17 19:00:00,0.0,22.7,9.9,58,3
2023-07-17 20:00:00,0.0,21.2,7.3,62,1
2023-07-17 21:00:00,0.0,18.4,5.2,75,1
2023-07-17 22:00:00,0.0,16.8,5.6,84,1
2023-07-17 23:00:00,0.0,15.0,4.2,88,0
2023-07-18 00:00:00,0.0,14.4,3.4,89,0
2023-07-18 01:00:00,0.0,14.5,3.4,87,0
2023-07-18 02:00:00,0.0,13.9,3.5,89,17
2023-07-18 03:00:00,0.0,12.8,4.4,94,30
2023-07-18 04:00:00,0.0,11.6,5.2,99,3
2023-07-18 05:00:00,0.0,11.8,5.2,98,2
2023-07-18 06:00:00,0.0,13.1,7.1,95,9
2023-07-18 07:00:00,0.0,15.9,5.6,85,38
2023-07-18 08:00:00,0.0,18.9,5.7,74,36
2023-07-18 09:00:00,0.0,21.9,7.2,67,22
2023-07-18 10:00:00,0.0,24.4,6.4,61,0
2023-07-18 11:00:00,0.0,26.7,5.6,54,38
2023-07-18 12:00:00,0.0,28.0,4.8,52,7
2023-07-18 13:00:00,0.0,29.7,6.7,47,15
2023-07-18 14:00:00,0.0,31.4,10.6,40,26
2023-07-18 15:00:00,0.1,31.4,14.5,39,57
2023-07-18 16:00:00,0.0,31.0,15.8,41,83
2023-07-18 17:00:00,0.0,30.7,17.3,42,58
2023-07-18 18:00:00,0.0,29.3,16.3,47,52
2023-07-18 19:00:00,0.0,27.7,14.6,52,41
2023-07-18 20:00:00,0.0,26.2,11.3,58,5
2023-07-18 21:00:00,0.0,23.8,7.2,67,1
2023-07-18 22:00:00,0.0,22.1,8.3,75,16
2023-07-18 23:00:00,0.0,19.7,6.9,80,48
2023-07-19 00:00:00,0.0,18.6,6.7,85,73
2023-07-19 01:00:00,0.0,17.6,5.1,87,68
2023-07-19 02:00:00,0.0,17.0,4.5,89,37
2023-07-19 03:00:00,0.0,16.1,3.3,90,13
2023-07-19 04:00:00,0.0,15.3,6.4,91,5
2023-07-19 05:00:00,0.0,14.6,5.9,93,4
2023-07-19 06:00:00,0.0,14.6,6.2,93,2
2023-07-19 07:00:00,0.0,16.6,4.7,85,2
2023-07-19 08:00:00,0.0,18.1,4.2,76,29
2023-07-19 09:00:00,0.0,19.4,4.6,69,23
2023-07-19 10:00:00,0.0,21.0,6.1,61,27
2023-07-19 11:00:00,0.0,21.9,4.9,59,49
2023-07-19 12:00:00,0.0,22.9,7.9,52,53
2023-07-19 13:00:00,0.0,23.6,9.3,48,11
2023-07-19 14:00:00,0.0,24.0,10.6,45,7
2023-07-19 15:00:00,0.0,24.5,12.3,43,4
2023-07-19 16:00:00,0.0,24.7,13.3,42,6
2023-07-19 17:00:00,0.0,24.3,14.3,43,3
2023-07-19 18:00:00,0.0,23.5,14.1,46,3
2023-07-19 19:00:00,0.0,22.2,13.0,50,2
2023-07-19 20:00:00,0.0,20.4,10.9,54,5
2023-07-19 21:00:00,0.0,18.2,8.9,61,5
2023-07-19 22:00:00,0.0,16.5,8.0,68,3
2023-07-19 23:00:00,0.0,15.2,7.0,69,2
2023-07-20 00:00:00,0.0,14.4,7.1,74,5
2023-07-20 01:00:00,0.0,13.6,6.3,78,4
2023-07-20 02:00:00,0.0,12.7,5.4,83,8
2023-07-20 03:00:00,0.0,11.7,5.4,88,6
2023-07-20 04:00:00,0.0,10.9,5.4,92,9
2023-07-20 05:00:00,0.0,10.4,5.1,94,6
2023-07-20 06:00:00,0.0,11.1,3.3,93,2
2023-07-20 07:00:00,0.0,13.9,3.2,83,2
2023-07-20 08:00:00,0.0,16.3,4.3,71,0
2023-07-20 09:00:00,0.0,18.0,4.3,64,1
2023-07-20 10:00:00,0.0,19.4,4.9,58,9
2023-07-20 11:00:00,0.0,20.7,3.9,54,15
2023-07-20 12:00:00,0.0,21.8,5.5,49,27
2023-07-20 13:00:00,0.0,22.6,6.2,46,2
2023-07-20 14:00:00,0.0,23.6,6.1,43,15
2023-07-20 15:00:00,0.0,24.4,5.8,41,15
2023-07-20 16:00:00,0.0,24.8,6.5,40,30
2023-07-20 17:00:00,0.0,24.8,6.2,40,26
2023-07-20 18:00:00,0.0,24.1,6.1,42,18
2023-07-20 19:00:00,0.0,22.9,7.3,44,34
2023-07-20 20:00:00,0.0,20.6,5.9,49,32
2023-07-20 21:00:00,0.0,18.3,5.4,59,41
2023-07-20 22:00:00,0.0,16.7,5.5,66,53
2023-07-20 23:00:00,0.0,15.6,2.7,71,22
2023-07-21 00:00:00,0.0,15.9,4.7,69,19
2023-07-21 01:00:00,0.0,15.5,4.3,70,22
2023-07-21 02:00:00,0.0,15.0,5.5,73,32
2023-07-21 03:00:00,0.0,13.8,6.5,79,30
2023-07-21 04:00:00,0.0,13.3,5.4,83,25
2023-07-21 05:00:00,0.0,13.2,4.7,85,28
2023-07-21 06:00:00,0.0,13.2,5.1,85,39
2023-07-21 07:00:00,0.0,15.4,6.5,76,50
2023-07-21 08:00:00,0.0,16.9,10.9,67,43
2023-07-21 09:00:00,0.0,17.9,12.8,62,63
2023-07-21 10:00:00,0.1,18.6,12.5,60,98
2023-07-21 11:00:00,0.1,19.3,8.4,56,46
2023-07-21 12:00:00,0.2,19.7,9.6,55,37
2023-07-21 13:00:00,0.1,19.6,11.4,55,27
2023-07-21 14:00:00,0.1,20.1,13.2,53,21
2023-07-21 15:00:00,0.1,20.6,14.4,52,64
2023-07-21 16:00:00,0.0,20.9,14.9,50,86
2023-07-21 17:00:00,0.0,21.0,15.3,50,92
2023-07-21 18:00:00,0.0,20.1,14.6,53,71
2023-07-21 19:00:00,0.0,19.3,13.1,54,66
2023-07-21 20:00:00,0.0,18.0,11.6,56,52
2023-07-21 21:00:00,0.0,16.4,9.0,61,37
2023-07-21 22:00:00,0.0,15.0,8.1,67,23
2023-07-21 23:00:00,0.0,13.4,3.7,72,31
2023-07-22 00:00:00,0.0,12.1,3.4,80,37
2023-07-22 01:00:00,0.0,12.2,4.1,78,25
2023-07-22 02:00:00,0.0,12.2,4.7,77,46
2023-07-22 03:00:00,0.0,12.5,4.3,75,62
2023-07-22 04:00:00,0.0,10.3,4.3,86,72
2023-07-22 05:00:00,0.0,9.4,4.4,90,44
2023-07-22 06:00:00,0.0,9.3,3.3,93,34
2023-07-22 07:00:00,0.0,12.1,3.0,85,28
2023-07-22 08:00:00,0.0,15.2,2.3,69,41
2023-07-22 09:00:00,0.0,17.3,3.0,61,39
2023-07-22 10:00:00,0.0,19.0,4.3,53,39
2023-07-22 11:00:00,0.0,20.5,6.0,47,68
2023-07-22 12:00:00,0.0,21.3,9.8,44,85
2023-07-22 13:00:00,0.0,21.7,11.5,43,91
2023-07-22 14:00:00,0.0,22.4,12.6,40,73
2023-07-22 15:00:00,0.0,23.0,13.7,39,75
2023-07-22 16:00:00,0.0,23.4,13.3,38,36
2023-07-22 17:00:00,0.0,23.4,14.0,38,47
2023-07-22 18:00:00,0.0,22.8,13.0,41,6
2023-07-22 19:00:00,0.0,21.5,11.2,44,1
2023-07-22 20:00:00,0.0,18.7,8.4,53,0
2023-07-22 21:00:00,0.0,15.1,7.2,67,0
2023-07-22 22:00:00,0.0,14.5,4.8,69,0
2023-07-22 23:00:00,0.0,13.8,6.0,72,0
2023-07-23 00:00:00,0.0,11.0,5.9,86,0
2023-07-23 01:00:00,0.0,10.6,5.4,87,0
2023-07-23 02:00:00,0.0,10.6,6.1,87,1
2023-07-23 03:00:00,0.0,10.6,7.2,88,3
2023-07-23 04:00:00,0.0,10.8,7.3,87,68
2023-07-23 05:00:00,0.0,10.7,7.2,86,99
2023-07-23 06:00:00,0.0,11.2,7.6,83,96
2023-07-23 07:00:00,0.0,13.2,8.0,77,11
2023-07-23 08:00:00,0.0,16.6,6.2,68,42
2023-07-23 09:00:00,0.0,19.9,7.2,58,77
2023-07-23 10:00:00,0.0,22.1,9.3,51,83
2023-07-23 11:00:00,0.0,24.7,10.8,41,94
2023-07-23 12:00:00,0.0,26.0,14.1,37,55
2023-07-23 13:00:00,0.0,27.0,16.5,34,49
2023-07-23 14:00:00,0.0,28.2,17.9,32,28
2023-07-23 15:00:00,0.0,28.6,17.9,31,30
2023-07-23 16:00:00,0.0,28.3,16.6,32,28
2023-07-23 17:00:00,0.0,28.0,15.7,32,45
2023-07-23 18:00:00,0.0,26.9,13.3,37,49
2023-07-23 19:00:00,0.0,25.7,8.4,43,24
2023-07-23 20:00:00,0.0,23.2,5.5,53,33
2023-07-23 21:00:00,0.0,20.8,4.9,62,33
2023-07-23 22:00:00,0.0,20.3,3.2,64,46
2023-07-23 23:00:00,0.0,19.0,4.8,63,73
2023-07-24 00:00:00,0.0,17.5,4.2,72,89
2023-07-24 01:00:00,0.3,17.9,5.5,72,84
2023-07-24 02:00:00,0.2,17.2,6.0,79,74
2023-07-24 03:00:00,0.2,16.7,6.2,85,94
2023-07-24 04:00:00,1.1,16.1,6.5,91,54
2023-07-24 05:00:00,0.5,15.8,5.1,93,54
2023-07-24 06:00:00,0.6,15.6,5.5,92,73
2023-07-24 07:00:00,0.5,16.0,5.2,91,85
2023-07-24 08:00:00,0.5,16.9,6.9,87,100
2023-07-24 09:00:00,0.1,17.3,3.1,85,97
2023-07-24 10:00:00,1.0,18.2,4.4,79,93
2023-07-24 11:00:00,2.2,16.5,4.8,86,81
2023-07-24 12:00:00,0.4,18.0,9.9,76,65
2023-07-24 13:00:00,0.1,20.6,14.0,62,79
2023-07-24 14:00:00,0.2,20.9,14.3,60,100
2023-07-24 15:00:00,0.0,21.6,13.8,56,99
2023-07-24 16:00:00,0.0,21.9,13.8,55,100
2023-07-24 17:00:00,0.0,21.5,14.0,53,99
2023-07-24 18:00:00,0.0,20.9,14.3,54,99
2023-07-24 19:00:00,0.0,19.8,14.3,56,93
2023-07-24 20:00:00,0.1,18.0,13.1,62,100
2023-07-24 21:00:00,0.0,16.9,12.4,67,100
2023-07-24 22:00:00,0.0,16.1,11.7,69,95
2023-07-24 23:00:00,0.0,15.3,11.5,76,69
2023-07-25 00:00:00,0.0,14.8,12.5,75,73
2023-07-25 01:00:00,0.0,14.8,11.4,73,46
2023-07-25 02:00:00,0.0,14.2,11.5,76,50
2023-07-25 03:00:00,0.0,13.7,10.6,77,49
2023-07-25 04:00:00,0.0,13.3,10.1,76,83
2023-07-25 05:00:00,0.0,12.9,9.2,80,93
2023-07-25 06:00:00,0.0,12.8,7.1,80,85
2023-07-25 07:00:00,0.0,13.3,10.8,79,55
2023-07-25 08:00:00,0.0,13.8,13.0,73,32
2023-07-25 09:00:00,0.0,14.4,15.2,65,49
2023-07-25 10:00:00,0.0,14.9,18.4,60,27
2023-07-25 11:00:00,0.0,15.2,21.0,57,59
2023-07-25 12:00:00,0.0,15.7,22.3,54,77
2023-07-25 13:00:00,0.2,16.6,22.9,53,88
2023-07-25 14:00:00,0.2,16.0,21.6,56,70
2023-07-25 15:00:00,0.0,16.0,20.5,57,65
2023-07-25 16:00:00,0.0,16.1,20.5,56,57
2023-07-25 17:00:00,0.0,15.3,20.6,59,76
2023-07-25 18:00:00,0.1,14.3,17.6,63,69
2023-07-25 19:00:00,0.6,12.6,17.4,76,67
2023-07-25 20:00:00,0.2,12.0,13.4,82,73
2023-07-25 21:00:00,0.1,11.3,12.3,85,49
2023-07-25 22:00:00,0.1,11.1,13.6,85,48
2023-07-25 23:00:00,0.2,10.8,9.0,85,43
2023-07-26 00:00:00,0.0,10.4,7.8,85,50
2023-07-26 01:00:00,0.0,10.1,6.9,86,60
2023-07-26 02:00:00,0.0,9.6,5.4,89,82
2023-07-26 03:00:00,0.0,9.5,4.0,89,51
2023-07-26 04:00:00,0.0,9.3,5.1,89,43
2023-07-26 05:00:00,0.0,9.3,5.4,89,45
2023-07-26 06:00:00,0.0,9.4,3.3,89,39
2023-07-26 07:00:00,0.0,10.6,5.9,85,48
2023-07-26 08:00:00,0.0,11.9,7.4,78,53
2023-07-26 09:00:00,0.0,13.2,8.8,70,54
2023-07-26 10:00:00,0.0,14.4,9.7,62,51
2023-07-26 11:00:00,0.0,16.0,8.3,52,73
2023-07-26 12:00:00,0.0,17.5,10.7,47,65
2023-07-26 13:00:00,0.0,18.7,12.1,43,75
2023-07-26 14:00:00,0.0,19.6,13.8,40,63
2023-07-26 15:00:00,0.0,20.2,14.0,38,79
2023-07-26 16:00:00,0.0,20.3,14.7,39,94
2023-07-26 17:00:00,0.0,20.3,13.6,40,80
2023-07-26 18:00:00,0.0,19.7,11.9,45,48
2023-07-26 19:00:00,0.0,19.0,9.4,50,60
2023-07-26 20:00:00,0.0,17.3,5.9,60,73
2023-07-26 21:00:00,0.0,14.9,4.7,75,55
2023-07-26 22:00:00,0.0,13.8,4.3,79,38
2023-07-26 23:00:00,0.0,12.3,6.1,86,50
2023-07-27 00:00:00,0.0,11.8,5.8,88,29
2023-07-27 01:00:00,0.0,11.6,5.5,88,23
2023-07-27 02:00:00,0.0,11.5,5.1,89,52
2023-07-27 03:00:00,0.0,11.5,4.3,90,72
2023-07-27 04:00:00,0.0,11.7,4.7,89,63
2023-07-27 05:00:00,0.0,11.9,3.6,89,69
2023-07-27 06:00:00,0.0,12.2,2.5,89,69
2023-07-27 07:00:00,0.0,13.7,3.8,84,53
2023-07-27 08:00:00,0.0,15.2,5.7,78,66
2023-07-27 09:00:00,0.0,16.9,6.8,72,65
2023-07-27 10:00:00,0.0,18.8,6.7,64,27
2023-07-27 11:00:00,0.0,20.7,2.5,55,3
2023-07-27 12:00:00,0.0,22.7,3.1,50,2
2023-07-27 13:00:00,0.0,24.1,5.5,46,7
2023-07-27 14:00:00,0.0,25.3,7.7,42,4
2023-07-27 15:00:00,0.0,25.9,9.7,41,3
2023-07-27 16:00:00,0.0,26.5,11.4,38,4
2023-07-27 17:00:00,0.0,26.4,13.1,38,10
2023-07-27 18:00:00,0.0,25.8,12.7,38,20
2023-07-27 19:00:00,0.0,24.5,9.8,41,51
2023-07-27 20:00:00,0.0,21.6,5.8,50,56
2023-07-27 21:00:00,0.0,18.2,7.0,65,62
2023-07-27 22:00:00,0.0,16.4,7.0,74,89
2023-07-27 23:00:00,0.0,15.9,7.1,77,100
2023-07-28 00:00:00,0.0,15.0,6.4,81,21
2023-07-28 01:00:00,0.0,14.4,5.5,85,82
2023-07-28 02:00:00,0.0,13.5,6.0,89,80
2023-07-28 03:00:00,0.0,13.2,5.3,91,30
2023-07-28 04:00:00,0.0,12.9,5.0,91,11
2023-07-28 05:00:00,0.0,13.2,5.2,91,15
2023-07-28 06:00:00,0.0,13.7,4.3,89,27
2023-07-28 07:00:00,0.0,15.7,5.8,83,73
2023-07-28 08:00:00,0.0,18.4,4.4,74,90
2023-07-28 09:00:00,0.0,20.3,9.0,67,96
2023-07-28 10:00:00,0.0,21.6,10.2,60,94
2023-07-28 11:00:00,0.0,23.0,9.0,52,29
2023-07-28 12:00:00,0.0,24.2,10.3,46,73
2023-07-28 13:00:00,0.0,25.3,10.8,42,70
2023-07-28 14:00:00,0.0,25.6,13.3,41,68
2023-07-28 15:00:00,0.0,25.4,13.8,43,87
2023-07-28 16:00:00,0.0,25.8,11.9,41,81
2023-07-28 17:00:00,0.0,26.1,11.6,39,43
2023-07-28 18:00:00,0.0,25.5,10.9,42,31
2023-07-28 19:00:00,0.0,24.1,9.4,46,18
2023-07-28 20:00:00,0.0,21.8,6.1,53,14
2023-07-28 21:00:00,0.0,19.5,7.8,63,100
2023-07-28 22:00:00,0.0,19.5,5.9,62,99
2023-07-28 23:00:00,0.0,17.0,5.3,71,99
2023-07-29 00:00:00,0.0,16.4,5.4,74,60
2023-07-29 01:00:00,0.0,15.8,5.8,78,15
2023-07-29 02:00:00,0.0,15.2,5.9,82,34
2023-07-29 03:00:00,0.0,14.3,4.7,87,51
2023-07-29 04:00:00,0.0,14.3,4.6,87,93
2023-07-29 05:00:00,0.1,13.6,5.0,91,79
2023-07-29 06:00:00,0.3,13.8,3.9,91,48
2023-07-29 07:00:00,0.4,15.0,4.7,88,54
2023-07-29 08:00:00,0.1,17.1,4.7,80,73
2023-07-29 09:00:00,0.1,19.0,4.7,73,86
2023-07-29 10:00:00,0.4,20.4,4.0,68,64
2023-07-29 11:00:00,0.8,20.5,3.5,70,99
2023-07-29 12:00:00,0.7,21.8,4.3,64,94
2023-07-29 13:00:00,0.1,23.1,5.9,60,69
2023-07-29 14:00:00,0.1,23.1,9.7,60,68
2023-07-29 15:00:00,0.1,23.1,7.9,60,27
2023-07-29 16:00:00,1.3,22.5,9.5,63,32
2023-07-29 17:00:00,0.9,21.4,11.3,65,29
2023-07-29 18:00:00,0.3,20.8,9.8,67,39
2023-07-29 19:00:00,0.4,20.1,8.8,68,36
2023-07-29 20:00:00,0.7,18.9,6.1,72,39
2023-07-29 21:00:00,0.3,17.8,5.4,76,22
2023-07-29 22:00:00,0.0,17.2,5.2,78,15
2023-07-29 23:00:00,0.0,16.5,4.6,83,67
2023-07-30 00:00:00,0.0,15.8,2.9,86,70
2023-07-30 01:00:00,0.0,15.0,4.1,90,89
2023-07-30 02:00:00,0.0,14.4,5.9,91,67
2023-07-30 03:00:00,0.0,13.8,4.7,92,74
2023-07-30 04:00:00,0.0,12.9,5.0,95,93
2023-07-30 05:00:00,0.0,13.2,5.9,93,93
2023-07-30 06:00:00,0.0,13.1,4.3,89,65
2023-07-30 07:00:00,0.0,13.7,5.6,82,27
2023-07-30 08:00:00,0.0,14.9,5.8,72,8
2023-07-30 09:00:00,0.0,16.6,6.6,59,17
2023-07-30 10:00:00,0.0,18.2,7.8,48,45
2023-07-30 11:00:00,0.0,18.7,8.3,48,91
2023-07-30 12:00:00,0.0,19.7,9.3,42,82
2023-07-30 13:00:00,0.0,21.1,10.4,38,81
2023-07-30 14:00:00,0.0,21.7,11.5,36,92
2023-07-30 15:00:00,0.0,22.0,11.9,35,94
2023-07-30 16:00:00,0.0,22.0,12.3,37,95
2023-07-30 17:00:00,0.0,21.1,12.5,41,94
2023-07-30 18:00:00,0.0,20.2,12.7,45,96
2023-07-30 19:00:00,0.0,19.1,12.0,48,97
2023-07-30 20:00:00,0.0,17.2,10.2,54,53
2023-07-30 21:00:00,0.0,14.8,7.7,63,3
2023-07-30 22:00:00,0.0,13.1,5.7,71,5
2023-07-30 23:00:00,0.0,11.2,4.4,80,1
2023-07-31 00:00:00,0.0,11.0,2.5,80,3
2023-07-31 01:00:00,0.0,11.9,2.8,74,81
2023-07-31 02:00:00,0.0,10.9,3.8,79,96
2023-07-31 03:00:00,0.0,10.0,4.2,83,98
2023-07-31 04:00:00,0.0,9.1,4.7,88,94
2023-07-31 05:00:00,0.0,8.9,4.2,89,93
2023-07-31 06:00:00,0.0,8.3,3.1,94,9
2023-07-31 07:00:00,0.0,11.1,2.3,85,5
2023-07-31 08:00:00,0.0,14.8,2.2,70,3
2023-07-31 09:00:00,0.0,16.8,3.9,60,5
2023-07-31 10:00:00,0.0,18.7,5.0,52,1
2023-07-31 11:00:00,0.0,20.2,3.3,46,0
2023-07-31 12:00:00,0.0,21.9,3.2,41,0
2023-07-31 13:00:00,0.0,23.4,3.8,38,0
2023-07-31 14:00:00,0.0,24.6,5.6,34,0
2023-07-31 15:00:00,0.0,25.4,8.8,33,0
2023-07-31 16:00:00,0.0,25.5,11.4,33,0
2023-07-31 17:00:00,0.0,25.3,13.1,33,1
2023-07-31 18:00:00,0.0,24.5,13.0,35,3
2023-07-31 19:00:00,0.0,22.9,12.6,39,3
2023-07-31 20:00:00,0.0,20.6,11.5,47,10
2023-07-31 21:00:00,0.0,18.4,9.3,57,6
2023-07-31 22:00:00,0.0,17.0,7.1,64,84
2023-07-31 23:00:00,0.0,15.6,6.1,71,99
2023-08-01 00:00:00,0.0,14.9,6.1,75,84
2023-08-01 01:00:00,0.0,14.3,5.9,77,67
2023-08-01 02:00:00,0.0,13.9,6.8,78,100
2023-08-01 03:00:00,0.0,13.7,7.3,78,99
2023-08-01 04:00:00,0.0,13.6,7.4,79,97
2023-08-01 05:00:00,0.0,14.0,6.6,76,98
2023-08-01 06:00:00,0.0,13.9,7.1,76,99
2023-08-01 07:00:00,0.2,14.6,8.2,75,99
2023-08-01 08:00:00,0.2,15.0,9.3,78,100
2023-08-01 09:00:00,0.2,15.8,12.8,76,98
2023-08-01 10:00:00,0.1,16.8,17.0,74,99
2023-08-01 11:00:00,0.1,17.8,13.9,71,90
2023-08-01 12:00:00,0.2,19.3,15.5,64,83
2023-08-01 13:00:00,0.1,20.5,18.1,59,45
2023-08-01 14:00:00,0.1,21.3,20.2,53,28
2023-08-01 15:00:00,0.0,22.0,20.3,48,38
2023-08-01 16:00:00,0.0,22.1,21.1,47,72
2023-08-01 17:00:00,0.0,21.3,19.6,48,82
2023-08-01 18:00:00,0.0,20.6,16.3,51,91
2023-08-01 19:00:00,0.0,19.3,14.4,57,93
2023-08-01 20:00:00,0.0,18.2,12.3,62,94
2023-08-01 21:00:00,0.0,17.0,10.5,68,96
2023-08-01 22:00:00,0.0,16.5,8.8,72,93
2023-08-01 23:00:00,0.0,16.8,7.9,70,100
2023-08-02 00:00:00,0.0,16.3,9.7,73,89
2023-08-02 01:00:00,0.0,16.1,8.7,76,70
2023-08-02 02:00:00,0.0,15.9,8.9,78,45
2023-08-02 03:00:00,0.0,15.5,8.6,80,20
2023-08-02 04:00:00,0.0,14.9,7.9,82,25
2023-08-02 05:00:00,0.0,14.1,8.4,86,32
2023-08-02 06:00:00,0.0,14.2,8.8,85,25
2023-08-02 07:00:00,0.0,15.4,10.1,78,23
2023-08-02 08:00:00,0.0,17.1,14.2,69,26
2023-08-02 09:00:00,0.0,18.8,16.8,63,27
2023-08-02 10:00:00,0.0,20.4,21.7,60,48
2023-08-02 11:00:00,0.0,22.0,25.6,54,66
2023-08-02 12:00:00,0.0,23.0,27.8,51,66
2023-08-02 13:00:00,0.0,23.1,27.2,53,71
2023-08-02 14:00:00,0.0,23.6,27.0,52,77
2023-08-02 15:00:00,0.1,23.1,29.0,55,77
2023-08-02 16:00:00,0.2,22.9,27.8,58,90
2023-08-02 17:00:00,0.6,20.4,22.1,70,29
2023-08-02 18:00:00,0.1,19.1,24.1,69,14
2023-08-02 19:00:00,0.0,18.4,22.1,63,31
2023-08-02 20:00:00,0.0,16.8,18.8,66,36
2023-08-02 21:00:00,0.0,15.7,18.1,68,36
2023-08-02 22:00:00,0.0,14.8,16.6,72,47
2023-08-02 23:00:00,0.0,14.3,15.2,70,36
2023-08-03 00:00:00,0.0,13.7,14.5,74,31
2023-08-03 01:00:00,0.0,13.8,14.0,75,33
2023-08-03 02:00:00,0.0,13.6,13.9,75,47
2023-08-03 03:00:00,0.0,13.2,13.0,76,88
2023-08-03 04:00:00,0.0,13.2,11.9,76,96
2023-08-03 05:00:00,0.0,13.3,11.9,77,81
2023-08-03 06:00:00,0.0,13.2,12.7,76,79
2023-08-03 07:00:00,0.0,13.5,13.8,74,64
2023-08-03 08:00:00,0.0,14.4,17.7,70,69
2023-08-03 09:00:00,0.0,15.5,18.5,63,64
2023-08-03 10:00:00,0.0,16.3,18.5,57,76
2023-08-03 11:00:00,0.0,16.8,19.5,56,66
2023-08-03 12:00:00,0.0,18.0,19.1,51,62
2023-08-03 13:00:00,0.0,17.9,19.5,50,66
2023-08-03 14:00:00,0.0,18.8,20.5,46,79
2023-08-03 15:00:00,0.0,19.0,18.0,45,50
2023-08-03 16:00:00,0.0,19.0,18.4,44,62
2023-08-03 17:00:00,0.0,18.7,16.5,47,57
2023-08-03 18:00:00,0.1,17.2,18.3,56,77
2023-08-03 19:00:00,0.1,15.3,16.2,66,83
2023-08-03 20:00:00,0.0,13.8,14.2,77,67
2023-08-03 21:00:00,0.1,13.0,13.4,81,80
2023-08-03 22:00:00,0.1,12.8,12.6,83,92
2023-08-03 23:00:00,0.0,12.7,10.8,82,92
2023-08-04 00:00:00,0.0,12.3,11.6,83,86
2023-08-04 01:00:00,0.0,11.9,10.5,85,89
2023-08-04 02:00:00,0.1,11.6,9.7,84,92
2023-08-04 03:00:00,0.0,11.3,8.3,85,95
2023-08-04 04:00:00,0.2,11.3,10.0,86,100
2023-08-04 05:00:00,0.4,11.5,10.4,85,99
2023-08-04 06:00:00,0.8,11.2,10.5,87,100
2023-08-04 07:00:00,1.3,11.0,13.2,89,100
2023-08-04 08:00:00,1.3,10.9,15.1,91,100
2023-08-04 09:00:00,1.0,11.4,15.3,90,100
2023-08-04 10:00:00,0.3,12.3,14.5,87,98
2023-08-04 11:00:00,0.2,12.6,13.8,88,91
2023-08-04 12:00:00,0.3,14.5,14.3,83,81
2023-08-04 13:00:00,0.6,14.0,16.0,77,58
2023-08-04 14:00:00,0.2,14.6,17.4,71,57
2023-08-04 15:00:00,0.1,15.3,19.6,70,57
2023-08-04 16:00:00,0.1,15.9,19.4,68,73
2023-08-04 17:00:00,0.5,15.9,19.2,65,63
2023-08-04 18:00:00,0.4,14.5,18.4,70,44
2023-08-04 19:00:00,0.1,13.9,16.0,74,52
2023-08-04 20:00:00,0.0,12.9,15.7,78,40
2023-08-04 21:00:00,0.0,12.3,15.4,83,70
2023-08-04 22:00:00,0.2,11.6,15.9,88,80
2023-08-04 23:00:00,0.1,11.5,10.7,86,74
2023-08-05 00:00:00,0.1,11.0,9.8,88,81
2023-08-05 01:00:00,0.0,10.7,9.3,89,66
2023-08-05 02:00:00,0.0,10.7,9.0,89,93
2023-08-05 03:00:00,0.0,10.7,9.2,88,97
2023-08-05 04:00:00,0.0,10.6,12.2,89,100
2023-08-05 05:00:00,0.0,10.7,12.7,87,100
2023-08-05 06:00:00,0.0,10.4,10.7,88,100
2023-08-05 07:00:00,0.0,11.0,11.0,87,96
2023-08-05 08:00:00,0.1,12.0,11.2,82,98
2023-08-05 09:00:00,0.1,13.4,12.6,73,95
2023-08-05 10:00:00,0.0,14.6,12.4,65,96
2023-08-05 11:00:00,0.0,16.3,11.1,55,95
2023-08-05 12:00:00,0.0,17.5,12.4,50,80
2023-08-05 13:00:00,0.0,18.6,15.3,46,96
2023-08-05 14:00:00,0.0,18.9,16.3,45,90
2023-08-05 15:00:00,0.0,18.5,15.7,47,95
2023-08-05 16:00:00,0.0,16.9,15.9,55,100
2023-08-05 17:00:00,0.0,15.5,17.7,62,99
2023-08-05 18:00:00,0.1,14.3,19.2,69,100
2023-08-05 19:00:00,0.0,14.3,17.0,70,100
2023-08-05 20:00:00,0.0,13.9,11.7,74,98
2023-08-05 21:00:00,0.0,13.4,10.0,78,94
2023-08-05 22:00:00,0.1,13.2,11.4,80,88
2023-08-05 23:00:00,0.0,13.8,14.1,78,64
2023-08-06 00:00:00,0.0,13.1,17.6,76,89
2023-08-06 01:00:00,0.0,12.3,15.6,75,74
2023-08-06 02:00:00,0.0,11.5,15.3,74,82
2023-08-06 03:00:00,0.0,10.9,15.7,76,82
2023-08-06 04:00:00,0.1,10.8,16.5,74,87
2023-08-06 05:00:00,0.1,10.4,15.0,73,78
2023-08-06 06:00:00,0.0,9.9,15.5,76,70
2023-08-06 07:00:00,0.1,10.3,17.5,72,95
2023-08-06 08:00:00,0.1,11.0,18.0,68,99
2023-08-06 09:00:00,0.1,11.4,17.0,66,91
2023-08-06 10:00:00,0.0,12.2,17.6,63,100
2023-08-06 11:00:00,0.1,12.8,17.7,60,100
2023-08-06 12:00:00,0.0,13.8,19.5,54,97
2023-08-06 13:00:00,0.0,15.0,20.6,49,92
2023-08-06 14:00:00,0.0,15.5,21.1,48,97
2023-08-06 15:00:00,0.0,15.8,21.1,47,100
2023-08-06 16:00:00,0.0,15.9,19.9,48,85
2023-08-06 17:00:00,0.0,15.5,18.8,49,83
2023-08-06 18:00:00,0.0,14.9,17.7,52,68
2023-08-06 19:00:00,0.0,14.3,14.7,55,61
2023-08-06 20:00:00,0.0,13.2,12.1,59,51
2023-08-06 21:00:00,0.0,12.0,10.2,65,43
2023-08-06 22:00:00,0.0,10.6,9.3,72,39
2023-08-06 23:00:00,0.0,10.0,9.2,76,61
2023-08-07 00:00:00,0.0,9.2,10.2,81,72
2023-08-07 01:00:00,0.0,9.1,9.4,82,89
2023-08-07 02:00:00,0.0,8.8,9.0,84,85
2023-08-07 03:00:00,0.0,8.0,8.0,87,71
2023-08-07 04:00:00,0.0,7.6,6.9,89,50
2023-08-07 05:00:00,0.0,7.2,5.6,90,37
2023-08-07 06:00:00,0.0,6.9,5.4,91,25
2023-08-07 07:00:00,0.0,9.0,6.6,87,19
2023-08-07 08:00:00,0.0,11.2,10.6,77,51
2023-08-07 09:00:00,0.0,13.1,12.6,66,45
2023-08-07 10:00:00,0.0,14.3,12.5,57,45
2023-08-07 11:00:00,0.0,15.6,10.2,47,41
2023-08-07 12:00:00,0.0,16.8,11.7,42,30
2023-08-07 13:00:00,0.0,17.6,12.1,38,28
2023-08-07 14:00:00,0.0,18.5,11.6,37,6
2023-08-07 15:00:00,0.0,19.1,11.2,35,18
2023-08-07 16:00:00,0.0,19.1,10.1,34,37
2023-08-07 17:00:00,0.0,19.0,9.7,35,97
2023-08-07 18:00:00,0.0,18.2,9.4,37,99
2023-08-07 19:00:00,0.0,17.0,8.0,39,100
2023-08-07 20:00:00,0.0,15.4,5.4,44,98
2023-08-07 21:00:00,0.0,13.7,5.4,52,97
2023-08-07 22:00:00,0.0,11.7,5.4,61,87
2023-08-07 23:00:00,0.0,9.2,6.1,71,9
2023-08-08 00:00:00,0.0,8.1,5.8,76,7
2023-08-08 01:00:00,0.0,8.1,3.4,74,11
2023-08-08 02:00:00,0.0,8.7,3.6,71,19
2023-08-08 03:00:00,0.0,8.6,3.3,71,42
2023-08-08 04:00:00,0.0,8.2,3.1,72,27
2023-08-08 05:00:00,0.0,7.9,4.3,73,14
2023-08-08 06:00:00,0.0,7.6,3.1,75,3
2023-08-08 07:00:00,0.0,8.5,1.5,76,1
2023-08-08 08:00:00,0.0,11.9,1.1,64,1
2023-08-08 09:00:00,0.0,14.3,1.6,57,7
2023-08-08 10:00:00,0.0,16.2,2.1,50,22
2023-08-08 11:00:00,0.0,17.9,2.5,44,8
2023-08-08 12:00:00,0.0,19.6,1.3,39,3
2023-08-08 13:00:00,0.0,21.0,2.0,34,18
2023-08-08 14:00:00,0.0,22.1,4.3,32,41
2023-08-08 15:00:00,0.0,22.9,5.7,30,31
2023-08-08 16:00:00,0.0,23.3,6.9,30,58
2023-08-08 17:00:00,0.0,23.1,7.4,31,77
2023-08-08 18:00:00,0.0,22.3,8.7,33,97
2023-08-08 19:00:00,0.0,20.7,9.3,35,100
2023-08-08 20:00:00,0.0,18.5,6.0,42,99
2023-08-08 21:00:00,0.0,15.8,5.6,54,32
2023-08-08 22:00:00,0.0,13.8,7.8,61,6
2023-08-08 23:00:00,0.0,13.9,3.3,58,4
2023-08-09 00:00:00,0.0,13.9,1.3,59,7
2023-08-09 01:00:00,0.0,13.2,3.6,62,28
2023-08-09 02:00:00,0.0,12.7,3.8,64,78
2023-08-09 03:00:00,0.0,11.1,3.3,71,47
2023-08-09 04:00:00,0.0,9.7,2.6,77,69
2023-08-09 05:00:00,0.0,9.2,1.9,79,71
2023-08-09 06:00:00,0.0,7.7,1.5,86,74
2023-08-09 07:00:00,0.0,10.3,1.9,79,72
2023-08-09 08:00:00,0.0,14.7,1.8,63,10
2023-08-09 09:00:00,0.0,17.8,0.4,50,3
2023-08-09 10:00:00,0.0,20.3,1.1,43,3
2023-08-09 11:00:00,0.0,22.0,1.1,38,5
2023-08-09 12:00:00,0.0,23.5,3.9,33,9
2023-08-09 13:00:00,0.0,25.0,5.7,30,1
2023-08-09 14:00:00,0.0,26.2,7.9,29,0
2023-08-09 15:00:00,0.0,27.0,9.6,29,0
2023-08-09 16:00:00,0.0,27.1,11.6,30,0
2023-08-09 17:00:00,0.0,26.7,12.1,32,0
2023-08-09 18:00:00,0.0,25.7,11.2,34,0
2023-08-09 19:00:00,0.0,24.4,9.4,36,0
2023-08-09 20:00:00,0.0,21.3,6.2,46,0
2023-08-09 21:00:00,0.0,17.9,6.4,59,0
2023-08-09 22:00:00,0.0,16.4,6.7,65,0
2023-08-09 23:00:00,0.0,15.9,2.8,64,0
2023-08-10 00:00:00,0.0,16.1,4.3,62,0
2023-08-10 01:00:00,0.0,15.3,5.2,66,1
2023-08-10 02:00:00,0.0,14.5,3.9,70,9
2023-08-10 03:00:00,0.0,13.9,4.0,72,18
2023-08-10 04:00:00,0.0,13.3,6.6,74,36
2023-08-10 05:00:00,0.0,12.9,7.9,77,51
2023-08-10 06:00:00,0.0,11.9,4.5,82,30
2023-08-10 07:00:00,0.0,14.5,2.3,74,16
2023-08-10 08:00:00,0.0,17.5,3.8,63,55
2023-08-10 09:00:00,0.0,20.0,5.2,55,42
2023-08-10 10:00:00,0.0,22.0,4.8,51,73
2023-08-10 11:00:00,0.0,23.7,1.1,48,92
2023-08-10 12:00:00,0.1,24.5,2.5,46,87
2023-08-10 13:00:00,0.0,25.4,4.5,43,80
2023-08-10 14:00:00,0.0,27.6,0.4,38,41
2023-08-10 15:00:00,0.0,28.6,7.2,36,34
2023-08-10 16:00:00,0.0,28.6,11.6,37,42
2023-08-10 17:00:00,0.0,28.0,13.9,40,39
2023-08-10 18:00:00,0.0,26.8,13.5,44,25
2023-08-10 19:00:00,0.0,25.0,12.1,50,8
2023-08-10 20:00:00,0.0,23.0,8.9,59,8
2023-08-10 21:00:00,0.0,20.6,6.2,69,6
2023-08-10 22:00:00,0.0,18.4,6.6,79,8
2023-08-10 23:00:00,0.0,17.5,5.7,80,5
2023-08-11 00:00:00,0.0,16.6,5.7,85,4
2023-08-11 01:00:00,0.0,16.0,5.9,88,18
2023-08-11 02:00:00,0.0,15.3,6.2,90,10
2023-08-11 03:00:00,0.0,14.9,5.5,91,11
2023-08-11 04:00:00,0.0,14.5,5.0,93,10
2023-08-11 05:00:00,0.0,13.8,5.4,94,7
2023-08-11 06:00:00,0.0,13.6,4.4,96,11
2023-08-11 07:00:00,0.0,15.8,4.9,91,28
2023-08-11 08:00:00,0.0,18.5,5.6,80,64
2023-08-11 09:00:00,0.0,20.3,4.0,73,55
2023-08-11 10:00:00,0.0,22.4,2.5,65,56
2023-08-11 11:00:00,0.0,24.1,2.5,57,21
2023-08-11 12:00:00,0.0,26.1,2.7,49,2
2023-08-11 13:00:00,0.0,27.5,2.1,44,9
2023-08-11 14:00:00,0.0,28.7,1.8,40,0
2023-08-11 15:00:00,0.0,29.6,0.8,36,5
2023-08-11 16:00:00,0.0,29.9,1.5,34,11
2023-08-11 17:00:00,0.0,29.7,3.7,34,49
2023-08-11 18:00:00,0.0,28.9,5.1,37,78
2023-08-11 19:00:00,0.0,27.4,6.2,39,19
2023-08-11 20:00:00,0.0,24.2,5.9,50,13
2023-08-11 21:00:00,0.0,22.0,5.8,59,18
2023-08-11 22:00:00,0.0,20.3,5.4,65,11
2023-08-11 23:00:00,0.0,19.0,4.2,73,10
2023-08-12 00:00:00,0.0,18.2,3.1,78,8
2023-08-12 01:00:00,0.0,17.4,1.3,82,3
2023-08-12 02:00:00,0.0,16.7,4.1,85,1
2023-08-12 03:00:00,0.0,15.7,5.0,90,0
2023-08-12 04:00:00,0.0,14.9,4.8,93,0
2023-08-12 05:00:00,0.0,14.4,5.0,95,2
2023-08-12 06:00:00,0.0,14.3,4.6,95,14
2023-08-12 07:00:00,0.0,16.7,5.1,90,39
2023-08-12 08:00:00,0.0,19.7,2.9,78,47
2023-08-12 09:00:00,0.0,22.7,5.8,60,51
2023-08-12 10:00:00,0.0,24.7,4.8,48,64
2023-08-12 11:00:00,0.0,26.8,5.0,43,38
2023-08-12 12:00:00,0.0,27.7,6.3,39,23
2023-08-12 13:00:00,0.0,28.0,8.4,39,13
2023-08-12 14:00:00,0.0,28.6,9.9,39,19
2023-08-12 15:00:00,0.0,28.7,9.7,40,8
2023-08-12 16:00:00,0.2,28.3,10.1,40,21
2023-08-12 17:00:00,0.4,27.9,10.5,43,19
2023-08-12 18:00:00,0.1,27.2,11.3,44,11
2023-08-12 19:00:00,0.0,25.4,11.1,50,28
2023-08-12 20:00:00,0.0,23.0,8.7,58,53
2023-08-12 21:00:00,0.0,20.9,7.2,68,96
2023-08-12 22:00:00,0.0,19.6,5.8,75,94
2023-08-12 23:00:00,0.0,18.4,5.2,77,99
2023-08-13 00:00:00,0.0,17.2,5.2,81,100
2023-08-13 01:00:00,0.0,17.8,1.8,78,91
2023-08-13 02:00:00,0.0,17.4,2.9,79,58
2023-08-13 03:00:00,0.0,16.4,2.3,84,16
2023-08-13 04:00:00,0.0,15.7,0.5,87,49
2023-08-13 05:00:00,0.0,15.7,2.9,87,57
2023-08-13 06:00:00,0.0,15.8,3.6,86,78
2023-08-13 07:00:00,0.0,16.6,3.3,85,89
2023-08-13 08:00:00,0.0,19.2,3.4,75,67
2023-08-13 09:00:00,0.0,21.3,3.9,68,43
2023-08-13 10:00:00,0.0,23.3,4.1,61,43
2023-08-13 11:00:00,0.0,25.3,4.3,53,32
2023-08-13 12:00:00,0.0,27.0,4.8,49,42
2023-08-13 13:00:00,0.0,28.3,6.0,45,44
2023-08-13 14:00:00,0.1,29.0,7.4,42,50
2023-08-13 15:00:00,2.0,27.9,7.6,47,44
2023-08-13 16:00:00,1.6,25.8,6.4,57,39
2023-08-13 17:00:00,1.9,24.1,4.8,67,32
2023-08-13 18:00:00,2.6,22.1,5.4,78,42
2023-08-13 19:00:00,0.0,21.0,5.4,81,36
2023-08-13 20:00:00,0.0,20.6,5.4,82,19
2023-08-13 21:00:00,0.0,19.4,6.3,88,18
2023-08-13 22:00:00,0.0,19.0,6.0,91,15
2023-08-13 23:00:00,0.0,19.1,4.0,84,45
2023-08-14 00:00:00,0.0,18.9,2.7,84,13
2023-08-14 01:00:00,0.0,16.9,5.4,94,20
2023-08-14 02:00:00,0.0,16.6,5.4,95,89
2023-08-14 03:00:00,0.0,16.0,4.3,93,100
2023-08-14 04:00:00,0.0,15.8,4.6,89,100
2023-08-14 05:00:00,0.0,15.7,7.2,80,100
2023-08-14 06:00:00,0.0,15.8,9.4,72,100
2023-08-14 07:00:00,0.0,16.8,11.0,68,99
2023-08-14 08:00:00,0.6,18.3,12.8,63,94
2023-08-14 09:00:00,0.1,20.7,13.2,57,44
2023-08-14 10:00:00,0.0,23.3,12.4,51,8
2023-08-14 11:00:00,0.0,24.9,8.2,51,32
2023-08-14 12:00:00,0.0,26.7,6.9,45,17
2023-08-14 13:00:00,0.0,28.2,7.9,43,18
2023-08-14 14:00:00,0.0,28.8,10.5,40,23
2023-08-14 15:00:00,0.0,28.8,11.6,40,16
2023-08-14 16:00:00,0.1,29.1,12.7,39,12
2023-08-14 17:00:00,0.0,29.0,13.8,39,32
2023-08-14 18:00:00,0.0,28.0,12.1,40,40
2023-08-14 19:00:00,0.0,26.4,9.7,46,33
2023-08-14 20:00:00,0.0,23.9,9.7,48,29
2023-08-14 21:00:00,0.0,22.3,11.5,51,32
2023-08-14 22:00:00,0.0,21.2,11.5,54,36
2023-08-14 23:00:00,0.0,20.1,10.0,53,64
2023-08-15 00:00:00,0.0,18.7,7.6,58,82
2023-08-15 01:00:00,0.0,17.8,7.6,58,87
2023-08-15 02:00:00,0.0,17.4,6.6,59,99
2023-08-15 03:00:00,0.0,16.3,6.6,63,100
2023-08-15 04:00:00,0.0,16.0,5.4,66,100
2023-08-15 05:00:00,0.0,16.0,2.9,67,100
2023-08-15 06:00:00,0.0,15.5,4.6,72,100
2023-08-15 07:00:00,0.0,15.8,10.7,72,100
2023-08-15 08:00:00,0.3,16.8,12.0,70,100
2023-08-15 09:00:00,0.1,18.8,11.2,64,100
2023-08-15 10:00:00,0.0,21.1,8.7,57,86
2023-08-15 11:00:00,0.0,22.8,5.8,60,19
2023-08-15 12:00:00,0.0,25.3,5.5,51,3
2023-08-15 13:00:00,0.0,26.7,5.4,47,20
2023-08-15 14:00:00,0.0,27.7,4.7,45,22
2023-08-15 15:00:00,0.8,27.6,4.8,44,26
2023-08-15 16:00:00,2.4,23.1,7.6,67,63
2023-08-15 17:00:00,1.1,22.6,8.4,71,34
2023-08-15 18:00:00,0.0,22.6,9.0,69,24
2023-08-15 19:00:00,0.0,21.7,8.3,72,31
2023-08-15 20:00:00,0.0,20.5,6.5,75,13
2023-08-15 21:00:00,0.0,19.4,6.5,79,9
2023-08-15 22:00:00,0.0,18.4,6.5,82,7
2023-08-15 23:00:00,0.0,16.8,5.4,85,41
2023-08-16 00:00:00,0.0,15.6,5.4,91,58
2023-08-16 01:00:00,0.0,16.2,3.9,87,50
2023-08-16 02:00:00,0.0,15.6,4.0,89,54
2023-08-16 03:00:00,0.0,15.5,2.6,89,70
2023-08-16 04:00:00,0.0,14.1,2.5,95,94
2023-08-16 05:00:00,0.0,14.3,3.3,94,94
2023-08-16 06:00:00,0.0,14.3,5.3,94,89
2023-08-16 07:00:00,0.0,15.6,4.0,90,80
2023-08-16 08:00:00,0.5,17.6,4.5,84,93
2023-08-16 09:00:00,0.5,19.2,2.1,78,89
2023-08-16 10:00:00,0.0,20.6,1.6,71,76
2023-08-16 11:00:00,0.2,20.0,5.1,70,86
2023-08-16 12:00:00,0.2,21.3,9.7,62,95
2023-08-16 13:00:00,0.0,23.7,12.7,50,95
2023-08-16 14:00:00,0.0,25.9,11.4,42,93
2023-08-16 15:00:00,0.0,27.4,8.7,36,95
2023-08-16 16:00:00,0.0,28.0,6.2,34,95
2023-08-16 17:00:00,0.0,28.0,4.6,34,88
2023-08-16 18:00:00,0.0,27.3,3.7,37,93
2023-08-16 19:00:00,0.0,26.3,5.5,39,82
2023-08-16 20:00:00,0.0,22.0,7.3,55,45
2023-08-16 21:00:00,0.0,20.4,6.8,63,24
2023-08-16 22:00:00,0.0,19.1,6.1,73,8
2023-08-16 23:00:00,0.0,17.3,4.1,78,50
2023-08-17 00:00:00,0.0,16.4,2.5,84,79
2023-08-17 01:00:00,0.0,15.4,2.6,90,98
2023-08-17 02:00:00,0.0,15.6,1.8,89,89
2023-08-17 03:00:00,0.0,14.4,3.4,95,100
2023-08-17 04:00:00,0.0,14.1,3.3,96,100
2023-08-17 05:00:00,0.0,14.1,6.9,95,97
2023-08-17 06:00:00,0.1,14.2,5.8,93,82
2023-08-17 07:00:00,0.0,15.4,2.9,88,47
2023-08-17 08:00:00,0.0,17.5,1.8,76,8
2023-08-17 09:00:00,0.0,20.9,2.7,60,2
2023-08-17 10:00:00,0.0,23.7,6.5,52,3
2023-08-17 11:00:00,0.0,26.0,9.4,41,17
2023-08-17 12:00:00,0.0,27.9,8.7,34,27
2023-08-17 13:00:00,0.0,29.2,8.4,30,10
2023-08-17 14:00:00,0.0,30.1,8.3,28,1
2023-08-17 15:00:00,0.0,30.6,7.6,27,9
2023-08-17 16:00:00,0.0,30.8,6.4,26,21
2023-08-17 17:00:00,0.0,30.7,5.5,26,40
2023-08-17 18:00:00,0.1,29.0,5.4,31,60
2023-08-17 19:00:00,0.0,27.0,4.0,46,38
2023-08-17 20:00:00,0.0,25.9,4.9,38,10
2023-08-17 21:00:00,0.0,23.5,1.5,47,1
2023-08-17 22:00:00,0.0,20.8,3.7,55,0
2023-08-17 23:00:00,0.0,18.5,8.0,64,0
2023-08-18 00:00:00,0.0,17.0,8.3,68,0
2023-08-18 01:00:00,0.0,16.3,7.2,70,4
2023-08-18 02:00:00,0.0,15.6,6.8,72,46
2023-08-18 03:00:00,0.0,14.9,8.0,74,86
2023-08-18 04:00:00,0.0,14.1,8.0,77,30
2023-08-18 05:00:00,0.0,13.2,7.6,80,3
2023-08-18 06:00:00,0.0,12.9,7.0,83,30
2023-08-18 07:00:00,0.0,15.2,7.8,74,84
2023-08-18 08:00:00,0.0,18.1,6.6,64,100
2023-08-18 09:00:00,0.0,21.6,6.3,53,100
2023-08-18 10:00:00,0.0,24.7,7.3,42,98
2023-08-18 11:00:00,0.0,27.4,7.9,33,100
2023-08-18 12:00:00,0.0,29.3,7.3,28,99
2023-08-18 13:00:00,0.0,30.3,7.3,25,95
2023-08-18 14:00:00,0.0,31.2,8.0,23,73
2023-08-18 15:00:00,0.0,31.8,8.1,22,13
2023-08-18 16:00:00,0.0,32.0,8.6,23,0
2023-08-18 17:00:00,0.0,31.6,8.7,24,43
2023-08-18 18:00:00,0.0,30.6,8.7,25,100
2023-08-18 19:00:00,0.0,28.6,6.5,29,100
2023-08-18 20:00:00,0.0,25.4,7.2,37,97
2023-08-18 21:00:00,0.0,23.2,8.6,44,95
2023-08-18 22:00:00,0.0,21.5,8.0,49,97
2023-08-18 23:00:00,0.0,19.8,6.5,53,77
2023-08-19 00:00:00,0.0,18.5,6.1,59,36
2023-08-19 01:00:00,0.0,17.9,6.1,62,24
2023-08-19 02:00:00,0.0,17.1,6.2,64,18
2023-08-19 03:00:00,0.0,15.8,7.2,69,49
2023-08-19 04:00:00,0.0,15.3,6.8,70,87
2023-08-19 05:00:00,0.0,15.0,6.5,70,69
2023-08-19 06:00:00,0.0,14.5,7.2,73,47
2023-08-19 07:00:00,0.0,16.2,3.8,67,22
2023-08-19 08:00:00,0.0,19.4,1.8,55,52
2023-08-19 09:00:00,0.0,23.0,0.8,45,25
2023-08-19 10:00:00,0.0,26.0,2.6,36,30
2023-08-19 11:00:00,0.0,28.4,3.1,30,8
2023-08-19 12:00:00,0.0,29.8,3.8,28,9
2023-08-19 13:00:00,0.0,30.7,4.7,27,3
2023-08-19 14:00:00,0.0,31.6,4.8,26,3
2023-08-19 15:00:00,0.0,32.1,4.8,25,2
2023-08-19 16:00:00,0.0,32.4,5.8,26,3
2023-08-19 17:00:00,0.0,31.9,7.6,27,13
2023-08-19 18:00:00,0.0,30.7,9.8,30,7
2023-08-19 19:00:00,0.0,28.3,9.7,40,5
2023-08-19 20:00:00,0.0,25.1,9.7,56,4
2023-08-19 21:00:00,0.0,22.5,8.6,69,10
2023-08-19 22:00:00,0.0,20.7,7.2,77,7
2023-08-19 23:00:00,0.0,20.0,4.5,77,7
2023-08-20 00:00:00,0.0,18.7,4.9,83,2
2023-08-20 01:00:00,0.0,17.5,4.6,88,7
2023-08-20 02:00:00,0.0,16.6,5.1,92,11
2023-08-20 03:00:00,0.0,16.1,5.6,93,24
2023-08-20 04:00:00,0.0,16.3,2.5,91,15
2023-08-20 05:00:00,0.0,16.7,1.3,89,9
2023-08-20 06:00:00,0.0,16.3,3.1,91,11
2023-08-20 07:00:00,0.0,16.9,2.5,90,18
2023-08-20 08:00:00,0.0,20.2,1.5,78,18
2023-08-20 09:00:00,0.0,22.5,2.5,70,12
2023-08-20 10:00:00,0.0,25.1,3.8,62,4
2023-08-20 11:00:00,0.0,27.4,3.4,51,0
2023-08-20 12:00:00,0.0,29.4,3.8,43,0
2023-08-20 13:00:00,0.0,30.8,4.3,37,1
2023-08-20 14:00:00,0.0,31.9,4.8,33,7
2023-08-20 15:00:00,0.0,32.3,5.4,31,30
2023-08-20 16:00:00,0.0,32.6,5.8,29,22
2023-08-20 17:00:00,0.0,32.2,6.5,30,24
2023-08-20 18:00:00,0.0,31.5,6.8,31,13
2023-08-20 19:00:00,0.0,29.9,6.5,34,4
2023-08-20 20:00:00,0.0,26.4,6.1,44,0
2023-08-20 21:00:00,0.0,24.2,7.2,52,0
2023-08-20 22:00:00,0.0,22.3,7.8,60,0
2023-08-20 23:00:00,0.0,21.4,6.9,66,1
2023-08-21 00:00:00,0.0,20.3,6.3,73,1
2023-08-21 01:00:00,0.0,19.1,5.6,79,0
2023-08-21 02:00:00,0.0,18.0,5.9,85,1
2023-08-21 03:00:00,0.0,17.1,5.8,89,2
2023-08-21 04:00:00,0.0,16.6,4.4,91,1
2023-08-21 05:00:00,0.0,16.5,3.7,91,0
2023-08-21 06:00:00,0.0,16.7,3.4,89,0
2023-08-21 07:00:00,0.0,18.2,1.9,86,0
2023-08-21 08:00:00,0.0,21.3,0.8,74,0
2023-08-21 09:00:00,0.0,24.1,1.8,63,0
2023-08-21 10:00:00,0.0,26.5,2.5,55,0
2023-08-21 11:00:00,0.0,28.7,3.2,47,0
2023-08-21 12:00:00,0.0,30.4,3.3,42,0
2023-08-21 13:00:00,0.0,31.8,4.0,37,0
2023-08-21 14:00:00,0.0,32.8,5.6,33,0
2023-08-21 15:00:00,0.0,33.2,7.2,31,1
2023-08-21 16:00:00,0.0,33.4,8.0,30,0
2023-08-21 17:00:00,0.0,32.7,8.6,31,0
2023-08-21 18:00:00,0.0,31.9,9.1,32,0
2023-08-21 19:00:00,0.0,30.0,7.9,36,0
2023-08-21 20:00:00,0.0,26.8,5.8,46,0
2023-08-21 21:00:00,0.0,24.3,6.5,55,0
2023-08-21 22:00:00,0.0,22.5,7.3,63,1
2023-08-21 23:00:00,0.0,22.1,2.3,60,2
2023-08-22 00:00:00,0.0,21.8,2.1,61,0
2023-08-22 01:00:00,0.0,21.6,4.4,62,2
2023-08-22 02:00:00,0.0,21.0,4.0,64,2
2023-08-22 03:00:00,0.0,20.5,3.0,65,1
2023-08-22 04:00:00,0.0,20.0,4.3,66,0
2023-08-22 05:00:00,0.0,18.4,6.2,72,0
2023-08-22 06:00:00,0.0,16.9,6.5,78,1
2023-08-22 07:00:00,0.0,19.6,6.2,69,2
2023-08-22 08:00:00,0.0,23.1,4.1,57,1
2023-08-22 09:00:00,0.0,26.7,2.5,48,0
2023-08-22 10:00:00,0.0,29.3,3.7,42,0
2023-08-22 11:00:00,0.0,30.9,4.5,38,4
2023-08-22 12:00:00,0.0,32.2,4.4,34,8
2023-08-22 13:00:00,0.0,33.0,5.6,30,11
2023-08-22 14:00:00,0.0,33.6,7.9,27,1
2023-08-22 15:00:00,0.0,34.1,9.7,26,0
2023-08-22 16:00:00,0.0,34.0,10.0,25,10
2023-08-22 17:00:00,0.0,33.5,10.2,28,1
2023-08-22 18:00:00,0.0,32.5,9.2,31,0
2023-08-22 19:00:00,0.0,30.2,7.9,38,0
2023-08-22 20:00:00,0.0,26.4,6.2,48,0
2023-08-22 21:00:00,0.0,24.5,6.3,56,0
2023-08-22 22:00:00,0.0,22.9,5.9,62,0
2023-08-22 23:00:00,0.0,21.9,7.2,68,3
2023-08-23 00:00:00,0.0,20.8,5.8,73,0
2023-08-23 01:00:00,0.0,20.1,5.5,77,3
2023-08-23 02:00:00,0.0,19.2,6.3,81,1
2023-08-23 03:00:00,0.0,18.4,6.3,85,21
2023-08-23 04:00:00,0.0,18.0,3.9,86,27
2023-08-23 05:00:00,0.0,18.8,0.5,82,0
2023-08-23 06:00:00,0.0,19.0,1.6,80,1
2023-08-23 07:00:00,0.0,19.3,2.3,82,0
2023-08-23 08:00:00,0.0,22.5,2.2,71,0
2023-08-23 09:00:00,0.0,25.2,1.8,62,2
2023-08-23 10:00:00,0.0,27.6,1.8,54,15
2023-08-23 11:00:00,0.0,30.1,2.9,45,5
2023-08-23 12:00:00,0.0,31.9,2.1,39,1
2023-08-23 13:00:00,0.0,33.3,1.3,34,0
2023-08-23 14:00:00,0.0,34.2,2.9,30,1
2023-08-23 15:00:00,0.7,34.2,4.7,27,10
2023-08-23 16:00:00,0.0,34.4,8.4,26,39
2023-08-23 17:00:00,0.0,33.4,4.7,28,54
2023-08-23 18:00:00,0.0,32.1,5.9,28,16
2023-08-23 19:00:00,0.0,30.1,4.2,31,7
2023-08-23 20:00:00,0.0,28.9,4.6,35,20
2023-08-23 21:00:00,0.0,27.1,5.6,40,44
2023-08-23 22:00:00,0.0,24.0,4.9,46,71
2023-08-23 23:00:00,0.0,22.2,6.9,53,72
2023-08-24 00:00:00,0.0,21.4,6.9,54,60
2023-08-24 01:00:00,0.0,20.5,8.2,56,38
2023-08-24 02:00:00,0.0,19.7,8.7,58,43
2023-08-24 03:00:00,0.0,19.4,8.0,58,81
2023-08-24 04:00:00,0.0,19.0,6.8,60,64
2023-08-24 05:00:00,0.0,18.9,6.8,62,7
2023-08-24 06:00:00,0.0,18.7,6.5,63,8
2023-08-24 07:00:00,0.0,19.9,8.3,61,16
2023-08-24 08:00:00,0.0,23.2,7.2,52,2
2023-08-24 09:00:00,0.0,27.1,6.5,44,1
2023-08-24 10:00:00,0.0,30.9,6.9,35,0
2023-08-24 11:00:00,0.0,33.4,14.0,26,2
2023-08-24 12:00:00,0.0,34.4,16.2,25,41
2023-08-24 13:00:00,0.0,35.2,17.1,24,82
2023-08-24 14:00:00,0.0,35.4,11.0,23,93
2023-08-24 15:00:00,0.1,34.9,8.6,24,84
2023-08-24 16:00:00,0.6,32.5,11.6,28,73
2023-08-24 17:00:00,0.1,31.1,9.5,29,87
2023-08-24 18:00:00,0.0,30.5,4.0,28,87
2023-08-24 19:00:00,0.0,28.4,3.7,31,92
2023-08-24 20:00:00,0.0,25.5,6.6,39,90
2023-08-24 21:00:00,0.0,24.5,8.5,42,85
2023-08-24 22:00:00,0.0,23.7,10.9,44,43
2023-08-24 23:00:00,0.0,23.6,12.6,42,9
2023-08-25 00:00:00,0.0,22.2,13.7,47,34
2023-08-25 01:00:00,0.0,20.8,14.1,51,90
2023-08-25 02:00:00,0.0,20.1,11.0,54,100
2023-08-25 03:00:00,0.0,19.2,6.3,57,100
2023-08-25 04:00:00,0.0,18.7,6.3,60,100
2023-08-25 05:00:00,0.0,17.8,6.0,64,100
2023-08-25 06:00:00,0.0,17.5,4.5,65,100
2023-08-25 07:00:00,0.1,18.8,5.2,61,100
2023-08-25 08:00:00,0.3,20.3,8.8,58,100
2023-08-25 09:00:00,1.3,21.0,14.1,62,99
2023-08-25 10:00:00,0.3,21.7,16.6,63,98
2023-08-25 11:00:00,0.1,21.7,9.4,69,36
2023-08-25 12:00:00,0.1,24.5,9.3,61,70
2023-08-25 13:00:00,0.3,25.3,4.7,60,100
2023-08-25 14:00:00,0.9,24.6,3.4,60,72
2023-08-25 15:00:00,2.2,24.3,3.9,61,85
2023-08-25 16:00:00,1.3,22.4,8.6,67,49
2023-08-25 17:00:00,0.8,23.0,11.9,61,29
2023-08-25 18:00:00,0.0,22.8,12.6,59,22
2023-08-25 19:00:00,0.0,21.4,11.2,63,45
2023-08-25 20:00:00,0.0,20.0,9.1,68,55
2023-08-25 21:00:00,0.0,18.6,8.7,75,14
2023-08-25 22:00:00,0.0,17.4,7.2,79,14
2023-08-25 23:00:00,0.0,16.8,6.5,77,22
2023-08-26 00:00:00,0.0,15.5,4.0,82,60
2023-08-26 01:00:00,0.0,15.4,3.1,82,21
2023-08-26 02:00:00,0.0,14.8,5.0,83,37
2023-08-26 03:00:00,0.0,14.3,3.7,84,35
2023-08-26 04:00:00,0.0,14.5,2.9,82,54
2023-08-26 05:00:00,0.1,14.4,2.9,81,100
2023-08-26 06:00:00,0.3,14.3,1.6,82,100
2023-08-26 07:00:00,0.9,14.0,1.1,84,99
2023-08-26 08:00:00,0.9,14.0,3.6,86,100
2023-08-26 09:00:00,0.8,14.4,2.6,85,100
2023-08-26 10:00:00,0.8,14.6,0.4,87,100
2023-08-26 11:00:00,0.7,15.5,1.1,81,100
2023-08-26 12:00:00,0.1,17.3,4.4,69,100
2023-08-26 13:00:00,0.0,18.5,5.4,61,100
2023-08-26 14:00:00,0.0,19.2,5.1,57,100
2023-08-26 15:00:00,0.1,20.4,5.8,52,89
2023-08-26 16:00:00,0.1,20.6,5.8,50,96
2023-08-26 17:00:00,0.5,19.6,5.8,55,99
2023-08-26 18:00:00,0.4,18.8,3.8,57,96
2023-08-26 19:00:00,0.0,17.7,3.3,58,89
2023-08-26 20:00:00,0.3,16.5,3.3,63,100
2023-08-26 21:00:00,0.4,15.8,4.0,68,100
2023-08-26 22:00:00,0.7,14.9,5.4,73,100
2023-08-26 23:00:00,0.8,13.2,3.2,87,99
2023-08-27 00:00:00,0.7,13.0,3.3,87,99
2023-08-27 01:00:00,0.2,12.1,2.3,90,95
2023-08-27 02:00:00,0.4,11.9,1.3,91,75
2023-08-27 03:00:00,0.6,11.6,4.0,89,58
2023-08-27 04:00:00,0.9,11.1,5.1,91,75
2023-08-27 05:00:00,0.4,10.9,8.3,93,90
2023-08-27 06:00:00,0.1,11.0,8.6,94,96
2023-08-27 07:00:00,0.1,10.8,8.6,94,99
2023-08-27 08:00:00,0.3,11.0,9.2,94,89
2023-08-27 09:00:00,0.3,11.7,11.3,90,94
2023-08-27 10:00:00,0.2,12.4,13.7,84,100
2023-08-27 11:00:00,0.0,14.0,10.2,74,100
2023-08-27 12:00:00,0.0,14.8,12.6,66,100
2023-08-27 13:00:00,0.0,15.9,14.2,59,100
2023-08-27 14:00:00,0.0,16.5,16.0,53,100
2023-08-27 15:00:00,0.0,16.9,14.8,50,100
2023-08-27 16:00:00,0.0,17.1,17.8,48,100
2023-08-27 17:00:00,0.0,16.9,18.1,47,100
2023-08-27 18:00:00,0.0,15.8,16.4,49,100
2023-08-27 19:00:00,0.0,14.8,16.7,52,100
2023-08-27 20:00:00,0.0,13.7,15.5,56,100
2023-08-27 21:00:00,0.0,12.8,13.9,59,97
2023-08-27 22:00:00,0.0,11.9,12.6,63,100
2023-08-27 23:00:00,0.0,11.6,13.1,67,100
2023-08-28 00:00:00,0.0,11.6,14.5,69,100
2023-08-28 01:00:00,0.0,11.2,15.4,75,98
2023-08-28 02:00:00,0.0,10.7,20.1,81,100
2023-08-28 03:00:00,0.1,10.6,19.6,84,100
2023-08-28 04:00:00,0.3,10.3,18.2,87,100
2023-08-28 05:00:00,0.1,9.8,16.8,91,99
2023-08-28 06:00:00,0.0,9.4,16.0,94,100
2023-08-28 07:00:00,0.2,9.5,18.1,91,97
2023-08-28 08:00:00,0.1,9.6,19.3,90,100
2023-08-28 09:00:00,0.1,10.1,18.8,89,100
2023-08-28 10:00:00,0.1,11.3,20.0,85,100
2023-08-28 11:00:00,0.2,12.6,16.1,74,99
2023-08-28 12:00:00,0.6,13.3,17.4,71,98
2023-08-28 13:00:00,0.5,13.9,18.9,70,91
2023-08-28 14:00:00,1.0,14.7,18.2,67,100
2023-08-28 15:00:00,0.8,14.2,19.8,73,52
2023-08-28 16:00:00,0.9,13.5,18.5,71,93
2023-08-28 17:00:00,0.5,13.5,19.0,75,63
2023-08-28 18:00:00,0.9,12.7,16.7,78,72
2023-08-28 19:00:00,0.3,11.9,12.9,84,52
2023-08-28 20:00:00,0.1,11.2,12.8,87,63
2023-08-28 21:00:00,0.2,10.9,14.8,88,100
2023-08-28 22:00:00,0.3,10.6,15.6,91,98
2023-08-28 23:00:00,0.3,10.3,12.7,93,87
2023-08-29 00:00:00,0.2,9.8,12.9,93,100
2023-08-29 01:00:00,0.3,9.7,13.4,93,100
2023-08-29 02:00:00,0.0,9.1,12.8,95,96
2023-08-29 03:00:00,0.0,8.8,12.5,97,95
2023-08-29 04:00:00,0.1,8.6,12.5,97,85
2023-08-29 05:00:00,0.1,8.7,11.5,96,81
2023-08-29 06:00:00,0.1,8.6,11.6,97,100
2023-08-29 07:00:00,0.1,8.7,13.6,98,100
2023-08-29 08:00:00,0.1,9.4,13.8,96,80
2023-08-29 09:00:00,0.2,10.3,15.8,94,62
2023-08-29 10:00:00,0.1,11.3,16.9,86,75
2023-08-29 11:00:00,0.2,13.4,15.5,71,48
2023-08-29 12:00:00,0.3,14.8,16.9,61,52
2023-08-29 13:00:00,0.3,15.5,16.6,54,64
2023-08-29 14:00:00,0.2,16.1,16.3,50,88
2023-08-29 15:00:00,0.1,16.1,16.5,50,82
2023-08-29 16:00:00,0.0,16.5,16.9,47,66
2023-08-29 17:00:00,0.0,16.3,16.8,48,67
2023-08-29 18:00:00,0.0,15.5,15.5,48,55
2023-08-29 19:00:00,0.0,14.2,13.3,53,68
2023-08-29 20:00:00,0.0,12.9,12.0,58,67
2023-08-29 21:00:00,0.0,11.6,11.2,63,68
2023-08-29 22:00:00,0.0,10.9,9.8,66,78
2023-08-29 23:00:00,0.0,10.8,7.4,69,60
2023-08-30 00:00:00,0.0,10.1,6.6,73,70
2023-08-30 01:00:00,0.0,9.5,5.6,77,36
2023-08-30 02:00:00,0.0,8.7,6.0,82,30
2023-08-30 03:00:00,0.0,8.3,5.8,85,10
2023-08-30 04:00:00,0.0,7.9,5.3,88,19
2023-08-30 05:00:00,0.0,7.2,5.5,92,16
2023-08-30 06:00:00,0.0,7.2,6.1,92,42
2023-08-30 07:00:00,0.0,7.9,4.5,90,62
2023-08-30 08:00:00,0.0,9.5,7.8,86,60
2023-08-30 09:00:00,0.0,11.7,7.4,74,88
2023-08-30 10:00:00,0.0,13.4,8.4,63,88
2023-08-30 11:00:00,0.0,15.2,8.2,55,90
2023-08-30 12:00:00,0.0,16.3,9.4,50,90
2023-08-30 13:00:00,0.0,17.1,11.5,48,88
2023-08-30 14:00:00,0.0,17.8,12.8,46,87
2023-08-30 15:00:00,0.0,18.0,12.8,47,100
2023-08-30 16:00:00,0.0,18.0,12.5,49,99
2023-08-30 17:00:00,0.0,17.9,11.7,50,99
2023-08-30 18:00:00,0.0,16.9,11.0,54,91
2023-08-30 19:00:00,0.0,16.0,10.5,56,89
2023-08-30 20:00:00,0.0,14.4,9.6,65,92
2023-08-30 21:00:00,0.1,13.5,7.1,69,79
2023-08-30 22:00:00,0.0,12.0,5.1,78,67
2023-08-30 23:00:00,0.0,12.1,3.4,80,79
2023-08-31 00:00:00,0.0,11.6,4.1,82,73
2023-08-31 01:00:00,0.0,11.0,2.9,86,85
2023-08-31 02:00:00,0.0,10.7,1.9,88,91
2023-08-31 03:00:00,0.1,10.9,2.2,86,93
2023-08-31 04:00:00,0.1,10.0,3.5,92,87
2023-08-31 05:00:00,0.1,9.4,5.8,94,59
2023-08-31 06:00:00,0.1,9.3,7.6,93,74
2023-08-31 07:00:00,0.1,9.8,7.6,90,73
2023-08-31 08:00:00,0.0,11.4,6.2,82,96
2023-08-31 09:00:00,0.0,12.6,6.1,72,94
2023-08-31 10:00:00,0.0,13.7,6.8,64,85
2023-08-31 11:00:00,0.0,16.3,5.2,46,92
2023-08-31 12:00:00,0.0,18.3,5.4,42,95
2023-08-31 13:00:00,0.0,19.9,6.9,39,86
2023-08-31 14:00:00,0.0,21.0,7.6,40,83
2023-08-31 15:00:00,0.0,21.6,9.1,41,96
2023-08-31 16:00:00,0.0,21.8,11.3,41,100
2023-08-31 17:00:00,0.0,21.0,12.4,44,100
2023-08-31 18:00:00,0.0,19.8,12.0,50,98
2023-08-31 19:00:00,0.0,18.8,11.2,52,79
2023-08-31 20:00:00,0.0,17.0,9.8,60,68
2023-08-31 21:00:00,0.0,15.2,7.2,71,68
2023-08-31 22:00:00,0.0,14.8,4.8,73,57
2023-08-31 23:00:00,0.0,13.6,3.8,81,34
2023-09-01 00:00:00,0.0,12.1,4.5,86,12
2023-09-01 01:00:00,0.0,11.5,4.7,87,11
2023-09-01 02:00:00,0.0,11.3,4.0,88,15
2023-09-01 03:00:00,0.0,10.7,5.4,90,12
2023-09-01 04:00:00,0.0,10.0,5.8,92,4
2023-09-01 05:00:00,0.0,9.7,5.4,93,6
2023-09-01 06:00:00,0.0,9.2,5.1,94,2
2023-09-01 07:00:00,0.0,10.4,6.5,91,1
2023-09-01 08:00:00,0.0,13.4,5.4,80,0
2023-09-01 09:00:00,0.0,16.5,5.4,71,0
2023-09-01 10:00:00,0.0,19.1,5.6,60,1
2023-09-01 11:00:00,0.0,21.5,4.7,48,8
2023-09-01 12:00:00,0.0,23.2,5.2,42,12
2023-09-01 13:00:00,0.0,24.6,6.3,37,12
2023-09-01 14:00:00,0.0,25.7,6.6,33,17
2023-09-01 15:00:00,0.0,26.3,6.5,31,24
2023-09-01 16:00:00,0.0,26.4,5.5,30,12
2023-09-01 17:00:00,0.0,26.2,4.3,29,3
2023-09-01 18:00:00,0.0,25.5,2.5,30,11
2023-09-01 19:00:00,0.0,24.0,2.9,32,5
2023-09-01 20:00:00,0.0,21.4,5.1,41,14
2023-09-01 21:00:00,0.0,17.3,5.0,57,26
2023-09-01 22:00:00,0.0,17.3,6.8,57,1
2023-09-01 23:00:00,0.0,16.1,9.1,62,40
2023-09-02 00:00:00,0.0,15.3,11.0,71,76
2023-09-02 01:00:00,0.0,14.8,12.1,77,79
2023-09-02 02:00:00,0.0,14.4,12.1,81,95
2023-09-02 03:00:00,0.0,14.0,11.4,84,99
2023-09-02 04:00:00,0.0,13.9,9.5,87,92
2023-09-02 05:00:00,0.0,13.7,7.6,90,40
2023-09-02 06:00:00,0.0,13.5,6.1,92,84
2023-09-02 07:00:00,0.0,13.9,6.2,92,98
2023-09-02 08:00:00,0.0,16.2,5.8,84,100
2023-09-02 09:00:00,0.0,18.5,10.5,74,100
2023-09-02 10:00:00,0.0,20.3,10.9,65,100
2023-09-02 11:00:00,0.0,21.5,10.9,56,84
2023-09-02 12:00:00,0.1,23.2,9.6,49,79
2023-09-02 13:00:00,0.0,24.2,8.1,44,96
2023-09-02 14:00:00,0.0,25.2,9.7,40,95
2023-09-02 15:00:00,0.0,25.4,10.0,38,84
2023-09-02 16:00:00,0.0,25.1,8.4,38,92
2023-09-02 17:00:00,0.0,25.1,8.4,38,99
2023-09-02 18:00:00,0.0,24.2,7.8,40,99
2023-09-02 19:00:00,0.0,22.5,6.4,45,64
2023-09-02 20:00:00,0.0,19.9,5.2,54,56
2023-09-02 21:00:00,0.0,18.2,6.0,61,80
2023-09-02 22:00:00,0.0,16.9,6.5,67,60
2023-09-02 23:00:00,0.0,15.0,6.1,74,36
2023-09-03 00:00:00,0.0,13.9,5.8,80,52
2023-09-03 01:00:00,0.0,13.2,6.6,84,38
2023-09-03 02:00:00,0.0,12.0,6.1,89,7
2023-09-03 03:00:00,0.0,11.5,4.8,90,3
2023-09-03 04:00:00,0.0,11.2,4.0,91,2
2023-09-03 05:00:00,0.0,10.8,4.7,92,0
2023-09-03 06:00:00,0.0,10.3,5.1,93,0
2023-09-03 07:00:00,0.0,11.7,4.4,91,0
2023-09-03 08:00:00,0.0,15.3,4.6,77,0
2023-09-03 09:00:00,0.0,18.8,3.4,61,0
2023-09-03 10:00:00,0.0,22.1,5.4,51,42
2023-09-03 11:00:00,0.0,24.1,9.0,45,86
2023-09-03 12:00:00,0.0,25.7,11.9,40,91
2023-09-03 13:00:00,0.0,27.0,11.5,35,13
2023-09-03 14:00:00,0.0,27.9,10.5,32,2
2023-09-03 15:00:00,0.0,28.4,10.1,31,35
2023-09-03 16:00:00,0.0,28.6,12.4,30,70
2023-09-03 17:00:00,0.0,28.1,12.3,31,91
2023-09-03 18:00:00,0.0,27.1,11.2,31,7
2023-09-03 19:00:00,0.0,24.7,7.9,36,0
2023-09-03 20:00:00,0.0,21.1,6.8,48,5
2023-09-03 21:00:00,0.0,18.7,9.0,59,0
2023-09-03 22:00:00,0.0,17.5,5.2,65,12
2023-09-03 23:00:00,0.0,17.8,7.7,63,35
2023-09-04 00:00:00,0.0,15.0,7.1,75,39
2023-09-04 01:00:00,0.0,14.1,6.4,79,0
2023-09-04 02:00:00,0.0,13.6,6.2,83,0
2023-09-04 03:00:00,0.0,13.1,6.9,85,0
2023-09-04 04:00:00,0.0,12.4,6.4,87,0
2023-09-04 05:00:00,0.0,12.0,6.6,90,0
2023-09-04 06:00:00,0.0,11.8,6.6,90,0
2023-09-04 07:00:00,0.0,13.2,6.8,86,0
2023-09-04 08:00:00,0.0,17.2,7.4,72,0
2023-09-04 09:00:00,0.0,21.2,7.6,57,0
2023-09-04 10:00:00,0.0,24.7,9.4,44,0
2023-09-04 11:00:00,0.0,27.1,10.7,35,0
2023-09-04 12:00:00,0.0,29.3,12.0,29,0
2023-09-04 13:00:00,0.0,31.1,12.8,25,0
2023-09-04 14:00:00,0.0,32.2,12.5,22,0
2023-09-04 15:00:00,0.0,32.6,12.8,21,0
2023-09-04 16:00:00,0.0,32.4,12.4,20,4
2023-09-04 17:00:00,0.0,31.5,12.2,21,29
2023-09-04 18:00:00,0.0,29.7,11.3,22,60
2023-09-04 19:00:00,0.0,27.1,10.0,27,82
2023-09-04 20:00:00,0.0,24.2,8.5,34,86
2023-09-04 21:00:00,0.0,22.2,8.7,41,87
2023-09-04 22:00:00,0.0,20.7,8.9,44,85
2023-09-04 23:00:00,0.0,19.7,11.2,44,64
2023-09-05 00:00:00,0.0,18.7,10.9,46,13
2023-09-05 01:00:00,0.0,17.8,10.3,47,1
2023-09-05 02:00:00,0.0,17.3,10.8,47,10
2023-09-05 03:00:00,0.0,17.5,11.1,45,20
2023-09-05 04:00:00,0.0,17.2,10.9,46,4
2023-09-05 05:00:00,0.0,16.7,10.3,49,0
2023-09-05 06:00:00,0.0,15.9,9.6,53,0
2023-09-05 07:00:00,0.0,16.4,9.6,54,1
2023-09-05 08:00:00,0.0,19.2,9.8,49,0
2023-09-05 09:00:00,0.0,22.2,9.0,43,0
2023-09-05 10:00:00,0.0,24.9,7.9,37,0
2023-09-05 11:00:00,0.0,27.5,1.1,29,0
2023-09-05 12:00:00,0.0,29.2,2.2,26,0
2023-09-05 13:00:00,0.0,30.4,4.7,24,0
2023-09-05 14:00:00,0.0,31.2,5.8,23,0
2023-09-05 15:00:00,0.0,31.6,6.0,23,0
2023-09-05 16:00:00,0.0,31.6,6.0,22,0
2023-09-05 17:00:00,0.0,31.1,7.0,24,0
2023-09-05 18:00:00,0.0,29.7,7.8,25,0
2023-09-05 19:00:00,0.0,26.9,7.2,28,0
2023-09-05 20:00:00,0.0,24.0,7.2,36,0
2023-09-05 21:00:00,0.0,22.0,6.1,43,0
2023-09-05 22:00:00,0.0,20.7,5.1,46,0
2023-09-05 23:00:00,0.0,19.9,3.4,42,0
2023-09-06 00:00:00,0.0,18.5,3.9,47,0
2023-09-06 01:00:00,0.0,18.1,4.8,49,0
2023-09-06 02:00:00,0.0,16.6,5.1,55,0
2023-09-06 03:00:00,0.0,14.7,4.6,65,0
2023-09-06 04:00:00,0.0,14.0,4.8,72,0
2023-09-06 05:00:00,0.0,13.3,4.9,77,0
2023-09-06 06:00:00,0.0,12.8,4.8,82,0
2023-09-06 07:00:00,0.0,13.9,5.3,80,0
2023-09-06 08:00:00,0.0,17.5,5.0,70,0
2023-09-06 09:00:00,0.0,21.4,3.9,55,0
2023-09-06 10:00:00,0.0,24.4,3.0,43,0
2023-09-06 11:00:00,0.0,26.5,5.3,36,0
2023-09-06 12:00:00,0.0,28.0,6.3,33,0
2023-09-06 13:00:00,0.0,29.1,6.6,31,0
2023-09-06 14:00:00,0.0,29.9,6.6,29,5
2023-09-06 15:00:00,0.0,30.5,5.7,27,8
2023-09-06 16:00:00,0.0,30.6,5.5,26,1
2023-09-06 17:00:00,0.0,30.1,5.8,27,0
2023-09-06 18:00:00,0.0,29.2,5.5,29,4
2023-09-06 19:00:00,0.0,26.8,4.8,33,7
2023-09-06 20:00:00,0.0,23.8,1.1,43,4
2023-09-06 21:00:00,0.0,21.6,2.5,52,4
2023-09-06 22:00:00,0.0,20.6,4.7,56,0
2023-09-06 23:00:00,0.0,18.3,6.3,64,0
2023-09-07 00:00:00,0.0,16.9,6.0,70,0
2023-09-07 01:00:00,0.0,15.8,5.0,76,0
2023-09-07 02:00:00,0.0,14.9,4.8,80,0
2023-09-07 03:00:00,0.0,14.0,4.7,84,0
2023-09-07 04:00:00,0.0,13.2,4.2,87,0
2023-09-07 05:00:00,0.0,12.7,4.3,89,0
2023-09-07 06:00:00,0.0,12.0,4.7,91,0
2023-09-07 07:00:00,0.0,13.3,5.2,85,0
2023-09-07 08:00:00,0.0,17.3,5.1,68,0
2023-09-07 09:00:00,0.0,21.3,4.7,50,0
2023-09-07 10:00:00,0.0,24.6,5.8,36,0
2023-09-07 11:00:00,0.0,26.7,3.3,27,0
2023-09-07 12:00:00,0.0,28.3,2.2,24,0
2023-09-07 13:00:00,0.0,29.5,2.2,22,0
2023-09-07 14:00:00,0.0,30.3,2.2,20,0
2023-09-07 15:00:00,0.0,30.9,2.2,20,0
2023-09-07 16:00:00,0.0,30.9,1.8,20,0
2023-09-07 17:00:00,0.0,30.7,1.1,20,0
2023-09-07 18:00:00,0.0,29.7,0.5,21,0
2023-09-07 19:00:00,0.0,26.0,2.9,29,0
2023-09-07 20:00:00,0.0,22.9,3.6,38,0
2023-09-07 21:00:00,0.0,20.9,3.4,46,1
2023-09-07 22:00:00,0.0,19.2,3.9,53,0
2023-09-07 23:00:00,0.0,16.9,4.9,61,1
2023-09-08 00:00:00,0.0,16.1,4.7,66,1
2023-09-08 01:00:00,0.0,14.9,4.6,72,0
2023-09-08 02:00:00,0.0,14.3,4.4,75,1
2023-09-08 03:00:00,0.0,13.2,4.4,79,0
2023-09-08 04:00:00,0.0,12.2,4.4,82,0
2023-09-08 05:00:00,0.0,11.5,4.3,84,0
2023-09-08 06:00:00,0.0,11.2,4.3,86,0
2023-09-08 07:00:00,0.0,12.5,3.7,79,0
2023-09-08 08:00:00,0.0,16.6,3.4,65,0
2023-09-08 09:00:00,0.0,21.1,1.9,48,0
2023-09-08 10:00:00,0.0,24.2,2.3,38,0
2023-09-08 11:00:00,0.0,26.3,2.8,37,0
2023-09-08 12:00:00,0.0,28.0,3.7,32,0
2023-09-08 13:00:00,0.0,29.0,3.2,29,0
2023-09-08 14:00:00,0.0,30.0,1.8,27,0
2023-09-08 15:00:00,0.0,30.5,1.5,26,0
2023-09-08 16:00:00,0.0,30.8,2.1,25,0
2023-09-08 17:00:00,0.0,30.3,2.8,25,0
2023-09-08 18:00:00,0.0,29.2,3.1,24,0
2023-09-08 19:00:00,0.0,27.5,4.3,26,0
2023-09-08 20:00:00,0.0,24.5,3.3,35,0
2023-09-08 21:00:00,0.0,22.4,0.8,41,0
2023-09-08 22:00:00,0.0,18.5,2.6,53,0
2023-09-08 23:00:00,0.0,16.9,4.8,60,0
2023-09-09 00:00:00,0.0,15.4,5.1,66,0
2023-09-09 01:00:00,0.0,14.3,5.9,71,0
2023-09-09 02:00:00,0.0,13.6,6.0,74,0
2023-09-09 03:00:00,0.0,12.8,6.2,78,0
2023-09-09 04:00:00,0.0,12.1,5.7,80,0
2023-09-09 05:00:00,0.0,11.2,5.7,83,0
2023-09-09 06:00:00,0.0,10.8,5.2,84,0
2023-09-09 07:00:00,0.0,12.2,4.3,78,0
2023-09-09 08:00:00,0.0,16.4,4.7,62,0
2023-09-09 09:00:00,0.0,20.8,2.9,47,0
2023-09-09 10:00:00,0.0,24.3,1.8,37,0
2023-09-09 11:00:00,0.0,26.7,2.9,34,0
2023-09-09 12:00:00,0.0,28.3,4.5,30,0
2023-09-09 13:00:00,0.0,29.5,5.5,28,0
2023-09-09 14:00:00,0.0,30.5,6.3,26,0
2023-09-09 15:00:00,0.0,31.1,5.8,23,0
2023-09-09 16:00:00,0.0,31.1,5.1,23,0
2023-09-09 17:00:00,0.0,30.8,4.4,22,0
2023-09-09 18:00:00,0.0,29.4,4.3,22,0
2023-09-09 19:00:00,0.0,26.2,5.8,29,0
2023-09-09 20:00:00,0.0,22.2,6.8,39,0
2023-09-09 21:00:00,0.0,20.6,7.1,43,0
2023-09-09 22:00:00,0.0,18.7,6.3,49,0
2023-09-09 23:00:00,0.0,16.9,6.3,55,0
2023-09-10 00:00:00,0.0,15.7,5.8,61,0
2023-09-10 01:00:00,0.0,14.5,5.8,66,0
2023-09-10 02:00:00,0.0,13.5,5.8,71,1
2023-09-10 03:00:00,0.0,12.7,5.8,75,0
2023-09-10 04:00:00,0.0,12.0,6.2,78,0
2023-09-10 05:00:00,0.0,11.3,6.5,82,0
2023-09-10 06:00:00,0.0,10.6,6.1,83,11
2023-09-10 07:00:00,0.0,11.9,5.0,79,15
2023-09-10 08:00:00,0.0,15.9,5.8,65,5
2023-09-10 09:00:00,0.0,20.2,4.7,51,1
2023-09-10 10:00:00,0.0,24.3,4.7,36,2
2023-09-10 11:00:00,0.0,27.0,2.6,27,0
2023-09-10 12:00:00,0.0,28.7,1.6,21,0
2023-09-10 13:00:00,0.0,30.0,2.9,19,0
2023-09-10 14:00:00,0.0,30.9,3.8,18,0
2023-09-10 15:00:00,0.0,31.3,3.9,18,0
2023-09-10 16:00:00,0.0,31.5,3.5,18,0
2023-09-10 17:00:00,0.0,31.0,3.0,19,0
2023-09-10 18:00:00,0.0,29.8,2.6,20,1
2023-09-10 19:00:00,0.0,25.4,3.6,29,1
2023-09-10 20:00:00,0.0,22.0,5.0,37,11
2023-09-10 21:00:00,0.0,20.7,6.5,39,19
2023-09-10 22:00:00,0.0,18.8,7.3,45,23
2023-09-10 23:00:00,0.0,17.1,7.7,52,18
2023-09-11 00:00:00,0.0,15.9,5.9,58,23
2023-09-11 01:00:00,0.0,14.8,5.2,62,43
2023-09-11 02:00:00,0.0,13.7,5.4,67,34
2023-09-11 03:00:00,0.0,13.1,5.8,70,38
2023-09-11 04:00:00,0.0,12.5,5.2,73,32
2023-09-11 05:00:00,0.0,11.9,5.0,75,40
2023-09-11 06:00:00,0.0,12.0,5.4,76,63
2023-09-11 07:00:00,0.0,12.9,5.4,72,56
2023-09-11 08:00:00,0.0,15.7,5.8,62,54
2023-09-11 09:00:00,0.0,19.5,4.0,49,64
2023-09-11 10:00:00,0.0,23.3,4.3,33,57
2023-09-11 11:00:00,0.0,26.5,1.6,21,67
2023-09-11 12:00:00,0.0,27.8,1.1,17,46
2023-09-11 13:00:00,0.0,28.5,0.7,16,72
2023-09-11 14:00:00,0.0,29.6,2.0,15,88
2023-09-11 15:00:00,0.0,30.0,3.1,16,64
2023-09-11 16:00:00,0.0,29.8,3.7,18,50
2023-09-11 17:00:00,0.0,29.1,4.3,18,26
2023-09-11 18:00:00,0.0,27.3,4.2,25,57
2023-09-11 19:00:00,0.0,23.7,5.0,32,76
2023-09-11 20:00:00,0.0,21.0,4.5,38,80
2023-09-11 21:00:00,0.0,19.9,4.7,41,63
2023-09-11 22:00:00,0.0,19.0,6.3,42,73
2023-09-11 23:00:00,0.0,16.3,4.8,57,58
2023-09-12 00:00:00,0.0,17.3,3.1,52,56
2023-09-12 01:00:00,0.0,17.1,5.3,54,89
2023-09-12 02:00:00,0.0,15.5,4.5,63,94
2023-09-12 03:00:00,0.0,15.5,4.3,63,95
2023-09-12 04:00:00,0.0,14.1,5.4,70,98
2023-09-12 05:00:00,0.0,13.5,4.9,72,100
2023-09-12 06:00:00,0.0,13.2,4.2,73,98
2023-09-12 07:00:00,0.0,13.4,5.5,72,97
2023-09-12 08:00:00,0.0,15.7,5.2,63,95
2023-09-12 09:00:00,0.0,19.2,4.3,51,86
2023-09-12 10:00:00,0.0,21.6,4.4,46,63
2023-09-12 11:00:00,0.0,23.2,4.5,45,45
2023-09-12 12:00:00,0.0,24.6,4.5,41,69
2023-09-12 13:00:00,0.0,25.3,3.4,40,70
2023-09-12 14:00:00,0.0,25.5,4.7,40,87
2023-09-12 15:00:00,1.7,22.3,7.8,57,96
2023-09-12 16:00:00,1.5,21.0,9.7,66,98
2023-09-12 17:00:00,0.9,20.7,10.7,69,95
2023-09-12 18:00:00,0.8,19.8,8.9,72,99
2023-09-12 19:00:00,2.5,17.5,2.9,84,98
2023-09-12 20:00:00,0.0,16.3,1.8,90,98
2023-09-12 21:00:00,0.2,16.0,3.9,91,94
2023-09-12 22:00:00,0.2,15.1,4.0,96,93
2023-09-12 23:00:00,0.1,15.6,4.0,83,93
2023-09-13 00:00:00,0.0,15.0,2.2,86,97
2023-09-13 01:00:00,0.1,14.7,0.7,87,98
2023-09-13 02:00:00,0.7,14.4,3.3,89,100
2023-09-13 03:00:00,0.8,13.9,3.8,91,100
2023-09-13 04:00:00,0.4,13.8,3.3,92,99
2023-09-13 05:00:00,0.7,13.9,3.4,95,99
2023-09-13 06:00:00,1.5,13.9,3.6,96,99
2023-09-13 07:00:00,0.8,14.0,2.2,96,97
2023-09-13 08:00:00,0.3,14.2,3.5,96,88
2023-09-13 09:00:00,0.2,14.6,3.4,94,100
2023-09-13 10:00:00,0.2,15.3,3.9,91,98
2023-09-13 11:00:00,0.4,15.7,3.7,89,100
2023-09-13 12:00:00,1.6,15.2,5.2,91,100
2023-09-13 13:00:00,0.5,15.7,5.7,92,100
2023-09-13 14:00:00,0.5,16.2,5.0,89,92
2023-09-13 15:00:00,0.3,16.3,6.5,87,93
2023-09-13 16:00:00,0.1,16.6,5.6,84,97
2023-09-13 17:00:00,0.3,16.7,6.6,82,98
2023-09-13 18:00:00,0.2,16.3,5.8,81,98
2023-09-13 19:00:00,0.0,15.5,3.2,85,98
2023-09-13 20:00:00,0.0,14.5,3.1,90,98
2023-09-13 21:00:00,0.0,13.9,3.9,92,99
2023-09-13 22:00:00,0.0,13.5,3.9,93,100
2023-09-13 23:00:00,0.0,12.9,3.9,97,94
2023-09-14 00:00:00,0.0,12.6,3.7,98,80
2023-09-14 01:00:00,0.0,12.5,3.6,98,74
2023-09-14 02:00:00,0.0,11.8,3.3,99,73
2023-09-14 03:00:00,0.0,11.6,4.5,99,81
2023-09-14 04:00:00,0.0,11.4,4.7,100,100
2023-09-14 05:00:00,0.0,10.9,5.1,100,100
2023-09-14 06:00:00,0.0,10.6,4.1,100,100
2023-09-14 07:00:00,0.0,11.2,3.4,100,100
2023-09-14 08:00:00,0.0,12.7,4.1,98,100
2023-09-14 09:00:00,0.0,14.4,2.9,89,96
2023-09-14 10:00:00,0.0,15.8,3.5,81,87
2023-09-14 11:00:00,0.0,17.5,5.0,71,88
2023-09-14 12:00:00,0.0,19.1,5.1,63,91
2023-09-14 13:00:00,0.0,20.7,4.8,56,91
2023-09-14 14:00:00,0.0,21.2,5.4,51,94
2023-09-14 15:00:00,0.0,21.6,5.6,48,93
2023-09-14 16:00:00,0.0,21.9,6.4,46,97
2023-09-14 17:00:00,0.1,21.4,7.4,47,84
2023-09-14 18:00:00,0.0,20.6,7.7,49,75
2023-09-14 19:00:00,0.0,18.9,4.7,55,56
2023-09-14 20:00:00,0.0,16.2,6.2,68,29
2023-09-14 21:00:00,0.0,15.0,3.3,74,15
2023-09-14 22:00:00,0.0,15.2,1.1,72,15
2023-09-14 23:00:00,0.0,14.2,4.7,77,28
2023-09-15 00:00:00,0.0,12.8,5.7,84,15
2023-09-15 01:00:00,0.0,11.1,6.2,91,2
2023-09-15 02:00:00,0.0,10.7,6.0,91,1
2023-09-15 03:00:00,0.0,10.2,6.6,93,0
2023-09-15 04:00:00,0.0,9.0,7.1,96,0
2023-09-15 05:00:00,0.0,8.5,7.1,98,0
2023-09-15 06:00:00,0.0,8.2,6.4,99,2
2023-09-15 07:00:00,0.0,8.9,5.7,99,1
2023-09-15 08:00:00,0.0,12.3,7.6,88,0
2023-09-15 09:00:00,0.0,15.6,8.1,75,0
2023-09-15 10:00:00,0.0,18.8,10.1,62,0
2023-09-15 11:00:00,0.0,21.3,10.0,51,0
2023-09-15 12:00:00,0.0,23.0,9.7,43,11
2023-09-15 13:00:00,0.0,24.4,9.9,38,11
2023-09-15 14:00:00,0.0,25.2,10.7,34,71
2023-09-15 15:00:00,0.0,25.7,11.7,32,64
2023-09-15 16:00:00,0.0,25.5,12.8,32,68
2023-09-15 17:00:00,0.0,24.8,12.7,34,100
2023-09-15 18:00:00,0.0,23.1,13.5,38,100
2023-09-15 19:00:00,0.0,20.6,12.9,51,100
2023-09-15 20:00:00,0.0,19.0,11.9,61,100
2023-09-15 21:00:00,0.0,17.8,10.6,68,100
2023-09-15 22:00:00,0.0,17.0,10.8,71,100
2023-09-15 23:00:00,0.0,16.5,12.1,70,100
2023-09-16 00:00:00,0.0,15.9,13.4,73,100
2023-09-16 01:00:00,0.4,15.5,11.8,78,99
2023-09-16 02:00:00,1.1,14.3,10.0,88,99
2023-09-16 03:00:00,2.4,13.9,10.0,91,100
2023-09-16 04:00:00,2.2,14.0,8.1,91,100
2023-09-16 05:00:00,2.1,14.1,10.2,89,100
2023-09-16 06:00:00,1.4,13.9,13.8,87,100
2023-09-16 07:00:00,1.6,13.7,15.7,89,100
2023-09-16 08:00:00,0.8,14.3,15.4,90,84
2023-09-16 09:00:00,0.5,15.6,17.5,88,98
2023-09-16 10:00:00,0.1,17.6,18.8,81,87
2023-09-16 11:00:00,0.0,19.2,16.7,72,10
2023-09-16 12:00:00,0.0,21.3,21.2,60,34
2023-09-16 13:00:00,0.0,22.6,20.3,55,19
2023-09-16 14:00:00,0.1,22.9,19.1,53,32
2023-09-16 15:00:00,0.8,21.7,17.3,58,47
2023-09-16 16:00:00,0.1,21.9,16.3,57,32
2023-09-16 17:00:00,0.2,21.2,14.5,60,47
2023-09-16 18:00:00,0.1,20.0,12.5,64,50
2023-09-16 19:00:00,0.1,18.8,10.5,69,50
2023-09-16 20:00:00,0.0,17.8,10.0,74,89
2023-09-16 21:00:00,0.0,17.1,9.9,78,99
2023-09-16 22:00:00,0.0,16.3,9.9,82,100
2023-09-16 23:00:00,0.0,16.0,11.8,85,99
2023-09-17 00:00:00,0.0,16.2,10.0,85,94
2023-09-17 01:00:00,0.0,16.1,10.2,85,82
2023-09-17 02:00:00,0.0,15.9,10.6,86,98
2023-09-17 03:00:00,0.0,15.9,10.8,86,97
2023-09-17 04:00:00,0.0,15.9,11.2,85,99
2023-09-17 05:00:00,0.0,15.9,12.1,86,100
2023-09-17 06:00:00,0.0,15.7,12.8,86,100
2023-09-17 07:00:00,0.0,16.0,12.8,85,100
2023-09-17 08:00:00,0.0,17.5,12.7,80,96
2023-09-17 09:00:00,0.0,18.9,19.1,73,98
2023-09-17 10:00:00,0.0,20.8,19.4,65,92
2023-09-17 11:00:00,0.0,22.7,17.6,59,20
2023-09-17 12:00:00,0.0,23.8,18.8,55,28
2023-09-17 13:00:00,0.0,24.6,19.1,52,25
2023-09-17 14:00:00,0.0,24.9,20.2,51,79
2023-09-17 15:00:00,0.3,24.5,20.5,51,23
2023-09-17 16:00:00,0.0,23.9,20.2,53,15
2023-09-17 17:00:00,0.0,23.2,19.4,55,31
2023-09-17 18:00:00,0.0,22.0,17.9,57,44
2023-09-17 19:00:00,0.0,20.4,18.4,65,95
2023-09-17 20:00:00,0.0,18.9,19.7,73,98
2023-09-17 21:00:00,0.0,18.8,20.3,75,93
2023-09-17 22:00:00,0.0,18.3,18.7,76,93
2023-09-17 23:00:00,0.0,17.9,16.3,76,98
2023-09-18 00:00:00,0.2,17.4,12.7,79,100
2023-09-18 01:00:00,1.2,16.4,8.9,85,99
2023-09-18 02:00:00,1.8,15.4,6.6,90,100
2023-09-18 03:00:00,4.1,15.1,6.3,96,100
2023-09-18 04:00:00,3.3,14.8,6.6,98,100
2023-09-18 05:00:00,1.2,14.5,6.6,98,96
2023-09-18 06:00:00,0.1,14.4,4.9,97,90
2023-09-18 07:00:00,0.0,14.4,5.5,96,81
2023-09-18 08:00:00,0.0,15.2,5.0,94,31
2023-09-18 09:00:00,0.0,17.2,4.6,84,5
2023-09-18 10:00:00,0.0,19.3,4.3,57,9
2023-09-18 11:00:00,0.0,20.4,10.2,55,27
2023-09-18 12:00:00,0.1,20.7,13.0,56,52
2023-09-18 13:00:00,0.0,20.8,13.7,55,34
2023-09-18 14:00:00,0.0,21.3,13.7,52,43
2023-09-18 15:00:00,0.4,21.7,15.6,48,63
2023-09-18 16:00:00,0.0,21.0,12.8,48,54
2023-09-18 17:00:00,0.5,19.7,13.3,51,23
2023-09-18 18:00:00,0.2,18.0,12.1,56,19
2023-09-18 19:00:00,0.0,16.5,10.1,61,25
2023-09-18 20:00:00,0.0,15.5,9.4,66,29
2023-09-18 21:00:00,0.0,14.7,9.8,71,43
2023-09-18 22:00:00,0.1,14.3,9.2,76,67
2023-09-18 23:00:00,0.1,14.1,6.8,82,63
2023-09-19 00:00:00,0.1,13.8,6.5,84,82
2023-09-19 01:00:00,0.0,13.6,6.6,86,86
2023-09-19 02:00:00,0.0,13.3,5.6,87,46
2023-09-19 03:00:00,0.0,12.4,4.7,91,36
2023-09-19 04:00:00,0.0,11.7,5.2,93,31
2023-09-19 05:00:00,0.0,12.2,4.2,89,34
2023-09-19 06:00:00,0.0,11.9,4.6,91,44
2023-09-19 07:00:00,0.0,12.4,2.3,90,48
2023-09-19 08:00:00,0.0,13.5,3.3,83,49
2023-09-19 09:00:00,0.0,14.8,4.7,76,64
2023-09-19 10:00:00,0.0,16.0,5.4,69,38
2023-09-19 11:00:00,0.0,17.5,5.1,58,30
2023-09-19 12:00:00,0.0,18.5,6.5,53,22
2023-09-19 13:00:00,0.0,19.6,7.2,47,16
2023-09-19 14:00:00,0.0,20.2,7.2,44,19
2023-09-19 15:00:00,0.0,20.7,7.2,42,8
2023-09-19 16:00:00,0.0,20.8,7.7,41,19
2023-09-19 17:00:00,0.0,20.3,8.0,42,11
2023-09-19 18:00:00,0.0,19.2,7.0,44,6
2023-09-19 19:00:00,0.0,15.2,6.6,63,0
2023-09-19 20:00:00,0.0,13.0,7.8,73,1
2023-09-19 21:00:00,0.0,13.2,7.2,71,3
2023-09-19 22:00:00,0.0,12.2,4.6,74,6
2023-09-19 23:00:00,0.0,12.8,4.7,71,0
2023-09-20 00:00:00,0.0,10.5,7.0,81,0
2023-09-20 01:00:00,0.0,9.1,5.8,87,1
2023-09-20 02:00:00,0.0,8.0,6.9,92,1
2023-09-20 03:00:00,0.0,7.7,5.8,93,0
2023-09-20 04:00:00,0.0,7.4,5.4,94,0
2023-09-20 05:00:00,0.0,7.3,6.9,94,2
2023-09-20 06:00:00,0.0,7.0,6.6,95,0
2023-09-20 07:00:00,0.0,6.7,4.8,97,0
2023-09-20 08:00:00,0.0,9.8,4.3,89,0
2023-09-20 09:00:00,0.0,13.1,3.6,77,0
2023-09-20 10:00:00,0.0,16.5,5.2,62,3
2023-09-20 11:00:00,0.0,19.4,7.2,50,3
2023-09-20 12:00:00,0.0,21.2,8.6,43,14
2023-09-20 13:00:00,0.0,22.4,10.1,40,32
2023-09-20 14:00:00,0.0,23.5,10.5,37,17
2023-09-20 15:00:00,0.0,23.9,10.8,35,15
2023-09-20 16:00:00,0.0,23.5,10.8,36,55
2023-09-20 17:00:00,0.0,22.8,10.1,37,84
2023-09-20 18:00:00,0.0,21.0,10.2,43,91
2023-09-20 19:00:00,0.0,18.8,10.9,55,70
2023-09-20 20:00:00,0.0,17.2,10.5,66,38
2023-09-20 21:00:00,0.0,16.0,9.7,74,22
2023-09-20 22:00:00,0.0,14.7,9.4,81,25
2023-09-20 23:00:00,0.0,14.9,12.3,80,9
2023-09-21 00:00:00,0.0,14.4,12.6,83,46
2023-09-21 01:00:00,0.0,14.4,12.6,84,31
2023-09-21 02:00:00,0.0,14.1,13.0,86,35
2023-09-21 03:00:00,0.0,13.9,11.5,87,61
2023-09-21 04:00:00,0.0,13.8,12.0,87,97
2023-09-21 05:00:00,0.0,13.8,12.9,87,100
2023-09-21 06:00:00,0.0,13.8,14.2,86,100
2023-09-21 07:00:00,0.0,14.0,13.8,84,100
2023-09-21 08:00:00,0.0,15.0,12.9,81,100
2023-09-21 09:00:00,0.0,16.5,14.9,74,94
2023-09-21 10:00:00,0.0,18.2,17.0,67,95
2023-09-21 11:00:00,0.0,19.6,17.5,59,80
2023-09-21 12:00:00,0.0,20.7,20.5,52,99
2023-09-21 13:00:00,0.0,21.2,17.8,43,100
2023-09-21 14:00:00,0.4,19.9,20.9,47,100
2023-09-21 15:00:00,1.5,15.2,19.4,76,99
2023-09-21 16:00:00,4.3,12.8,16.4,83,99
2023-09-21 17:00:00,2.8,12.3,12.6,86,100
2023-09-21 18:00:00,0.8,12.8,7.7,84,99
2023-09-21 19:00:00,0.0,12.2,6.6,85,51
2023-09-21 20:00:00,0.0,11.5,7.5,85,59
2023-09-21 21:00:00,0.0,11.4,9.2,83,82
2023-09-21 22:00:00,0.0,10.8,9.0,85,80
2023-09-21 23:00:00,0.0,11.5,7.5,83,35
2023-09-22 00:00:00,0.0,11.1,6.9,83,37
2023-09-22 01:00:00,0.0,10.8,7.3,83,65
2023-09-22 02:00:00,0.1,10.6,6.3,83,41
2023-09-22 03:00:00,0.4,10.1,5.2,84,26
2023-09-22 04:00:00,0.6,9.6,5.3,88,28
2023-09-22 05:00:00,0.2,9.0,5.8,91,15
2023-09-22 06:00:00,0.0,8.6,6.1,92,15
2023-09-22 07:00:00,0.0,8.4,8.6,94,39
2023-09-22 08:00:00,0.0,9.9,13.5,87,43
2023-09-22 09:00:00,0.0,11.1,16.4,82,40
2023-09-22 10:00:00,0.0,12.2,18.1,76,40
2023-09-22 11:00:00,0.0,13.6,20.2,61,67
2023-09-22 12:00:00,0.0,13.5,22.0,62,74
2023-09-22 13:00:00,0.1,13.1,21.3,65,98
2023-09-22 14:00:00,0.1,12.4,21.3,68,86
2023-09-22 15:00:00,0.0,12.1,20.8,71,86
2023-09-22 16:00:00,0.0,11.3,18.5,69,86
2023-09-22 17:00:00,0.0,11.3,16.2,66,68
2023-09-22 18:00:00,0.0,11.1,13.8,67,80
2023-09-22 19:00:00,0.0,9.8,10.0,76,94
2023-09-22 20:00:00,0.0,8.5,7.3,85,99
2023-09-22 21:00:00,0.0,7.7,6.2,90,84
2023-09-22 22:00:00,0.0,7.1,5.9,94,62
2023-09-22 23:00:00,0.0,7.5,4.7,90,59
2023-09-23 00:00:00,0.0,6.5,5.2,93,47
2023-09-23 01:00:00,0.0,6.5,4.5,93,43
2023-09-23 02:00:00,0.0,6.0,4.8,95,48
2023-09-23 03:00:00,0.0,5.3,4.9,97,48
2023-09-23 04:00:00,0.0,5.4,5.1,98,54
2023-09-23 05:00:00,0.0,4.8,4.6,100,61
2023-09-23 06:00:00,0.0,5.1,3.9,99,84
2023-09-23 07:00:00,0.0,4.9,2.6,100,88
2023-09-23 08:00:00,0.0,7.2,4.3,92,62
2023-09-23 09:00:00,0.0,9.3,10.1,78,78
2023-09-23 10:00:00,0.0,10.9,11.6,69,74
2023-09-23 11:00:00,0.0,11.5,8.9,65,80
2023-09-23 12:00:00,0.0,12.3,10.9,60,74
2023-09-23 13:00:00,0.0,13.2,12.3,55,84
2023-09-23 14:00:00,0.0,13.7,13.2,51,88
2023-09-23 15:00:00,0.0,13.7,13.3,50,82
2023-09-23 16:00:00,0.0,14.1,13.8,49,83
2023-09-23 17:00:00,0.0,13.8,13.4,50,84
2023-09-23 18:00:00,0.0,12.8,12.0,53,73
2023-09-23 19:00:00,0.0,11.0,9.5,59,51
2023-09-23 20:00:00,0.0,8.4,7.9,71,49
2023-09-23 21:00:00,0.0,6.7,6.1,78,28
2023-09-23 22:00:00,0.0,5.3,4.7,85,18
2023-09-23 23:00:00,0.0,4.5,4.4,92,14
2023-09-24 00:00:00,0.0,4.3,4.1,93,8
2023-09-24 01:00:00,0.0,3.6,4.7,92,4
2023-09-24 02:00:00,0.0,2.8,4.0,94,4
2023-09-24 03:00:00,0.0,2.3,2.5,94,0
2023-09-24 04:00:00,0.0,1.8,1.4,95,2
2023-09-24 05:00:00,0.0,1.7,0.8,95,3
2023-09-24 06:00:00,0.0,3.4,1.8,88,1
2023-09-24 07:00:00,0.0,3.1,3.7,89,0
2023-09-24 08:00:00,0.0,4.9,3.1,89,0
2023-09-24 09:00:00,0.0,8.2,2.6,75,0
2023-09-24 10:00:00,0.0,10.5,4.7,65,1
2023-09-24 11:00:00,0.0,12.7,5.8,58,0
2023-09-24 12:00:00,0.0,14.5,6.5,52,0
2023-09-24 13:00:00,0.0,16.0,6.6,46,0
2023-09-24 14:00:00,0.0,17.3,5.9,43,0
2023-09-24 15:00:00,0.0,18.2,4.8,40,0
2023-09-24 16:00:00,0.0,18.5,4.3,38,15
2023-09-24 17:00:00,0.0,18.2,4.7,38,28
2023-09-24 18:00:00,0.0,16.3,4.2,51,7
2023-09-24 19:00:00,0.0,14.1,6.2,53,13
2023-09-24 20:00:00,0.0,11.2,6.2,65,9
2023-09-24 21:00:00,0.0,10.3,6.3,68,9
2023-09-24 22:00:00,0.0,9.5,7.1,71,3
2023-09-24 23:00:00,0.0,6.2,8.7,86,4
2023-09-25 00:00:00,0.0,5.8,9.1,87,3
2023-09-25 01:00:00,0.0,5.3,7.6,88,30
2023-09-25 02:00:00,0.0,4.3,6.4,91,3
2023-09-25 03:00:00,0.0,3.9,6.2,92,0
2023-09-25 04:00:00,0.0,3.4,5.9,93,0
2023-09-25 05:00:00,0.0,3.3,4.8,93,0
2023-09-25 06:00:00,0.0,3.0,3.4,94,0
2023-09-25 07:00:00,0.0,2.8,2.4,94,0
2023-09-25 08:00:00,0.0,6.5,1.5,84,0
2023-09-25 09:00:00,0.0,11.3,1.1,68,0
2023-09-25 10:00:00,0.0,14.8,1.1,56,0
2023-09-25 11:00:00,0.0,17.4,2.3,47,0
2023-09-25 12:00:00,0.0,19.3,1.1,41,0
2023-09-25 13:00:00,0.0,21.0,1.0,36,0
2023-09-25 14:00:00,0.0,22.1,2.6,32,0
2023-09-25 15:00:00,0.0,22.6,4.3,31,0
2023-09-25 16:00:00,0.0,22.7,5.6,31,0
2023-09-25 17:00:00,0.0,22.0,6.5,31,0
2023-09-25 18:00:00,0.0,19.7,5.5,41,0
2023-09-25 19:00:00,0.0,15.0,6.5,55,0
2023-09-25 20:00:00,0.0,14.2,5.1,58,0
2023-09-25 21:00:00,0.0,13.0,4.0,62,0
2023-09-25 22:00:00,0.0,12.0,4.2,66,0
2023-09-25 23:00:00,0.0,11.4,9.0,68,0
2023-09-26 00:00:00,0.0,9.7,8.7,75,0
2023-09-26 01:00:00,0.0,7.6,8.9,84,0
2023-09-26 02:00:00,0.0,7.2,8.1,85,0
2023-09-26 03:00:00,0.0,6.5,7.0,88,0
2023-09-26 04:00:00,0.0,6.3,6.4,89,0
2023-09-26 05:00:00,0.0,5.9,6.3,90,0
2023-09-26 06:00:00,0.0,5.7,6.3,92,0
2023-09-26 07:00:00,0.0,5.6,6.2,93,0
2023-09-26 08:00:00,0.0,9.1,7.6,83,0
2023-09-26 09:00:00,0.0,12.9,5.4,72,0
2023-09-26 10:00:00,0.0,16.7,4.0,61,0
2023-09-26 11:00:00,0.0,20.0,3.3,49,0
2023-09-26 12:00:00,0.0,22.5,1.8,40,0
2023-09-26 13:00:00,0.0,23.9,0.8,33,0
2023-09-26 14:00:00,0.0,24.9,0.4,29,1
2023-09-26 15:00:00,0.0,25.4,1.1,27,20
2023-09-26 16:00:00,0.0,25.3,2.6,27,33
2023-09-26 17:00:00,0.0,24.3,4.3,29,44
2023-09-26 18:00:00,0.0,20.8,6.7,46,59
2023-09-26 19:00:00,0.0,15.6,7.0,57,54
2023-09-26 20:00:00,0.0,14.9,5.4,59,63
2023-09-26 21:00:00,0.0,13.9,2.1,63,3
2023-09-26 22:00:00,0.0,13.1,1.5,65,0
2023-09-26 23:00:00,0.0,14.6,3.1,61,0
2023-09-27 00:00:00,0.0,13.5,4.1,65,0
2023-09-27 01:00:00,0.0,12.9,2.9,67,0
2023-09-27 02:00:00,0.0,11.9,2.1,70,0
2023-09-27 03:00:00,0.0,10.8,2.7,74,0
2023-09-27 04:00:00,0.0,10.2,3.1,77,0
2023-09-27 05:00:00,0.0,10.0,3.5,78,0
2023-09-27 06:00:00,0.0,10.4,4.7,76,0
2023-09-27 07:00:00,0.0,8.4,6.8,83,11
2023-09-27 08:00:00,0.0,11.3,8.0,77,61
2023-09-27 09:00:00,0.0,14.6,7.0,66,92
2023-09-27 10:00:00,0.0,17.9,7.6,56,98
2023-09-27 11:00:00,0.0,20.8,7.9,47,92
2023-09-27 12:00:00,0.0,23.1,8.7,38,94
2023-09-27 13:00:00,0.0,24.8,8.2,31,97
2023-09-27 14:00:00,0.0,25.6,6.8,28,96
2023-09-27 15:00:00,0.0,26.1,5.8,27,100
2023-09-27 16:00:00,0.0,25.6,5.4,28,100
2023-09-27 17:00:00,0.0,24.9,3.9,29,100
2023-09-27 18:00:00,0.0,22.3,4.7,40,100
2023-09-27 19:00:00,0.0,18.7,5.7,54,100
2023-09-27 20:00:00,0.0,17.2,6.4,61,100
2023-09-27 21:00:00,0.0,16.0,6.4,67,100
2023-09-27 22:00:00,0.0,14.7,5.6,73,94
2023-09-27 23:00:00,0.0,13.8,5.6,74,57
2023-09-28 00:00:00,0.0,12.5,6.3,78,88
2023-09-28 01:00:00,0.0,11.9,5.5,80,97
2023-09-28 02:00:00,0.0,11.4,5.7,83,96
2023-09-28 03:00:00,0.0,10.8,4.7,85,98
2023-09-28 04:00:00,0.0,10.3,6.0,87,99
2023-09-28 05:00:00,0.0,10.0,4.6,89,99
2023-09-28 06:00:00,0.0,9.6,4.7,89,100
2023-09-28 07:00:00,0.0,9.8,3.5,88,100
2023-09-28 08:00:00,0.0,11.8,3.7,80,96
2023-09-28 09:00:00,0.0,15.5,2.2,67,33
2023-09-28 10:00:00,0.0,18.9,2.4,53,19
2023-09-28 11:00:00,0.0,21.7,4.4,45,19
2023-09-28 12:00:00,0.0,23.2,3.6,43,17
2023-09-28 13:00:00,0.0,24.4,3.1,40,7
2023-09-28 14:00:00,0.0,25.4,2.5,38,3
2023-09-28 15:00:00,0.0,26.1,2.7,37,1
2023-09-28 16:00:00,0.0,26.2,3.4,36,6
2023-09-28 17:00:00,0.0,25.8,3.3,35,2
2023-09-28 18:00:00,0.0,23.3,2.3,46,1
2023-09-28 19:00:00,0.0,20.3,1.4,54,0
2023-09-28 20:00:00,0.0,17.6,3.6,65,0
2023-09-28 21:00:00,0.0,15.5,6.2,76,0
2023-09-28 22:00:00,0.0,13.7,6.3,84,0
2023-09-28 23:00:00,0.0,13.1,6.6,83,0
2023-09-29 00:00:00,0.0,12.5,5.9,86,0
2023-09-29 01:00:00,0.0,12.2,5.8,86,0
2023-09-29 02:00:00,0.0,11.5,5.2,89,0
2023-09-29 03:00:00,0.0,10.8,5.2,91,0
2023-09-29 04:00:00,0.0,10.4,5.7,92,0
2023-09-29 05:00:00,0.0,9.7,6.1,95,0
2023-09-29 06:00:00,0.0,9.1,5.6,96,0
2023-09-29 07:00:00,0.0,8.8,3.7,97,0
2023-09-29 08:00:00,0.0,12.0,5.6,90,0
2023-09-29 09:00:00,0.0,16.3,3.6,74,0
2023-09-29 10:00:00,0.0,19.7,3.7,61,1
2023-09-29 11:00:00,0.0,21.5,6.8,48,1
2023-09-29 12:00:00,0.0,22.7,8.9,45,3
2023-09-29 13:00:00,0.0,23.3,10.2,46,8
2023-09-29 14:00:00,0.0,23.7,14.3,46,53
2023-09-29 15:00:00,0.0,23.7,16.6,46,100
2023-09-29 16:00:00,0.0,22.9,15.2,48,96
2023-09-29 17:00:00,0.0,21.7,12.5,52,99
2023-09-29 18:00:00,0.0,20.7,9.9,55,95
2023-09-29 19:00:00,0.0,19.1,9.5,62,93
2023-09-29 20:00:00,0.0,18.1,9.0,66,95
2023-09-29 21:00:00,0.0,17.0,7.6,71,89
2023-09-29 22:00:00,0.0,16.2,6.1,75,92
2023-09-29 23:00:00,0.0,15.4,4.0,83,98
2023-09-30 00:00:00,0.0,14.5,2.7,87,87
2023-09-30 01:00:00,0.0,14.1,2.7,89,59
2023-09-30 02:00:00,0.0,14.3,3.1,87,46
2023-09-30 03:00:00,0.0,13.2,3.1,89,40
2023-09-30 04:00:00,0.0,12.9,2.2,92,39
2023-09-30 05:00:00,0.0,12.6,2.4,91,92
2023-09-30 06:00:00,0.0,12.5,2.9,92,86
2023-09-30 07:00:00,0.0,11.6,2.9,97,83
2023-09-30 08:00:00,0.0,12.7,2.9,94,84
2023-09-30 09:00:00,0.0,14.6,4.1,84,62
2023-09-30 10:00:00,0.0,16.7,2.4,72,60
2023-09-30 11:00:00,0.0,18.3,0.8,64,40
2023-09-30 12:00:00,0.0,19.5,2.5,57,22
2023-09-30 13:00:00,0.0,20.8,4.8,52,15
2023-09-30 14:00:00,0.0,21.7,6.2,48,7
2023-09-30 15:00:00,0.0,22.0,7.6,47,7
2023-09-30 16:00:00,0.0,21.8,9.2,47,7
2023-09-30 17:00:00,0.0,21.1,9.8,49,4
2023-09-30 18:00:00,0.0,19.6,7.7,51,1
2023-09-30 19:00:00,0.0,16.4,4.8,64,0
2023-09-30 20:00:00,0.0,13.9,6.3,76,0
2023-09-30 21:00:00,0.0,12.7,6.4,81,0
2023-09-30 22:00:00,0.0,12.9,5.6,80,0
2023-09-30 23:00:00,0.0,12.7,4.5,79,0
2023-10-01 00:00:00,0.0,12.1,5.4,81,0
2023-10-01 01:00:00,0.0,11.4,5.5,83,0
2023-10-01 02:00:00,0.0,10.9,5.2,84,0
2023-10-01 03:00:00,0.0,10.6,5.7,85,0
2023-10-01 04:00:00,0.0,10.3,5.4,86,4
2023-10-01 05:00:00,0.0,9.9,5.2,87,35
2023-10-01 06:00:00,0.0,8.6,6.0,90,56
2023-10-01 07:00:00,0.0,7.9,7.6,93,60
2023-10-01 08:00:00,0.0,10.7,6.9,87,22
2023-10-01 09:00:00,0.0,14.4,5.7,72,3
2023-10-01 10:00:00,0.0,17.4,5.6,57,0
2023-10-01 11:00:00,0.0,20.8,4.8,41,0
2023-10-01 12:00:00,0.0,23.4,4.8,31,0
2023-10-01 13:00:00,0.0,25.1,4.6,26,0
2023-10-01 14:00:00,0.0,26.4,4.6,24,31
2023-10-01 15:00:00,0.0,27.2,4.6,22,35
2023-10-01 16:00:00,0.0,27.0,4.4,22,3
2023-10-01 17:00:00,0.0,26.1,4.7,23,0
2023-10-01 18:00:00,0.0,22.9,6.7,33,0
2023-10-01 19:00:00,0.0,20.2,6.9,41,0
2023-10-01 20:00:00,0.0,17.8,6.4,48,0
2023-10-01 21:00:00,0.0,16.5,6.2,51,1
2023-10-01 22:00:00,0.0,12.5,7.6,64,10
2023-10-01 23:00:00,0.0,11.5,6.8,70,7
2023-10-02 00:00:00,0.0,11.0,7.0,73,3
2023-10-02 01:00:00,0.0,10.4,7.6,75,0
2023-10-02 02:00:00,0.0,9.5,6.9,81,0
2023-10-02 03:00:00,0.0,9.1,6.5,85,0
2023-10-02 04:00:00,0.0,8.7,6.1,88,0
2023-10-02 05:00:00,0.0,8.4,6.2,90,0
2023-10-02 06:00:00,0.0,8.0,6.9,91,0
2023-10-02 07:00:00,0.0,7.8,7.0,92,0
2023-10-02 08:00:00,0.0,10.9,9.5,83,0
2023-10-02 09:00:00,0.0,14.8,8.4,68,0
2023-10-02 10:00:00,0.0,19.1,8.7,54,0
2023-10-02 11:00:00,0.0,22.9,8.6,39,0
2023-10-02 12:00:00,0.0,25.3,9.8,33,0
2023-10-02 13:00:00,0.0,27.1,11.9,30,13
2023-10-02 14:00:00,0.0,28.0,13.2,29,37
2023-10-02 15:00:00,0.0,28.2,13.7,29,1
2023-10-02 16:00:00,0.0,27.6,13.9,30,0
2023-10-02 17:00:00,0.0,26.2,13.1,33,0
2023-10-02 18:00:00,0.0,23.5,10.9,41,0
2023-10-02 19:00:00,0.0,20.1,10.1,51,0
2023-10-02 20:00:00,0.0,18.2,9.4,58,0
2023-10-02 21:00:00,0.0,16.8,9.7,62,0
2023-10-02 22:00:00,0.0,16.0,10.5,66,0
2023-10-02 23:00:00,0.0,14.9,10.4,76,0
2023-10-03 00:00:00,0.0,14.0,10.8,80,5
2023-10-03 01:00:00,0.0,13.5,10.8,82,12
2023-10-03 02:00:00,0.0,12.9,10.4,84,26
2023-10-03 03:00:00,0.0,12.2,9.8,86,23
2023-10-03 04:00:00,0.0,12.0,9.4,87,13
2023-10-03 05:00:00,0.0,12.0,9.1,88,11
2023-10-03 06:00:00,0.0,11.5,7.7,91,14
2023-10-03 07:00:00,0.0,11.6,6.0,91,17
2023-10-03 08:00:00,0.0,13.3,7.4,86,37
2023-10-03 09:00:00,0.0,16.2,6.6,76,61
2023-10-03 10:00:00,0.0,18.8,11.0,67,58
2023-10-03 11:00:00,0.0,20.1,10.0,64,56
2023-10-03 12:00:00,0.0,21.1,13.8,59,41
2023-10-03 13:00:00,0.0,21.6,15.5,55,35
2023-10-03 14:00:00,0.0,21.2,16.5,55,74
2023-10-03 15:00:00,0.0,20.6,15.3,56,48
2023-10-03 16:00:00,0.0,20.2,14.5,56,48
2023-10-03 17:00:00,0.0,19.1,14.5,59,85
2023-10-03 18:00:00,0.0,17.7,13.0,65,80
2023-10-03 19:00:00,0.0,16.0,12.3,73,55
2023-10-03 20:00:00,0.0,14.8,11.4,77,93
2023-10-03 21:00:00,0.0,13.9,10.9,80,95
2023-10-03 22:00:00,0.0,12.8,10.8,83,92
2023-10-03 23:00:00,0.0,11.8,8.3,86,90
2023-10-04 00:00:00,0.0,11.1,7.6,89,93
2023-10-04 01:00:00,0.0,10.5,6.9,91,71
2023-10-04 02:00:00,0.0,9.9,6.9,94,83
2023-10-04 03:00:00,0.0,9.3,6.1,98,92
2023-10-04 04:00:00,0.0,8.7,6.2,98,63
2023-10-04 05:00:00,0.0,8.3,6.2,99,49
2023-10-04 06:00:00,0.0,7.7,6.5,100,41
2023-10-04 07:00:00,0.0,7.9,6.1,96,59
2023-10-04 08:00:00,0.0,8.7,6.6,89,44
2023-10-04 09:00:00,0.0,10.2,7.1,79,64
2023-10-04 10:00:00,0.0,11.9,7.5,71,96
2023-10-04 11:00:00,0.0,13.1,6.6,67,100
2023-10-04 12:00:00,0.0,14.7,6.2,59,100
2023-10-04 13:00:00,0.0,15.4,6.8,53,100
2023-10-04 14:00:00,0.0,16.0,7.4,52,100
2023-10-04 15:00:00,0.0,16.1,7.1,50,79
2023-10-04 16:00:00,0.0,15.9,7.4,50,95
2023-10-04 17:00:00,0.0,15.2,7.8,51,87
2023-10-04 18:00:00,0.0,13.5,6.6,55,72
2023-10-04 19:00:00,0.0,10.1,5.3,71,89
2023-10-04 20:00:00,0.0,8.3,5.9,79,89
2023-10-04 21:00:00,0.0,8.4,4.5,78,99
2023-10-04 22:00:00,0.0,8.4,2.6,77,100
2023-10-04 23:00:00,0.0,8.0,6.7,78,98
2023-10-05 00:00:00,0.0,7.1,4.6,81,97
2023-10-05 01:00:00,0.0,6.1,5.0,85,94
2023-10-05 02:00:00,0.0,5.6,5.6,86,82
2023-10-05 03:00:00,0.0,5.2,5.8,87,42
2023-10-05 04:00:00,0.0,4.6,5.6,88,79
2023-10-05 05:00:00,0.0,3.8,3.7,90,91
2023-10-05 06:00:00,0.0,2.9,4.2,93,93
2023-10-05 07:00:00,0.0,2.8,6.3,93,91
2023-10-05 08:00:00,0.0,4.5,4.1,92,68
2023-10-05 09:00:00,0.0,7.9,2.3,81,47
2023-10-05 10:00:00,0.0,11.1,4.4,69,60
2023-10-05 11:00:00,0.0,14.4,4.4,57,43
2023-10-05 12:00:00,0.0,17.1,1.5,48,31
2023-10-05 13:00:00,0.0,18.8,4.0,41,15
2023-10-05 14:00:00,0.0,19.8,4.3,37,13
2023-10-05 15:00:00,0.0,20.3,4.2,35,22
2023-10-05 16:00:00,0.0,20.3,6.3,34,47
2023-10-05 17:00:00,0.0,19.1,7.2,36,55
2023-10-05 18:00:00,0.0,15.9,5.4,45,23
2023-10-05 19:00:00,0.0,11.2,7.8,61,15
2023-10-05 20:00:00,0.0,9.7,7.8,68,12
2023-10-05 21:00:00,0.0,10.7,5.8,63,34
2023-10-05 22:00:00,0.0,10.0,3.1,66,73
2023-10-05 23:00:00,0.0,9.1,3.8,69,85
2023-10-06 00:00:00,0.0,8.3,4.0,70,95
2023-10-06 01:00:00,0.0,6.8,4.5,77,97
2023-10-06 02:00:00,0.0,6.2,4.7,77,96
2023-10-06 03:00:00,0.0,6.4,4.7,75,27
2023-10-06 04:00:00,0.0,5.8,4.0,77,13
2023-10-06 05:00:00,0.0,5.0,2.2,81,30
2023-10-06 06:00:00,0.0,4.4,2.6,81,37
2023-10-06 07:00:00,0.0,3.4,3.8,82,48
2023-10-06 08:00:00,0.0,4.5,3.0,82,50
2023-10-06 09:00:00,0.0,8.5,3.1,67,49
2023-10-06 10:00:00,0.0,12.3,3.1,56,39
2023-10-06 11:00:00,0.0,15.9,3.8,44,8
2023-10-06 12:00:00,0.0,18.7,2.8,33,12
2023-10-06 13:00:00,0.0,20.8,1.6,26,23
2023-10-06 14:00:00,0.0,22.2,1.1,22,15
2023-10-06 15:00:00,0.0,22.9,0.8,20,0
2023-10-06 16:00:00,0.0,22.9,1.8,18,0
2023-10-06 17:00:00,0.0,22.0,3.3,15,0
2023-10-06 18:00:00,0.0,17.1,8.1,26,0
2023-10-06 19:00:00,0.0,12.6,9.2,40,0
2023-10-06 20:00:00,0.0,12.1,6.9,42,0
2023-10-06 21:00:00,0.0,12.1,4.9,44,0
2023-10-06 22:00:00,0.0,11.0,2.1,47,0
2023-10-06 23:00:00,0.0,11.0,4.1,45,0
2023-10-07 00:00:00,0.0,10.1,4.3,46,0
2023-10-07 01:00:00,0.0,9.7,3.9,46,0
2023-10-07 02:00:00,0.0,8.1,3.0,51,0
2023-10-07 03:00:00,0.0,7.1,2.5,54,0
2023-10-07 04:00:00,0.0,7.2,2.2,53,0
2023-10-07 05:00:00,0.0,6.5,3.2,54,0
2023-10-07 06:00:00,0.0,6.4,4.3,54,0
2023-10-07 07:00:00,0.0,5.9,4.4,53,0
2023-10-07 08:00:00,0.0,5.4,3.6,66,0
2023-10-07 09:00:00,0.0,9.2,2.1,53,0
2023-10-07 10:00:00,0.0,13.4,1.9,41,0
2023-10-07 11:00:00,0.0,16.8,3.2,37,0
2023-10-07 12:00:00,0.0,19.4,3.1,30,0
2023-10-07 13:00:00,0.0,21.5,2.2,24,0
2023-10-07 14:00:00,0.0,23.0,3.7,21,0
2023-10-07 15:00:00,0.0,23.8,5.2,18,0
2023-10-07 16:00:00,0.0,23.7,6.5,17,0
2023-10-07 17:00:00,0.0,22.8,6.2,15,0
2023-10-07 18:00:00,0.0,18.8,8.1,23,0
2023-10-07 19:00:00,0.0,14.8,8.2,34,0
2023-10-07 20:00:00,0.0,13.7,7.4,40,0
2023-10-07 21:00:00,0.0,12.9,6.3,42,0
2023-10-07 22:00:00,0.0,12.8,4.3,45,0
2023-10-07 23:00:00,0.0,13.1,0.4,43,0
2023-10-08 00:00:00,0.0,13.2,1.1,41,0
2023-10-08 01:00:00,0.0,12.5,1.8,42,0
2023-10-08 02:00:00,0.0,11.7,2.9,42,0
2023-10-08 03:00:00,0.0,10.5,4.0,45,0
2023-10-08 04:00:00,0.0,9.8,4.0,45,0
2023-10-08 05:00:00,0.0,9.6,4.3,48,0
2023-10-08 06:00:00,0.0,9.4,4.0,49,0
2023-10-08 07:00:00,0.0,9.2,3.3,51,0
2023-10-08 08:00:00,0.0,10.0,3.4,57,5
2023-10-08 09:00:00,0.0,13.6,3.4,44,4
2023-10-08 10:00:00,0.0,17.3,3.1,37,5
2023-10-08 11:00:00,0.0,20.3,3.5,32,0
2023-10-08 12:00:00,0.0,22.9,4.5,28,0
2023-10-08 13:00:00,0.0,25.0,5.0,26,0
2023-10-08 14:00:00,0.0,26.4,4.2,24,0
2023-10-08 15:00:00,0.0,27.2,3.1,22,0
2023-10-08 16:00:00,0.0,27.1,1.6,22,0
2023-10-08 17:00:00,0.0,26.1,2.9,20,0
2023-10-08 18:00:00,0.0,23.6,6.8,25,0
2023-10-08 19:00:00,0.0,19.7,6.6,37,0
2023-10-08 20:00:00,0.0,17.7,6.2,44,0
2023-10-08 21:00:00,0.0,16.5,6.0,47,0
2023-10-08 22:00:00,0.0,16.0,6.7,47,0
2023-10-08 23:00:00,0.0,12.2,10.3,63,0
2023-10-09 00:00:00,0.0,10.7,10.1,67,0
2023-10-09 01:00:00,0.0,9.7,9.0,72,0
2023-10-09 02:00:00,0.0,8.5,7.9,75,0
2023-10-09 03:00:00,0.0,7.6,6.6,80,0
2023-10-09 04:00:00,0.0,7.0,6.0,82,0
2023-10-09 05:00:00,0.0,6.6,6.0,84,0
2023-10-09 06:00:00,0.0,6.2,6.5,85,0
2023-10-09 07:00:00,0.0,5.8,6.6,86,0
2023-10-09 08:00:00,0.0,8.9,6.5,76,0
2023-10-09 09:00:00,0.0,13.4,5.4,60,0
2023-10-09 10:00:00,0.0,18.0,3.6,44,0
2023-10-09 11:00:00,0.0,21.9,3.4,33,0
2023-10-09 12:00:00,0.0,24.9,2.5,24,0
2023-10-09 13:00:00,0.0,26.6,2.3,20,0
2023-10-09 14:00:00,0.0,27.5,2.9,18,0
2023-10-09 15:00:00,0.0,27.8,3.8,17,0
2023-10-09 16:00:00,0.0,27.3,5.2,19,0
2023-10-09 17:00:00,0.0,26.1,5.1,17,0
2023-10-09 18:00:00,0.0,19.8,7.7,35,0
2023-10-09 19:00:00,0.0,15.1,8.6,49,0
2023-10-09 20:00:00,0.0,14.7,8.2,50,0
2023-10-09 21:00:00,0.0,15.7,6.1,47,0
2023-10-09 22:00:00,0.0,15.1,5.8,47,0
2023-10-09 23:00:00,0.0,13.2,3.9,54,0
2023-10-10 00:00:00,0.0,12.0,4.3,58,0
2023-10-10 01:00:00,0.0,11.0,3.9,62,3
2023-10-10 02:00:00,0.0,10.3,3.7,64,1
2023-10-10 03:00:00,0.0,10.0,4.2,66,0
2023-10-10 04:00:00,0.0,9.4,4.1,68,1
2023-10-10 05:00:00,0.0,8.6,4.0,72,0
2023-10-10 06:00:00,0.0,8.0,4.8,74,0
2023-10-10 07:00:00,0.0,7.9,5.0,75,0
2023-10-10 08:00:00,0.0,9.0,4.3,74,0
2023-10-10 09:00:00,0.0,12.8,3.6,62,12
2023-10-10 10:00:00,0.0,16.7,2.9,49,22
2023-10-10 11:00:00,0.0,20.6,4.2,39,6
2023-10-10 12:00:00,0.0,23.3,3.9,31,3
2023-10-10 13:00:00,0.0,25.2,2.5,24,0
2023-10-10 14:00:00,0.0,26.4,2.0,21,0
2023-10-10 15:00:00,0.0,26.9,2.9,19,0
2023-10-10 16:00:00,0.0,26.6,4.0,19,0
2023-10-10 17:00:00,0.0,25.3,4.6,18,0
2023-10-10 18:00:00,0.0,19.9,7.4,33,0
2023-10-10 19:00:00,0.0,16.6,8.1,42,0
2023-10-10 20:00:00,0.0,15.4,6.4,48,0
2023-10-10 21:00:00,0.0,15.7,4.8,48,0
2023-10-10 22:00:00,0.0,15.0,4.0,49,0
2023-10-10 23:00:00,0.0,13.2,5.3,53,0
2023-10-11 00:00:00,0.0,10.3,6.4,65,0
2023-10-11 01:00:00,0.0,8.4,6.0,73,0
2023-10-11 02:00:00,0.0,7.4,6.2,78,0
2023-10-11 03:00:00,0.0,6.4,6.0,83,0
2023-10-11 04:00:00,0.0,5.6,6.4,86,0
2023-10-11 05:00:00,0.0,5.1,6.3,88,0
2023-10-11 06:00:00,0.0,4.9,6.3,88,0
2023-10-11 07:00:00,0.0,4.8,6.6,88,0
2023-10-11 08:00:00,0.0,7.6,6.6,80,0
2023-10-11 09:00:00,0.0,12.1,4.7,64,0
2023-10-11 10:00:00,0.0,16.9,3.3,48,0
2023-10-11 11:00:00,0.0,21.1,4.7,36,0
2023-10-11 12:00:00,0.0,23.5,6.4,31,0
2023-10-11 13:00:00,0.0,25.1,8.6,28,0
2023-10-11 14:00:00,0.0,26.1,10.2,25,0
2023-10-11 15:00:00,0.0,26.4,10.8,24,0
2023-10-11 16:00:00,0.0,26.0,10.2,25,0
2023-10-11 17:00:00,0.0,24.7,7.0,25,0
2023-10-11 18:00:00,0.0,21.0,7.2,36,0
2023-10-11 19:00:00,0.0,19.1,5.6,40,0
2023-10-11 20:00:00,0.0,17.3,4.6,47,0
2023-10-11 21:00:00,0.0,13.3,5.8,62,0
2023-10-11 22:00:00,0.0,11.2,6.5,72,0
2023-10-11 23:00:00,0.0,10.2,7.1,75,0
2023-10-12 00:00:00,0.0,9.6,5.9,78,0
2023-10-12 01:00:00,0.0,8.7,5.4,80,0
2023-10-12 02:00:00,0.0,7.9,5.6,83,0
2023-10-12 03:00:00,0.0,7.2,5.6,86,0
2023-10-12 04:00:00,0.0,6.8,5.5,87,0
2023-10-12 05:00:00,0.0,6.5,6.2,88,10
2023-10-12 06:00:00,0.0,6.0,5.6,89,35
2023-10-12 07:00:00,0.0,5.5,6.0,91,54
2023-10-12 08:00:00,0.0,8.0,8.0,83,11
2023-10-12 09:00:00,0.0,13.0,7.2,64,47
2023-10-12 10:00:00,0.0,17.9,5.8,48,21
2023-10-12 11:00:00,0.0,21.4,5.6,38,1
2023-10-12 12:00:00,0.0,23.5,6.4,32,39
2023-10-12 13:00:00,0.0,24.5,8.0,27,94
2023-10-12 14:00:00,0.0,25.2,7.2,24,100
2023-10-12 15:00:00,0.0,25.3,5.8,23,97
2023-10-12 16:00:00,0.0,24.8,6.0,24,94
2023-10-12 17:00:00,0.0,23.6,5.4,27,97
2023-10-12 18:00:00,0.0,19.1,8.1,41,97
2023-10-12 19:00:00,0.0,16.3,7.3,50,96
2023-10-12 20:00:00,0.0,14.7,5.1,56,90
2023-10-12 21:00:00,0.0,12.5,4.4,65,98
2023-10-12 22:00:00,0.0,10.8,5.0,73,95
2023-10-12 23:00:00,0.0,10.1,7.5,71,95
2023-10-13 00:00:00,0.0,9.8,7.6,72,99
2023-10-13 01:00:00,0.0,9.6,7.2,74,100
2023-10-13 02:00:00,0.0,9.3,7.6,76,100
2023-10-13 03:00:00,0.0,8.8,7.9,78,100
2023-10-13 04:00:00,0.0,8.5,7.9,81,94
2023-10-13 05:00:00,0.0,8.1,8.3,82,82
2023-10-13 06:00:00,0.0,8.1,9.0,84,30
2023-10-13 07:00:00,0.0,8.3,9.4,87,6
2023-10-13 08:00:00,0.0,10.1,10.9,82,4
2023-10-13 09:00:00,0.0,13.8,12.0,69,4
2023-10-13 10:00:00,0.0,17.5,13.0,52,1
2023-10-13 11:00:00,0.0,20.9,13.7,37,1
2023-10-13 12:00:00,0.0,22.8,16.4,34,1
2023-10-13 13:00:00,0.0,23.6,18.3,35,0
2023-10-13 14:00:00,0.0,23.9,18.4,37,7
2023-10-13 15:00:00,0.0,24.0,18.7,37,1
2023-10-13 16:00:00,0.0,23.1,18.3,40,5
2023-10-13 17:00:00,0.0,21.6,15.6,46,8
2023-10-13 18:00:00,0.0,19.6,13.1,55,25
2023-10-13 19:00:00,0.0,18.2,12.6,61,33
2023-10-13 20:00:00,0.3,17.3,12.3,66,49
2023-10-13 21:00:00,0.0,16.8,11.9,69,86
2023-10-13 22:00:00,0.0,16.5,11.3,70,91
2023-10-13 23:00:00,0.0,15.9,12.4,75,94
2023-10-14 00:00:00,0.0,15.5,12.5,76,94
2023-10-14 01:00:00,0.0,15.4,12.0,77,92
2023-10-14 02:00:00,0.0,15.3,11.2,77,99
2023-10-14 03:00:00,0.0,15.1,9.7,77,98
2023-10-14 04:00:00,0.0,14.7,8.9,77,76
2023-10-14 05:00:00,0.0,14.4,8.4,77,69
2023-10-14 06:00:00,0.1,14.1,8.4,78,83
2023-10-14 07:00:00,0.3,13.1,7.9,81,98
2023-10-14 08:00:00,0.0,13.3,7.6,80,97
2023-10-14 09:00:00,0.0,13.8,12.6,77,69
2023-10-14 10:00:00,0.0,14.8,12.3,70,52
2023-10-14 11:00:00,0.0,15.2,13.7,74,45
2023-10-14 12:00:00,0.0,16.6,14.4,65,36
2023-10-14 13:00:00,0.0,16.9,14.5,62,30
2023-10-14 14:00:00,0.0,16.8,15.0,60,23
2023-10-14 15:00:00,0.0,16.3,14.8,59,21
2023-10-14 16:00:00,0.0,16.0,13.9,59,29
2023-10-14 17:00:00,0.0,14.6,13.4,62,26
2023-10-14 18:00:00,0.0,12.8,12.0,70,38
2023-10-14 19:00:00,0.0,11.3,10.9,77,53
2023-10-14 20:00:00,0.0,10.0,11.0,83,68
2023-10-14 21:00:00,0.0,8.9,11.2,88,71
2023-10-14 22:00:00,0.0,8.3,10.5,88,100
2023-10-14 23:00:00,0.0,7.5,7.6,86,100
2023-10-15 00:00:00,0.1,6.9,8.7,84,100
2023-10-15 01:00:00,0.0,6.3,8.7,84,100
2023-10-15 02:00:00,0.0,5.6,8.7,83,96
2023-10-15 03:00:00,0.0,5.4,9.4,82,98
2023-10-15 04:00:00,0.0,5.1,9.7,80,100
2023-10-15 05:00:00,0.0,4.9,9.7,81,100
2023-10-15 06:00:00,0.0,4.5,9.5,81,100
2023-10-15 07:00:00,0.0,4.0,8.7,85,100
2023-10-15 08:00:00,0.0,4.8,10.8,87,97
2023-10-15 09:00:00,0.0,6.8,11.7,78,100
2023-10-15 10:00:00,0.0,8.4,12.2,67,99
2023-10-15 11:00:00,0.0,9.0,9.5,66,99
2023-10-15 12:00:00,0.0,9.5,9.8,59,100
2023-10-15 13:00:00,0.0,10.1,11.1,55,100
2023-10-15 14:00:00,0.0,10.8,12.2,52,100
2023-10-15 15:00:00,0.0,11.0,12.8,49,100
2023-10-15 16:00:00,0.0,10.6,13.0,50,100
2023-10-15 17:00:00,0.0,9.6,13.0,53,100
2023-10-15 18:00:00,0.0,8.1,12.7,58,100
2023-10-15 19:00:00,0.0,6.9,11.9,63,100
2023-10-15 20:00:00,0.0,6.0,11.8,68,100
2023-10-15 21:00:00,0.0,5.4,11.0,70,100
2023-10-15 22:00:00,0.0,4.4,9.5,75,99
2023-10-15 23:00:00,0.0,3.6,4.4,78,100
2023-10-16 00:00:00,0.0,4.0,4.5,77,100
2023-10-16 01:00:00,0.0,3.6,3.4,79,100
2023-10-16 02:00:00,0.0,3.2,3.5,81,100
2023-10-16 03:00:00,0.0,2.7,4.3,82,100
2023-10-16 04:00:00,0.0,2.1,4.6,85,100
2023-10-16 05:00:00,0.0,1.3,5.0,90,100
2023-10-16 06:00:00,0.0,1.1,5.0,91,100
2023-10-16 07:00:00,0.0,1.0,5.3,91,100
2023-10-16 08:00:00,0.0,1.5,4.7,90,100
2023-10-16 09:00:00,0.0,3.7,4.5,78,100
2023-10-16 10:00:00,0.0,6.3,6.1,66,99
2023-10-16 11:00:00,0.0,9.5,7.9,58,99
2023-10-16 12:00:00,0.0,12.8,9.9,54,94
2023-10-16 13:00:00,0.0,15.1,12.3,50,95
2023-10-16 14:00:00,0.0,16.4,14.1,45,89
2023-10-16 15:00:00,0.0,16.9,14.3,42,40
2023-10-16 16:00:00,0.0,16.4,13.4,43,23
2023-10-16 17:00:00,0.0,15.5,12.0,43,31
2023-10-16 18:00:00,0.0,13.5,10.5,53,9
2023-10-16 19:00:00,0.0,11.2,11.1,64,4
2023-10-16 20:00:00,0.0,10.0,10.9,70,3
2023-10-16 21:00:00,0.0,9.4,9.8,77,8
2023-10-16 22:00:00,0.0,8.7,9.9,82,14
2023-10-16 23:00:00,0.0,8.2,10.5,88,66
2023-10-17 00:00:00,0.0,7.9,9.4,89,84
2023-10-17 01:00:00,0.0,7.6,9.2,91,84
2023-10-17 02:00:00,0.0,7.3,8.3,91,85
2023-10-17 03:00:00,0.0,7.0,8.6,92,94
2023-10-17 04:00:00,0.0,7.0,9.2,92,98
2023-10-17 05:00:00,0.0,7.1,9.6,92,97
2023-10-17 06:00:00,0.0,7.1,9.9,92,93
2023-10-17 07:00:00,0.0,7.1,10.6,92,91
2023-10-17 08:00:00,0.0,8.1,11.3,92,89
2023-10-17 09:00:00,0.0,10.5,11.9,82,88
2023-10-17 10:00:00,0.0,13.0,14.0,72,72
2023-10-17 11:00:00,0.0,16.6,13.9,60,44
2023-10-17 12:00:00,0.0,18.0,14.3,55,96
2023-10-17 13:00:00,0.0,18.9,14.9,54,99
2023-10-17 14:00:00,0.0,18.8,14.9,55,99
2023-10-17 15:00:00,0.0,18.2,15.1,59,96
2023-10-17 16:00:00,0.0,16.9,15.9,64,98
2023-10-17 17:00:00,0.0,15.6,15.9,68,100
2023-10-17 18:00:00,0.0,14.1,14.9,75,100
2023-10-17 19:00:00,0.0,13.0,13.9,80,99
2023-10-17 20:00:00,0.0,12.7,14.0,81,95
2023-10-17 21:00:00,0.0,12.5,14.6,82,81
2023-10-17 22:00:00,0.0,12.4,16.0,83,79
2023-10-17 23:00:00,0.0,12.2,17.8,84,90
2023-10-18 00:00:00,0.0,12.5,18.6,83,68
2023-10-18 01:00:00,0.0,12.8,19.0,82,32
2023-10-18 02:00:00,0.0,13.0,19.1,82,25
2023-10-18 03:00:00,0.0,13.2,19.3,82,46
2023-10-18 04:00:00,0.0,13.6,20.1,81,34
2023-10-18 05:00:00,0.0,13.8,20.1,81,52
2023-10-18 06:00:00,0.0,14.2,20.8,80,52
2023-10-18 07:00:00,0.0,14.4,21.3,80,58
2023-10-18 08:00:00,0.0,15.0,22.0,78,63
2023-10-18 09:00:00,0.0,15.8,20.3,74,60
2023-10-18 10:00:00,0.0,16.4,23.5,71,69
2023-10-18 11:00:00,0.0,16.6,19.8,71,94
2023-10-18 12:00:00,0.0,16.9,22.5,72,93
2023-10-18 13:00:00,0.1,17.2,23.8,72,99
2023-10-18 14:00:00,1.0,16.9,18.0,78,100
2023-10-18 15:00:00,1.9,16.2,15.1,85,100
2023-10-18 16:00:00,2.6,15.6,14.1,88,100
2023-10-18 17:00:00,2.2,15.6,13.1,89,100
2023-10-18 18:00:00,2.1,15.0,10.2,90,100
2023-10-18 19:00:00,1.8,14.4,8.0,89,99
2023-10-18 20:00:00,0.2,14.1,7.6,87,89
2023-10-18 21:00:00,0.0,13.3,7.6,90,74
2023-10-18 22:00:00,0.0,12.4,7.6,93,63
2023-10-18 23:00:00,0.0,12.1,7.7,96,30
2023-10-19 00:00:00,0.0,11.6,8.8,97,38
2023-10-19 01:00:00,0.0,11.4,7.6,97,45
2023-10-19 02:00:00,0.0,11.4,8.8,97,86
2023-10-19 03:00:00,0.0,11.0,10.0,98,95
2023-10-19 04:00:00,0.3,11.0,9.8,97,71
2023-10-19 05:00:00,0.0,11.3,10.0,97,48
2023-10-19 06:00:00,0.0,11.8,9.4,95,46
2023-10-19 07:00:00,0.0,11.9,8.7,95,54
2023-10-19 08:00:00,0.1,12.5,10.0,95,59
2023-10-19 09:00:00,0.0,13.3,10.7,93,86
2023-10-19 10:00:00,0.0,14.3,12.4,88,100
2023-10-19 11:00:00,0.1,16.1,15.6,81,100
2023-10-19 12:00:00,0.1,16.3,13.9,81,96
2023-10-19 13:00:00,0.4,16.0,15.6,80,98
2023-10-19 14:00:00,1.5,15.9,15.1,82,95
2023-10-19 15:00:00,0.3,15.8,11.5,84,100
2023-10-19 16:00:00,0.1,15.9,12.0,83,99
2023-10-19 17:00:00,0.1,15.3,12.0,83,98
2023-10-19 18:00:00,0.0,14.6,12.7,84,100
2023-10-19 19:00:00,0.0,14.3,12.7,80,100
2023-10-19 20:00:00,0.2,14.5,14.3,78,100
2023-10-19 21:00:00,1.0,14.3,17.0,83,100
2023-10-19 22:00:00,1.7,14.0,19.4,86,100
2023-10-19 23:00:00,2.2,14.5,21.1,87,100
2023-10-20 00:00:00,1.3,14.3,15.0,88,100
2023-10-20 01:00:00,1.1,13.9,10.6,89,100
2023-10-20 02:00:00,1.3,13.4,10.0,91,100
2023-10-20 03:00:00,2.1,13.0,13.8,93,100
2023-10-20 04:00:00,3.2,12.4,13.2,93,100
2023-10-20 05:00:00,1.8,11.2,11.2,93,100
2023-10-20 06:00:00,1.2,10.2,8.5,92,100
2023-10-20 07:00:00,0.8,9.6,6.4,91,90
2023-10-20 08:00:00,0.0,9.8,6.9,89,100
2023-10-20 09:00:00,0.0,10.2,7.3,89,100
2023-10-20 10:00:00,0.0,10.9,11.4,88,40
2023-10-20 11:00:00,0.1,13.1,16.6,68,53
2023-10-20 12:00:00,0.1,13.8,20.5,63,83
2023-10-20 13:00:00,0.5,13.2,22.6,68,92
2023-10-20 14:00:00,1.3,12.1,23.1,76,98
2023-10-20 15:00:00,0.8,11.8,27.5,80,96
2023-10-20 16:00:00,0.2,11.9,23.5,81,95
2023-10-20 17:00:00,0.2,11.8,24.0,84,98
2023-10-20 18:00:00,0.1,12.1,24.2,81,96
2023-10-20 19:00:00,0.1,12.1,21.6,80,84
2023-10-20 20:00:00,0.3,11.7,19.3,80,87
2023-10-20 21:00:00,0.1,11.6,15.9,80,90
2023-10-20 22:00:00,0.1,11.4,17.1,81,87
2023-10-20 23:00:00,0.1,10.7,18.5,83,91
2023-10-21 00:00:00,0.1,10.1,17.4,85,76
2023-10-21 01:00:00,0.1,9.8,16.1,84,85
2023-10-21 02:00:00,0.0,9.5,15.3,83,97
2023-10-21 03:00:00,0.0,9.2,13.8,82,88
2023-10-21 04:00:00,0.0,9.0,13.3,81,77
2023-10-21 05:00:00,0.0,8.6,12.7,82,95
2023-10-21 06:00:00,0.0,8.5,11.7,82,76
2023-10-21 07:00:00,0.0,8.0,12.0,81,63
2023-10-21 08:00:00,0.0,7.9,12.5,80,50
2023-10-21 09:00:00,0.0,8.8,16.3,75,35
2023-10-21 10:00:00,0.0,10.3,17.6,66,29
2023-10-21 11:00:00,0.0,11.1,19.2,58,32
2023-10-21 12:00:00,0.0,11.9,20.9,53,61
2023-10-21 13:00:00,0.0,12.5,21.3,50,82
2023-10-21 14:00:00,0.0,12.0,21.5,53,69
2023-10-21 15:00:00,0.0,12.1,20.9,55,76
2023-10-21 16:00:00,0.0,11.7,16.9,58,78
2023-10-21 17:00:00,0.0,11.0,17.3,58,61
2023-10-21 18:00:00,0.0,9.7,16.6,68,64
2023-10-21 19:00:00,0.0,8.9,14.8,74,54
2023-10-21 20:00:00,0.0,8.7,13.5,79,59
2023-10-21 21:00:00,0.0,8.2,12.2,82,58
2023-10-21 22:00:00,0.0,7.5,10.2,85,45
2023-10-21 23:00:00,0.0,6.7,5.5,86,40
2023-10-22 00:00:00,0.0,6.4,6.3,87,56
2023-10-22 01:00:00,0.0,6.1,6.6,88,61
2023-10-22 02:00:00,0.0,6.2,6.5,88,57
2023-10-22 03:00:00,0.0,5.6,5.1,89,35
2023-10-22 04:00:00,0.0,5.2,5.1,90,26
2023-10-22 05:00:00,0.0,4.4,5.8,94,38
2023-10-22 06:00:00,0.0,3.7,5.1,95,17
2023-10-22 07:00:00,0.0,3.3,4.7,96,15
2023-10-22 08:00:00,0.0,4.3,6.4,95,37
2023-10-22 09:00:00,0.0,7.1,6.8,84,54
2023-10-22 10:00:00,0.0,8.8,7.7,76,42
2023-10-22 11:00:00,0.0,10.8,4.6,65,36
2023-10-22 12:00:00,0.0,12.0,5.3,60,63
2023-10-22 13:00:00,0.0,12.8,6.8,56,98
2023-10-22 14:00:00,0.0,13.2,7.1,51,100
2023-10-22 15:00:00,0.0,13.3,6.2,49,100
2023-10-22 16:00:00,0.0,13.2,3.3,48,98
2023-10-22 17:00:00,0.0,11.9,2.3,60,75
2023-10-22 18:00:00,0.0,9.5,6.2,70,75
2023-10-22 19:00:00,0.0,8.4,6.6,76,96
2023-10-22 20:00:00,0.0,7.1,6.6,81,77
2023-10-22 21:00:00,0.0,5.7,6.0,86,45
2023-10-22 22:00:00,0.0,5.3,6.5,88,100
2023-10-22 23:00:00,0.0,6.1,8.9,86,72
2023-10-23 00:00:00,0.0,6.0,8.4,87,100
2023-10-23 01:00:00,0.0,6.2,10.3,84,100
2023-10-23 02:00:00,0.0,6.7,12.2,81,100
2023-10-23 03:00:00,0.0,7.5,12.7,79,86
2023-10-23 04:00:00,0.0,8.0,13.5,81,100
2023-10-23 05:00:00,0.2,8.6,16.1,83,100
2023-10-23 06:00:00,0.7,9.0,18.9,88,100
2023-10-23 07:00:00,1.5,9.4,20.2,91,100
2023-10-23 08:00:00,0.1,9.7,21.7,90,85
2023-10-23 09:00:00,0.4,10.3,24.0,88,59
2023-10-23 10:00:00,0.0,11.7,24.1,82,28
2023-10-23 11:00:00,0.0,13.9,27.3,70,39
2023-10-23 12:00:00,0.0,15.5,28.9,63,41
2023-10-23 13:00:00,0.1,15.7,26.3,63,70
2023-10-23 14:00:00,0.6,15.2,23.8,69,78
2023-10-23 15:00:00,0.5,14.3,23.1,76,96
2023-10-23 16:00:00,3.4,13.4,14.4,86,99
2023-10-23 17:00:00,4.0,12.2,9.4,91,100
2023-10-23 18:00:00,2.5,11.3,5.2,92,97
2023-10-23 19:00:00,0.8,10.7,4.7,92,97
2023-10-23 20:00:00,0.2,10.2,3.4,94,94
2023-10-23 21:00:00,0.0,9.3,4.6,97,97
2023-10-23 22:00:00,0.0,8.6,4.9,98,97
2023-10-23 23:00:00,0.0,9.4,5.8,96,99
2023-10-24 00:00:00,0.0,9.1,7.4,96,99
2023-10-24 01:00:00,0.0,8.8,5.4,96,100
2023-10-24 02:00:00,0.1,8.8,7.0,96,100
2023-10-24 03:00:00,0.5,8.6,5.7,97,100
2023-10-24 04:00:00,0.9,8.2,5.8,98,100
2023-10-24 05:00:00,1.8,8.6,5.4,97,100
2023-10-24 06:00:00,1.8,8.7,4.0,96,100
2023-10-24 07:00:00,1.0,8.9,2.5,94,100
2023-10-24 08:00:00,0.3,9.0,3.3,93,100
2023-10-24 09:00:00,0.1,9.5,3.9,88,99
2023-10-24 10:00:00,0.1,10.0,7.2,84,91
2023-10-24 11:00:00,0.1,10.7,6.2,78,54
2023-10-24 12:00:00,0.1,11.4,6.5,73,49
2023-10-24 13:00:00,0.0,11.9,5.4,68,78
2023-10-24 14:00:00,0.0,12.3,3.8,64,76
2023-10-24 15:00:00,0.0,12.8,6.8,59,79
2023-10-24 16:00:00,0.0,12.3,8.9,57,65
2023-10-24 17:00:00,0.0,11.6,5.8,58,82
2023-10-24 18:00:00,0.0,9.1,5.6,71,91
2023-10-24 19:00:00,0.0,7.8,5.9,76,84
2023-10-24 20:00:00,0.0,7.8,5.8,77,66
2023-10-24 21:00:00,0.0,7.3,6.5,80,82
2023-10-24 22:00:00,0.0,8.0,8.6,78,86
2023-10-24 23:00:00,0.0,8.3,13.3,72,99
2023-10-25 00:00:00,0.0,8.3,13.2,73,92
2023-10-25 01:00:00,0.0,8.5,12.9,74,96
2023-10-25 02:00:00,0.3,8.7,12.8,75,86
2023-10-25 03:00:00,0.2,8.5,13.1,80,96
2023-10-25 04:00:00,0.2,8.3,13.5,82,96
2023-10-25 05:00:00,0.0,8.9,13.9,79,97
2023-10-25 06:00:00,0.0,9.4,14.8,78,89
2023-10-25 07:00:00,0.0,9.7,15.3,78,74
2023-10-25 08:00:00,0.0,9.8,16.0,80,60
2023-10-25 09:00:00,0.0,10.4,16.6,81,92
2023-10-25 10:00:00,0.0,11.1,17.1,79,96
2023-10-25 11:00:00,0.0,11.6,19.6,77,100
2023-10-25 12:00:00,0.1,12.1,19.8,76,100
2023-10-25 13:00:00,0.0,12.5,26.6,76,100
2023-10-25 14:00:00,0.1,13.1,23.0,75,100
2023-10-25 15:00:00,0.4,12.7,20.6,78,100
2023-10-25 16:00:00,0.8,11.6,15.4,84,100
2023-10-25 17:00:00,0.9,11.0,13.6,88,100
2023-10-25 18:00:00,1.2,10.6,12.2,90,99
2023-10-25 19:00:00,0.7,10.4,11.6,91,97
2023-10-25 20:00:00,0.2,10.5,8.9,91,98
2023-10-25 21:00:00,0.6,10.7,6.8,91,100
2023-10-25 22:00:00,1.0,10.8,12.1,92,100
2023-10-25 23:00:00,0.3,10.6,12.6,90,100
2023-10-26 00:00:00,0.1,10.6,12.5,90,100
2023-10-26 01:00:00,0.0,11.2,12.0,88,100
2023-10-26 02:00:00,0.0,11.6,12.7,87,100
2023-10-26 03:00:00,0.0,11.9,12.2,87,100
2023-10-26 04:00:00,0.0,11.9,12.5,87,100
2023-10-26 05:00:00,0.0,12.0,12.6,87,100
2023-10-26 06:00:00,0.1,12.1,13.3,87,100
2023-10-26 07:00:00,0.4,11.9,13.8,87,100
2023-10-26 08:00:00,0.3,11.5,11.2,87,100
2023-10-26 09:00:00,0.2,11.7,10.2,89,100
2023-10-26 10:00:00,0.2,11.6,8.1,91,100
2023-10-26 11:00:00,0.4,11.5,6.3,85,100
2023-10-26 12:00:00,0.7,11.4,4.3,87,100
2023-10-26 13:00:00,1.0,11.5,5.0,86,99
2023-10-26 14:00:00,1.4,11.2,7.9,89,99
2023-10-26 15:00:00,1.5,11.0,7.5,91,100
2023-10-26 16:00:00,1.4,10.8,4.1,92,100
2023-10-26 17:00:00,1.2,10.4,3.3,93,100
2023-10-26 18:00:00,1.1,9.8,3.3,95,100
2023-10-26 19:00:00,0.9,9.7,3.8,96,100
2023-10-26 20:00:00,0.6,9.7,5.1,96,99
2023-10-26 21:00:00,0.8,9.6,9.8,97,100
2023-10-26 22:00:00,0.7,9.4,14.3,92,100
2023-10-26 23:00:00,0.7,9.1,10.3,88,64
2023-10-27 00:00:00,0.6,9.0,9.8,87,87
2023-10-27 01:00:00,0.2,9.2,12.6,86,91
2023-10-27 02:00:00,0.0,8.6,12.6,87,95
2023-10-27 03:00:00,0.0,8.2,13.1,86,72
2023-10-27 04:00:00,0.0,8.1,11.0,85,50
2023-10-27 05:00:00,0.0,8.3,9.0,83,53
2023-10-27 06:00:00,0.0,8.1,7.2,84,86
2023-10-27 07:00:00,0.0,7.9,8.1,86,89
2023-10-27 08:00:00,0.0,8.0,9.0,86,82
2023-10-27 09:00:00,0.0,9.0,10.8,81,71
2023-10-27 10:00:00,0.0,10.4,15.8,74,83
2023-10-27 11:00:00,0.0,11.4,12.3,65,98
2023-10-27 12:00:00,0.0,11.6,18.0,62,97
2023-10-27 13:00:00,0.0,11.8,19.1,62,100
2023-10-27 14:00:00,0.0,11.4,18.1,63,100
2023-10-27 15:00:00,0.1,11.1,18.3,66,100
2023-10-27 16:00:00,0.9,9.9,16.9,77,100
2023-10-27 17:00:00,1.7,8.6,16.9,80,29
2023-10-27 18:00:00,0.3,8.0,15.6,80,62
2023-10-27 19:00:00,0.0,7.6,14.8,81,47
2023-10-27 20:00:00,0.0,7.4,13.4,78,14
2023-10-27 21:00:00,0.0,7.1,11.8,79,21
2023-10-27 22:00:00,0.0,6.8,11.2,81,23
2023-10-27 23:00:00,0.0,7.8,13.0,77,45
2023-10-28 00:00:00,0.0,7.5,14.0,79,48
2023-10-28 01:00:00,0.0,7.5,13.5,80,40
2023-10-28 02:00:00,0.0,7.8,11.8,80,58
2023-10-28 03:00:00,0.0,7.6,9.8,80,76
2023-10-28 04:00:00,0.0,7.4,9.8,81,98
2023-10-28 05:00:00,0.0,7.4,10.8,82,100
2023-10-28 06:00:00,0.0,7.2,11.7,84,98
2023-10-28 07:00:00,0.0,6.7,11.7,87,97
2023-10-28 08:00:00,0.1,6.8,12.7,88,72
2023-10-28 09:00:00,0.0,7.8,14.4,84,76
2023-10-28 10:00:00,0.0,8.9,14.8,80,39
2023-10-28 11:00:00,0.0,12.0,21.3,62,82
2023-10-28 12:00:00,0.0,13.8,25.1,52,99
2023-10-28 13:00:00,0.0,14.5,21.6,53,100
2023-10-28 14:00:00,0.0,14.3,19.8,54,100
2023-10-28 15:00:00,0.0,14.4,20.1,55,100
2023-10-28 16:00:00,0.0,14.2,15.0,54,100
2023-10-28 17:00:00,0.0,13.4,13.3,56,99
2023-10-28 18:00:00,0.0,12.3,13.2,61,100
2023-10-28 19:00:00,0.0,11.6,15.6,65,100
2023-10-28 20:00:00,0.0,10.9,16.7,69,100
2023-10-28 21:00:00,0.0,10.8,18.3,67,100
2023-10-28 22:00:00,0.0,10.7,19.0,64,100
2023-10-28 23:00:00,0.0,10.5,18.9,67,100
2023-10-29 00:00:00,0.0,10.7,19.1,67,100
2023-10-29 01:00:00,0.0,10.8,18.2,67,99
2023-10-29 02:00:00,0.0,11.0,18.5,68,65
2023-10-29 03:00:00,0.0,11.5,18.4,69,55
2023-10-29 04:00:00,0.0,11.8,17.8,70,90
2023-10-29 05:00:00,0.0,11.9,16.7,71,100
2023-10-29 06:00:00,0.0,12.2,17.3,72,100
2023-10-29 07:00:00,0.3,12.3,18.6,71,100
2023-10-29 08:00:00,0.1,12.3,18.3,71,99
2023-10-29 09:00:00,0.0,12.7,19.6,70,89
2023-10-29 10:00:00,0.0,13.3,18.4,68,84
2023-10-29 11:00:00,0.0,15.8,18.0,60,50
2023-10-29 12:00:00,0.0,16.8,21.3,54,63
2023-10-29 13:00:00,0.0,17.2,22.9,48,97
2023-10-29 14:00:00,0.0,17.1,19.3,47,96
2023-10-29 15:00:00,0.0,17.1,20.3,48,100
2023-10-29 16:00:00,0.0,16.6,16.6,51,98
2023-10-29 17:00:00,0.2,15.4,16.5,57,85
2023-10-29 18:00:00,0.5,13.6,16.5,68,88
2023-10-29 19:00:00,1.1,12.6,14.8,76,92
2023-10-29 20:00:00,0.1,12.2,13.4,79,99
2023-10-29 21:00:00,0.0,12.1,14.0,80,93
2023-10-29 22:00:00,0.0,11.7,14.8,82,94
2023-10-29 23:00:00,0.0,13.2,17.3,77,96
2023-10-30 00:00:00,0.0,13.3,13.8,76,63
2023-10-30 01:00:00,0.0,13.2,15.2,77,72
2023-10-30 02:00:00,0.0,12.6,14.4,78,97
2023-10-30 03:00:00,0.0,12.2,14.4,80,97
2023-10-30 04:00:00,0.0,11.9,15.7,80,97
2023-10-30 05:00:00,0.0,11.7,15.6,81,96
2023-10-30 06:00:00,0.5,11.3,16.0,83,98
2023-10-30 07:00:00,0.0,11.4,17.2,84,74
2023-10-30 08:00:00,0.0,11.5,19.1,85,65
2023-10-30 09:00:00,0.0,12.5,18.3,82,83
2023-10-30 10:00:00,0.0,13.2,17.5,80,93
2023-10-30 11:00:00,0.1,14.0,16.0,76,100
2023-10-30 12:00:00,0.1,14.1,17.0,74,100
2023-10-30 13:00:00,0.4,13.3,16.7,75,99
2023-10-30 14:00:00,1.4,11.5,15.4,84,100
2023-10-30 15:00:00,1.6,10.2,12.1,89,100
2023-10-30 16:00:00,1.0,9.1,11.6,89,100
2023-10-30 17:00:00,0.4,8.6,7.2,88,100
2023-10-30 18:00:00,0.0,7.8,5.4,86,100
2023-10-30 19:00:00,0.0,7.4,5.4,86,100
2023-10-30 20:00:00,0.0,7.1,5.2,86,100
2023-10-30 21:00:00,0.0,7.2,5.0,84,100
2023-10-30 22:00:00,0.0,6.7,4.9,88,100
2023-10-30 23:00:00,0.0,6.9,6.0,91,100
2023-10-31 00:00:00,0.0,6.8,7.9,90,97
2023-10-31 01:00:00,0.0,6.8,7.4,88,71
2023-10-31 02:00:00,0.0,6.5,6.0,88,54
2023-10-31 03:00:00,0.0,6.3,5.5,88,88
2023-10-31 04:00:00,0.0,6.4,7.5,88,96
2023-10-31 05:00:00,0.0,6.6,8.9,89,99
2023-10-31 06:00:00,0.0,7.0,11.2,87,100
2023-10-31 07:00:00,0.0,7.6,13.4,87,97
2023-10-31 08:00:00,0.1,7.7,15.8,87,84
2023-10-31 09:00:00,0.0,8.1,17.6,86,66
2023-10-31 10:00:00,0.0,8.3,21.0,85,64
2023-10-31 11:00:00,0.1,9.7,23.5,75,45
2023-10-31 12:00:00,0.1,10.9,19.7,68,41
2023-10-31 13:00:00,0.0,11.4,18.1,66,43
2023-10-31 14:00:00,0.1,12.0,15.1,62,33
2023-10-31 15:00:00,0.0,12.0,12.0,62,34
2023-10-31 16:00:00,0.0,11.9,10.4,61,23
2023-10-31 17:00:00,0.0,11.2,7.4,63,24
2023-10-31 18:00:00,0.0,8.9,5.4,75,39
2023-10-31 19:00:00,0.0,7.3,6.5,83,45
2023-10-31 20:00:00,0.0,6.9,7.2,84,54
2023-10-31 21:00:00,0.0,6.6,7.2,86,36
2023-10-31 22:00:00,0.0,5.9,6.9,89,27
2023-10-31 23:00:00,0.0,6.1,6.6,89,22
2023-11-01 00:00:00,0.0,5.2,7.2,93,22
2023-11-01 01:00:00,0.0,4.5,6.5,95,35
2023-11-01 02:00:00,0.0,4.1,7.2,96,67
2023-11-01 03:00:00,0.0,3.8,8.0,96,80
2023-11-01 04:00:00,0.0,3.5,7.9,95,74
2023-11-01 05:00:00,0.0,3.6,8.0,94,93
2023-11-01 06:00:00,0.0,4.0,9.4,92,96
2023-11-01 07:00:00,0.0,5.0,11.0,87,93
2023-11-01 08:00:00,0.0,6.2,13.4,80,96
2023-11-01 09:00:00,0.0,7.7,16.2,76,100
2023-11-01 10:00:00,0.0,8.8,16.2,77,98
2023-11-01 11:00:00,0.0,10.2,17.9,74,100
2023-11-01 12:00:00,0.1,10.9,18.7,71,97
2023-11-01 13:00:00,0.8,9.4,17.4,79,93
2023-11-01 14:00:00,0.8,8.5,18.6,86,66
2023-11-01 15:00:00,0.0,9.0,14.5,82,27
2023-11-01 16:00:00,0.0,9.4,15.5,75,33
2023-11-01 17:00:00,0.0,8.7,13.1,74,45
2023-11-01 18:00:00,0.0,7.4,10.6,78,43
2023-11-01 19:00:00,0.0,6.9,10.4,82,93
2023-11-01 20:00:00,0.0,6.6,12.1,85,100
2023-11-01 21:00:00,0.0,6.9,15.4,84,100
2023-11-01 22:00:00,0.0,7.1,16.1,83,100
2023-11-01 23:00:00,0.0,7.8,21.3,67,99
2023-11-02 00:00:00,0.7,7.7,22.0,73,95
2023-11-02 01:00:00,0.9,7.9,23.4,77,95
2023-11-02 02:00:00,0.1,8.6,26.5,75,100
2023-11-02 03:00:00,0.0,9.0,27.2,72,100
2023-11-02 04:00:00,0.1,9.4,24.9,70,100
2023-11-02 05:00:00,1.4,9.1,23.1,77,100
2023-11-02 06:00:00,1.5,9.0,19.7,82,100
2023-11-02 07:00:00,2.5,9.3,17.9,84,100
2023-11-02 08:00:00,2.2,8.7,18.9,80,100
2023-11-02 09:00:00,1.1,7.5,19.1,80,100
2023-11-02 10:00:00,1.3,6.5,19.3,80,98
2023-11-02 11:00:00,0.1,6.1,15.7,81,47
2023-11-02 12:00:00,0.0,6.9,17.7,81,48
2023-11-02 13:00:00,0.0,8.4,23.0,74,69
2023-11-02 14:00:00,0.0,8.9,25.9,71,97
2023-11-02 15:00:00,0.0,8.6,21.5,68,99
2023-11-02 16:00:00,0.0,7.7,18.8,68,96
2023-11-02 17:00:00,0.0,6.9,16.9,71,100
2023-11-02 18:00:00,0.0,6.2,13.5,74,100
2023-11-02 19:00:00,0.0,5.4,13.6,77,100
2023-11-02 20:00:00,0.3,5.2,13.7,81,100
2023-11-02 21:00:00,0.4,5.0,11.0,83,100
2023-11-02 22:00:00,0.3,4.2,10.2,86,99
2023-11-02 23:00:00,0.2,3.6,9.6,89,100
2023-11-03 00:00:00,0.2,3.2,9.0,87,100
2023-11-03 01:00:00,0.1,2.8,11.4,89,97
2023-11-03 02:00:00,0.1,2.6,13.3,90,98
2023-11-03 03:00:00,0.0,2.5,14.3,90,92
2023-11-03 04:00:00,0.0,2.3,10.4,89,100
2023-11-03 05:00:00,0.0,2.6,6.0,90,100
2023-11-03 06:00:00,0.0,2.5,5.1,89,100
2023-11-03 07:00:00,0.0,2.3,7.6,89,99
2023-11-03 08:00:00,0.8,2.6,6.5,89,99
2023-11-03 09:00:00,1.0,2.8,7.6,87,92
2023-11-03 10:00:00,0.5,2.5,9.6,89,99
2023-11-03 11:00:00,0.2,3.6,10.8,84,100
2023-11-03 12:00:00,0.6,4.3,14.3,81,100
2023-11-03 13:00:00,0.9,4.8,16.1,81,98
2023-11-03 14:00:00,0.2,5.3,16.3,83,92
2023-11-03 15:00:00,1.0,4.9,19.5,84,93
2023-11-03 16:00:00,0.3,4.8,17.0,84,93
2023-11-03 17:00:00,0.3,4.3,10.8,87,64
2023-11-03 18:00:00,0.2,3.9,11.6,89,72
2023-11-03 19:00:00,0.2,4.1,12.2,88,97
2023-11-03 20:00:00,0.0,4.3,9.8,88,100
2023-11-03 21:00:00,0.0,4.5,9.2,88,96
2023-11-03 22:00:00,0.0,4.6,9.3,89,99
2023-11-03 23:00:00,0.0,4.4,14.5,88,56
2023-11-04 00:00:00,0.0,4.5,12.1,89,65
2023-11-04 01:00:00,0.0,4.4,8.0,91,80
2023-11-04 02:00:00,0.0,4.7,8.4,91,96
2023-11-04 03:00:00,0.0,4.9,11.0,89,99
2023-11-04 04:00:00,0.0,4.8,11.4,88,100
2023-11-04 05:00:00,0.0,4.9,12.0,87,100
2023-11-04 06:00:00,0.1,5.0,14.9,86,100
2023-11-04 07:00:00,0.2,4.9,18.4,87,100
2023-11-04 08:00:00,0.8,4.7,21.3,87,90
2023-11-04 09:00:00,0.6,5.3,22.0,86,98
2023-11-04 10:00:00,0.1,6.3,23.2,84,100
2023-11-04 11:00:00,0.1,7.8,24.1,82,99
2023-11-04 12:00:00,1.9,8.1,19.5,82,97
2023-11-04 13:00:00,0.6,7.9,19.1,83,99
2023-11-04 14:00:00,1.6,8.2,18.1,84,100
2023-11-04 15:00:00,1.3,8.3,18.4,84,97
2023-11-04 16:00:00,1.2,8.3,21.4,85,100
2023-11-04 17:00:00,1.6,7.7,19.5,89,94
2023-11-04 18:00:00,1.5,7.5,18.0,85,85
2023-11-04 19:00:00,0.5,7.2,17.9,84,90
2023-11-04 20:00:00,0.1,7.0,18.4,84,95
2023-11-04 21:00:00,0.1,7.1,16.8,82,87
2023-11-04 22:00:00,0.0,7.4,17.7,79,59
2023-11-04 23:00:00,0.0,7.3,24.9,79,91
2023-11-05 00:00:00,0.0,7.3,28.9,80,96
2023-11-05 01:00:00,0.1,7.4,31.4,81,92
2023-11-05 02:00:00,0.2,7.6,31.3,80,90
2023-11-05 03:00:00,0.3,7.1,30.2,81,88
2023-11-05 04:00:00,0.4,6.6,29.4,85,98
2023-11-05 05:00:00,0.3,6.7,28.2,85,98
2023-11-05 06:00:00,0.3,6.9,28.4,84,99
2023-11-05 07:00:00,0.3,6.9,29.5,84,95
2023-11-05 08:00:00,0.5,7.5,25.9,82,99
2023-11-05 09:00:00,0.3,7.9,25.4,80,92
2023-11-05 10:00:00,0.4,8.6,25.3,78,87
2023-11-05 11:00:00,0.2,8.1,23.4,81,74
2023-11-05 12:00:00,0.4,8.5,24.3,80,71
2023-11-05 13:00:00,0.3,8.5,23.4,76,57
2023-11-05 14:00:00,0.1,8.7,21.3,70,41
2023-11-05 15:00:00,0.0,9.2,18.8,65,44
2023-11-05 16:00:00,0.0,8.7,15.9,68,37
2023-11-05 17:00:00,0.0,8.0,15.5,71,21
2023-11-05 18:00:00,0.0,7.2,12.6,75,30
2023-11-05 19:00:00,0.0,6.6,10.6,78,58
2023-11-05 20:00:00,0.0,6.1,10.2,81,58
2023-11-05 21:00:00,0.0,6.0,9.7,83,60
2023-11-05 22:00:00,0.0,6.0,8.8,84,64
2023-11-05 23:00:00,0.0,5.9,7.3,81,43
2023-11-06 00:00:00,0.0,5.7,7.9,83,65
2023-11-06 01:00:00,0.0,5.8,9.4,85,71
2023-11-06 02:00:00,0.0,5.8,10.3,85,86
2023-11-06 03:00:00,0.0,5.8,11.0,85,91
2023-11-06 04:00:00,0.0,5.8,11.3,87,99
2023-11-06 05:00:00,0.0,6.2,12.2,86,99
2023-11-06 06:00:00,0.0,6.2,12.9,86,93
2023-11-06 07:00:00,0.0,6.2,12.2,86,98
2023-11-06 08:00:00,0.0,6.4,12.5,85,99
2023-11-06 09:00:00,0.0,6.9,13.2,82,92
2023-11-06 10:00:00,0.0,7.3,19.1,76,73
2023-11-06 11:00:00,0.0,7.3,15.1,78,26
2023-11-06 12:00:00,0.1,7.6,18.2,76,52
2023-11-06 13:00:00,0.0,8.1,20.0,71,49
2023-11-06 14:00:00,0.0,8.4,16.9,66,47
2023-11-06 15:00:00,0.0,8.1,15.5,65,45
2023-11-06 16:00:00,0.0,8.1,15.2,64,61
2023-11-06 17:00:00,0.0,7.4,13.3,67,35
2023-11-06 18:00:00,0.0,6.4,12.2,74,29
2023-11-06 19:00:00,0.0,5.8,11.7,79,72
2023-11-06 20:00:00,0.0,5.4,12.0,82,94
2023-11-06 21:00:00,0.0,4.9,11.8,83,64
2023-11-06 22:00:00,0.0,4.7,11.6,83,73
2023-11-06 23:00:00,0.0,4.7,10.1,81,51
2023-11-07 00:00:00,0.0,4.8,11.3,81,86
2023-11-07 01:00:00,0.0,4.6,13.0,83,98
2023-11-07 02:00:00,0.0,4.6,12.3,85,99
2023-11-07 03:00:00,0.0,4.5,11.3,86,98
2023-11-07 04:00:00,0.0,4.5,9.9,86,88
2023-11-07 05:00:00,0.0,4.5,8.2,86,97
2023-11-07 06:00:00,0.0,4.2,7.5,86,99
2023-11-07 07:00:00,0.0,4.2,6.2,86,99
2023-11-07 08:00:00,0.1,4.0,6.5,86,95
2023-11-07 09:00:00,0.0,4.7,6.6,84,84
2023-11-07 10:00:00,0.0,5.8,8.5,76,75
2023-11-07 11:00:00,0.1,6.7,7.6,70,39
2023-11-07 12:00:00,0.1,7.9,9.6,65,63
2023-11-07 13:00:00,0.0,8.8,11.0,58,98
2023-11-07 14:00:00,0.0,9.0,12.3,56,100
2023-11-07 15:00:00,0.0,8.8,10.7,55,98
2023-11-07 16:00:00,0.0,8.2,10.7,57,97
2023-11-07 17:00:00,0.0,7.0,7.4,63,99
2023-11-07 18:00:00,0.0,4.3,7.0,79,31
2023-11-07 19:00:00,0.0,3.0,5.5,84,17
2023-11-07 20:00:00,0.0,1.3,6.0,91,14
2023-11-07 21:00:00,0.0,0.8,6.6,94,14
2023-11-07 22:00:00,0.0,0.5,6.2,96,13
2023-11-07 23:00:00,0.0,0.6,6.2,95,29
2023-11-08 00:00:00,0.0,1.1,5.8,93,35
2023-11-08 01:00:00,0.0,1.5,5.1,92,24
2023-11-08 02:00:00,0.0,1.6,5.2,91,61
2023-11-08 03:00:00,0.0,1.7,5.8,91,88
2023-11-08 04:00:00,0.0,1.5,5.6,93,99
2023-11-08 05:00:00,0.0,2.0,5.8,90,96
2023-11-08 06:00:00,0.0,2.4,6.5,89,91
2023-11-08 07:00:00,0.0,2.4,6.9,89,98
2023-11-08 08:00:00,0.0,2.3,7.9,89,99
2023-11-08 09:00:00,0.0,3.8,9.3,86,89
2023-11-08 10:00:00,0.0,5.5,11.0,79,90
2023-11-08 11:00:00,0.0,6.7,11.7,72,99
2023-11-08 12:00:00,0.0,8.0,10.2,68,83
2023-11-08 13:00:00,0.0,8.8,10.3,62,80
2023-11-08 14:00:00,0.0,9.6,10.8,57,53
2023-11-08 15:00:00,0.0,9.7,10.5,56,12
2023-11-08 16:00:00,0.0,9.3,10.2,56,8
2023-11-08 17:00:00,0.0,7.8,9.2,62,68
2023-11-08 18:00:00,0.0,5.5,9.4,73,90
2023-11-08 19:00:00,0.0,4.7,10.8,76,87
2023-11-08 20:00:00,0.0,4.3,11.6,79,85
2023-11-08 21:00:00,0.0,3.9,11.9,80,88
2023-11-08 22:00:00,0.0,3.7,12.3,80,96
2023-11-08 23:00:00,0.0,4.1,14.1,79,97
2023-11-09 00:00:00,0.0,4.5,14.1,78,99
2023-11-09 01:00:00,0.0,5.3,13.8,76,99
2023-11-09 02:00:00,0.6,5.7,13.4,78,100
2023-11-09 03:00:00,0.9,5.9,14.1,81,99
2023-11-09 04:00:00,0.4,6.0,14.4,83,100
2023-11-09 05:00:00,0.2,6.1,14.4,86,100
2023-11-09 06:00:00,0.4,6.3,14.4,87,100
2023-11-09 07:00:00,1.0,6.5,14.8,87,100
2023-11-09 08:00:00,1.3,6.3,15.5,89,100
2023-11-09 09:00:00,1.4,5.8,16.0,91,100
2023-11-09 10:00:00,1.2,5.7,15.1,94,100
2023-11-09 11:00:00,0.6,5.7,11.4,92,100
2023-11-09 12:00:00,0.2,6.6,11.3,86,97
2023-11-09 13:00:00,0.0,7.6,15.3,80,96
2023-11-09 14:00:00,0.0,8.7,16.2,73,73
2023-11-09 15:00:00,0.0,9.1,15.8,71,68
2023-11-09 16:00:00,0.0,8.9,12.9,73,53
2023-11-09 17:00:00,0.0,8.4,13.0,75,71
2023-11-09 18:00:00,0.0,7.8,12.4,79,85
2023-11-09 19:00:00,0.0,7.3,11.7,82,99
2023-11-09 20:00:00,0.0,7.3,12.2,83,100
2023-11-09 21:00:00,0.0,7.4,13.0,82,100
2023-11-09 22:00:00,0.0,6.9,13.0,84,100
2023-11-09 23:00:00,0.1,7.1,16.9,84,100
2023-11-10 00:00:00,0.7,7.0,16.4,85,97
2023-11-10 01:00:00,1.3,6.6,14.8,87,99
2023-11-10 02:00:00,0.9,6.1,14.5,89,100
2023-11-10 03:00:00,0.8,5.7,14.3,91,91
2023-11-10 04:00:00,1.2,5.2,12.6,92,99
2023-11-10 05:00:00,1.3,4.5,11.1,95,100
2023-11-10 06:00:00,0.8,4.1,8.4,96,100
2023-11-10 07:00:00,0.2,4.2,7.7,92,90
2023-11-10 08:00:00,0.1,3.9,7.6,89,65
2023-11-10 09:00:00,0.1,4.6,10.9,86,56
2023-11-10 10:00:00,0.1,5.0,14.4,82,35
2023-11-10 11:00:00,0.0,5.9,9.7,74,51
2023-11-10 12:00:00,0.1,6.5,12.0,69,46
2023-11-10 13:00:00,0.1,6.9,16.7,66,44
2023-11-10 14:00:00,0.5,6.4,17.0,70,50
2023-11-10 15:00:00,0.2,6.1,16.6,70,52
2023-11-10 16:00:00,0.2,5.9,14.0,73,40
2023-11-10 17:00:00,0.2,5.3,13.1,78,53
2023-11-10 18:00:00,0.0,4.6,13.6,81,74
2023-11-10 19:00:00,0.0,4.6,15.0,83,88
2023-11-10 20:00:00,0.2,4.9,16.3,82,83
2023-11-10 21:00:00,0.3,4.9,19.1,86,58
2023-11-10 22:00:00,0.1,4.9,15.6,90,71
2023-11-10 23:00:00,0.0,4.7,13.1,90,100
2023-11-11 00:00:00,0.0,4.8,9.4,89,100
2023-11-11 01:00:00,0.0,4.7,9.4,88,99
2023-11-11 02:00:00,0.0,4.7,8.3,88,99
2023-11-11 03:00:00,0.0,4.0,7.6,90,98
2023-11-11 04:00:00,0.0,3.6,6.6,90,91
2023-11-11 05:00:00,0.0,2.9,5.4,92,80
2023-11-11 06:00:00,0.0,2.8,5.4,89,79
2023-11-11 07:00:00,0.0,2.3,4.4,91,69
2023-11-11 08:00:00,0.0,2.3,4.2,94,65
2023-11-11 09:00:00,0.0,3.5,4.3,86,42
2023-11-11 10:00:00,0.0,4.4,6.1,81,97
2023-11-11 11:00:00,0.0,5.7,4.7,74,99
2023-11-11 12:00:00,0.0,6.7,5.8,66,69
2023-11-11 13:00:00,0.0,7.5,6.2,59,100
2023-11-11 14:00:00,0.0,7.9,7.3,56,100
2023-11-11 15:00:00,0.0,7.9,7.8,56,100
2023-11-11 16:00:00,0.0,7.2,4.2,60,100
2023-11-11 17:00:00,0.0,7.0,3.0,58,100
2023-11-11 18:00:00,0.0,5.7,2.2,67,99
2023-11-11 19:00:00,0.0,4.7,3.7,74,100
2023-11-11 20:00:00,0.1,3.4,5.4,82,100
2023-11-11 21:00:00,0.0,3.2,5.9,81,100
2023-11-11 22:00:00,0.1,3.2,7.6,82,100
2023-11-11 23:00:00,1.1,3.6,8.9,87,100
2023-11-12 00:00:00,1.9,3.6,10.7,91,100
2023-11-12 01:00:00,3.4,3.6,12.5,93,100
2023-11-12 02:00:00,2.2,3.8,13.1,91,96
2023-11-12 03:00:00,0.6,5.0,11.8,92,99
2023-11-12 04:00:00,0.3,6.9,14.2,92,99
2023-11-12 05:00:00,0.2,7.9,17.5,90,83
2023-11-12 06:00:00,0.1,8.1,18.8,91,79
2023-11-12 07:00:00,0.3,8.5,19.1,89,67
2023-11-12 08:00:00,0.0,8.2,19.1,87,51
2023-11-12 09:00:00,0.0,8.5,19.2,85,62
2023-11-12 10:00:00,0.0,8.7,20.2,82,46
2023-11-12 11:00:00,0.0,9.7,21.1,77,64
2023-11-12 12:00:00,0.0,10.5,19.2,71,65
2023-11-12 13:00:00,0.0,10.9,22.4,69,99
2023-11-12 14:00:00,0.0,11.1,21.3,68,98
2023-11-12 15:00:00,0.0,10.9,19.1,71,100
2023-11-12 16:00:00,0.0,10.7,15.6,72,100
2023-11-12 17:00:00,0.5,9.8,10.9,79,100
2023-11-12 18:00:00,0.3,9.4,7.2,83,100
2023-11-12 19:00:00,0.2,9.4,5.2,86,100
2023-11-12 20:00:00,0.1,9.3,5.9,89,99
2023-11-12 21:00:00,0.0,9.4,7.4,90,98
2023-11-12 22:00:00,0.1,9.8,8.1,90,100
2023-11-12 23:00:00,0.1,10.0,12.0,87,100
2023-11-13 00:00:00,0.2,9.8,9.8,89,100
2023-11-13 01:00:00,0.3,9.9,8.5,90,100
2023-11-13 02:00:00,0.1,10.0,10.9,90,100
2023-11-13 03:00:00,0.0,10.0,8.2,90,99
2023-11-13 04:00:00,0.0,9.7,6.8,91,97
2023-11-13 05:00:00,0.0,9.0,4.3,93,100
2023-11-13 06:00:00,0.0,8.8,6.6,93,99
2023-11-13 07:00:00,0.0,8.4,8.8,95,98
2023-11-13 08:00:00,0.0,8.4,10.9,95,100
2023-11-13 09:00:00,0.0,9.2,10.8,93,99
2023-11-13 10:00:00,0.0,10.0,10.5,91,100
2023-11-13 11:00:00,0.0,11.4,10.9,85,99
2023-11-13 12:00:00,0.0,12.8,11.0,80,100
2023-11-13 13:00:00,0.0,13.7,12.9,76,100
2023-11-13 14:00:00,0.1,14.0,13.2,73,100
2023-11-13 15:00:00,0.3,13.7,13.8,77,99
2023-11-13 16:00:00,0.0,13.7,13.8,78,95
2023-11-13 17:00:00,0.0,13.4,12.5,80,98
2023-11-13 18:00:00,0.0,13.2,10.7,82,100
2023-11-13 19:00:00,0.1,13.1,10.8,83,99
2023-11-13 20:00:00,0.0,12.9,11.5,85,100
2023-11-13 21:00:00,0.0,13.0,11.8,85,98
2023-11-13 22:00:00,0.0,13.0,10.9,85,100
2023-11-13 23:00:00,0.2,13.4,15.3,83,100
2023-11-14 00:00:00,0.5,13.5,14.7,83,99
2023-11-14 01:00:00,0.2,13.7,14.6,81,98
2023-11-14 02:00:00,0.0,13.9,14.2,81,99
2023-11-14 03:00:00,0.2,14.0,14.4,82,100
2023-11-14 04:00:00,0.1,13.7,12.6,83,100
2023-11-14 05:00:00,0.0,13.4,9.4,85,100
2023-11-14 06:00:00,0.1,12.8,6.7,86,99
2023-11-14 07:00:00,0.3,12.1,4.2,89,99
2023-11-14 08:00:00,0.6,11.6,4.1,91,98
2023-11-14 09:00:00,0.5,11.9,5.2,90,100
2023-11-14 10:00:00,0.2,12.9,8.6,89,100
2023-11-14 11:00:00,0.1,14.5,8.9,84,100
2023-11-14 12:00:00,0.1,15.3,13.2,83,92
2023-11-14 13:00:00,0.6,15.4,15.3,81,96
2023-11-14 14:00:00,1.6,15.0,16.6,82,99
2023-11-14 15:00:00,1.3,14.4,22.2,81,100
2023-11-14 16:00:00,0.6,13.0,19.8,84,100
2023-11-14 17:00:00,0.6,12.0,13.9,87,99
2023-11-14 18:00:00,0.2,11.1,16.2,87,97
2023-11-14 19:00:00,0.0,10.7,16.8,85,100
2023-11-14 20:00:00,0.1,10.6,14.4,83,75
2023-11-14 21:00:00,0.0,10.3,13.7,82,94
2023-11-14 22:00:00,0.0,9.5,14.8,83,92
2023-11-14 23:00:00,0.0,8.7,13.3,82,93
2023-11-15 00:00:00,0.0,7.8,11.1,82,99
2023-11-15 01:00:00,0.0,7.3,8.4,81,91
2023-11-15 02:00:00,0.0,7.0,8.3,81,92
2023-11-15 03:00:00,0.0,6.6,9.8,83,57
2023-11-15 04:00:00,0.0,6.2,6.5,84,81
2023-11-15 05:00:00,0.0,5.7,6.7,87,100
2023-11-15 06:00:00,0.0,5.6,7.1,87,100
2023-11-15 07:00:00,0.0,5.3,7.6,88,89
2023-11-15 08:00:00,0.0,5.2,7.3,88,98
2023-11-15 09:00:00,0.0,6.1,9.0,86,66
2023-11-15 10:00:00,0.0,7.6,11.4,80,76
2023-11-15 11:00:00,0.0,8.5,9.7,76,67
2023-11-15 12:00:00,0.0,9.1,11.0,69,62
2023-11-15 13:00:00,0.0,9.7,10.7,64,63
2023-11-15 14:00:00,0.0,9.9,9.3,62,65
2023-11-15 15:00:00,0.0,9.8,9.0,59,57
2023-11-15 16:00:00,0.0,9.5,7.5,59,26
2023-11-15 17:00:00,0.0,7.5,4.8,66,18
2023-11-15 18:00:00,0.0,5.1,4.4,78,19
2023-11-15 19:00:00,0.0,4.1,4.6,77,63
2023-11-15 20:00:00,0.0,4.0,1.3,75,100
2023-11-15 21:00:00,0.0,3.2,1.8,80,100
2023-11-15 22:00:00,0.0,1.6,4.2,89,98
2023-11-15 23:00:00,0.0,1.2,7.0,92,100
2023-11-16 00:00:00,0.0,1.6,6.6,92,100
2023-11-16 01:00:00,0.0,2.1,7.6,90,100
2023-11-16 02:00:00,0.0,2.1,5.2,89,52
2023-11-16 03:00:00,0.0,2.1,6.2,87,91
2023-11-16 04:00:00,0.1,2.5,6.3,84,100
2023-11-16 05:00:00,0.3,3.0,8.7,85,99
2023-11-16 06:00:00,0.6,3.5,7.0,86,100
2023-11-16 07:00:00,0.7,3.6,7.0,89,100
2023-11-16 08:00:00,0.0,3.9,9.7,91,100
2023-11-16 09:00:00,0.0,4.9,12.1,91,99
2023-11-16 10:00:00,0.4,6.4,13.3,88,99
2023-11-16 11:00:00,0.0,9.1,20.1,86,100
2023-11-16 12:00:00,0.0,12.2,23.6,79,79
2023-11-16 13:00:00,0.0,13.2,24.5,69,54
2023-11-16 14:00:00,0.1,12.9,29.6,64,49
2023-11-16 15:00:00,0.0,12.8,27.9,59,38
2023-11-16 16:00:00,0.0,12.1,32.4,59,56
2023-11-16 17:00:00,0.1,11.0,31.3,63,92
2023-11-16 18:00:00,0.0,10.3,29.9,65,99
2023-11-16 19:00:00,0.0,9.5,27.5,69,98
2023-11-16 20:00:00,0.0,9.1,24.5,70,98
2023-11-16 21:00:00,0.0,8.6,22.4,72,97
2023-11-16 22:00:00,0.0,8.3,20.1,73,99
2023-11-16 23:00:00,0.0,7.8,16.0,76,97
2023-11-17 00:00:00,0.0,7.2,17.4,78,98
2023-11-17 01:00:00,0.0,6.6,16.1,79,97
2023-11-17 02:00:00,0.0,6.2,14.5,81,91
2023-11-17 03:00:00,0.1,5.8,11.9,82,99
2023-11-17 04:00:00,0.1,5.5,11.3,84,100
2023-11-17 05:00:00,0.1,5.1,10.0,85,100
2023-11-17 06:00:00,0.2,4.9,8.2,86,98
2023-11-17 07:00:00,0.1,4.5,8.0,88,100
2023-11-17 08:00:00,0.0,4.3,8.0,88,85
2023-11-17 09:00:00,0.0,4.5,8.0,89,95
2023-11-17 10:00:00,0.0,5.6,9.3,86,100
2023-11-17 11:00:00,0.1,6.6,11.5,80,100
2023-11-17 12:00:00,0.0,7.2,12.0,76,98
2023-11-17 13:00:00,0.0,7.3,11.6,73,99
2023-11-17 14:00:00,0.0,7.2,13.1,73,96
2023-11-17 15:00:00,0.0,7.0,13.6,75,94
2023-11-17 16:00:00,0.0,6.5,12.0,79,84
2023-11-17 17:00:00,0.0,5.8,8.6,82,79
2023-11-17 18:00:00,0.0,5.3,7.6,85,78
2023-11-17 19:00:00,0.0,4.6,5.6,88,80
2023-11-17 20:00:00,0.0,3.7,4.9,92,83
2023-11-17 21:00:00,0.0,3.4,5.4,92,96
2023-11-17 22:00:00,0.0,2.6,5.4,94,75
2023-11-17 23:00:00,0.0,2.4,4.2,93,83
2023-11-18 00:00:00,0.0,2.0,4.5,94,79
2023-11-18 01:00:00,0.0,2.2,1.9,91,85
2023-11-18 02:00:00,0.0,1.8,2.6,94,87
2023-11-18 03:00:00,0.0,1.7,3.7,94,95
2023-11-18 04:00:00,0.0,1.3,4.1,94,98
2023-11-18 05:00:00,0.0,1.5,4.0,92,100
2023-11-18 06:00:00,0.0,1.7,5.2,90,100
2023-11-18 07:00:00,0.0,2.1,5.8,89,100
2023-11-18 08:00:00,0.0,2.5,6.2,85,100
2023-11-18 09:00:00,0.0,3.3,6.6,85,99
2023-11-18 10:00:00,0.0,5.0,6.1,81,96
2023-11-18 11:00:00,0.0,6.6,5.8,76,99
2023-11-18 12:00:00,0.0,8.5,5.2,70,98
2023-11-18 13:00:00,0.0,10.1,5.4,66,97
2023-11-18 14:00:00,0.0,11.5,4.3,63,95
2023-11-18 15:00:00,0.0,12.5,3.6,61,98
2023-11-18 16:00:00,0.0,11.8,4.0,69,99
2023-11-18 17:00:00,0.0,10.0,6.8,75,98
2023-11-18 18:00:00,0.0,8.6,6.7,81,99
2023-11-18 19:00:00,0.0,7.6,6.8,84,99
2023-11-18 20:00:00,0.0,6.9,6.9,86,98
2023-11-18 21:00:00,0.0,6.4,5.8,89,77
2023-11-18 22:00:00,0.0,5.9,5.9,90,46
2023-11-18 23:00:00,0.0,5.4,5.8,91,83
2023-11-19 00:00:00,0.0,5.0,6.4,92,2
2023-11-19 01:00:00,0.0,4.7,6.6,93,7
2023-11-19 02:00:00,0.0,4.3,6.2,94,35
2023-11-19 03:00:00,0.0,4.0,5.8,94,44
2023-11-19 04:00:00,0.0,3.8,5.5,95,48
2023-11-19 05:00:00,0.0,4.0,5.6,94,57
2023-11-19 06:00:00,0.0,4.4,6.3,92,65
2023-11-19 07:00:00,0.0,4.7,6.6,91,90
2023-11-19 08:00:00,0.0,5.2,6.7,89,97
2023-11-19 09:00:00,0.0,6.6,7.5,87,99
2023-11-19 10:00:00,0.0,9.0,6.8,82,92
2023-11-19 11:00:00,0.0,10.5,6.7,79,100
2023-11-19 12:00:00,0.0,11.9,6.3,76,99
2023-11-19 13:00:00,0.0,13.0,5.2,73,99
2023-11-19 14:00:00,0.0,13.1,5.5,75,99
2023-11-19 15:00:00,0.0,12.9,5.4,77,100
2023-11-19 16:00:00,0.0,12.4,4.4,79,99
2023-11-19 17:00:00,0.0,11.4,4.6,84,99
2023-11-19 18:00:00,0.0,10.6,3.9,86,94
2023-11-19 19:00:00,0.0,9.6,4.2,89,90
2023-11-19 20:00:00,0.0,8.5,4.7,90,81
2023-11-19 21:00:00,0.0,7.6,4.5,92,80
2023-11-19 22:00:00,0.0,7.0,4.9,93,88
2023-11-19 23:00:00,0.0,6.5,4.7,93,80
2023-11-20 00:00:00,0.0,5.7,4.7,94,79
2023-11-20 01:00:00,0.0,4.9,5.0,94,64
2023-11-20 02:00:00,0.0,5.0,5.0,94,45
2023-11-20 03:00:00,0.0,4.2,5.2,94,57
2023-11-20 04:00:00,0.0,3.6,4.7,95,60
2023-11-20 05:00:00,0.0,3.8,5.3,94,64
2023-11-20 06:00:00,0.0,3.4,5.2,94,73
2023-11-20 07:00:00,0.0,3.3,4.7,94,69
2023-11-20 08:00:00,0.0,3.1,5.8,95,72
2023-11-20 09:00:00,0.0,4.9,5.1,94,88
2023-11-20 10:00:00,0.0,7.0,2.9,91,90
2023-11-20 11:00:00,0.0,8.2,5.6,79,97
2023-11-20 12:00:00,0.0,9.2,7.7,73,97
2023-11-20 13:00:00,0.0,9.8,8.7,68,96
2023-11-20 14:00:00,0.0,9.6,11.0,65,96
2023-11-20 15:00:00,0.0,9.0,11.4,67,100
2023-11-20 16:00:00,0.0,8.2,10.0,68,97
2023-11-20 17:00:00,0.0,7.4,9.7,70,95
2023-11-20 18:00:00,0.0,7.0,8.1,73,95
2023-11-20 19:00:00,0.0,6.5,5.4,76,78
2023-11-20 20:00:00,0.0,5.7,4.7,80,60
2023-11-20 21:00:00,0.0,5.4,5.8,83,55
2023-11-20 22:00:00,0.1,4.9,6.8,88,42
2023-11-20 23:00:00,0.0,4.7,10.6,88,49
2023-11-21 00:00:00,0.0,4.1,6.8,90,76
2023-11-21 01:00:00,0.0,3.8,4.2,89,99
2023-11-21 02:00:00,0.0,3.8,5.6,88,93
2023-11-21 03:00:00,0.0,3.7,5.9,89,96
2023-11-21 04:00:00,0.0,3.8,5.8,90,98
2023-11-21 05:00:00,0.0,4.0,5.8,89,97
2023-11-21 06:00:00,0.1,3.9,6.1,92,100
2023-11-21 07:00:00,0.1,3.9,7.3,95,100
2023-11-21 08:00:00,0.3,3.9,8.6,96,100
2023-11-21 09:00:00,0.2,4.2,12.5,97,94
2023-11-21 10:00:00,0.4,4.6,16.9,95,75
2023-11-21 11:00:00,0.2,5.0,15.4,94,50
2023-11-21 12:00:00,0.2,5.4,15.4,92,57
2023-11-21 13:00:00,0.2,5.8,17.5,94,67
2023-11-21 14:00:00,0.2,5.6,16.9,91,99
2023-11-21 15:00:00,0.3,5.4,17.9,92,96
2023-11-21 16:00:00,0.2,5.0,17.0,95,98
2023-11-21 17:00:00,0.2,4.6,15.6,98,77
2023-11-21 18:00:00,0.1,4.5,13.8,98,100
2023-11-21 19:00:00,0.2,4.4,15.1,97,100
2023-11-21 20:00:00,0.2,4.2,17.0,95,96
2023-11-21 21:00:00,0.2,4.0,16.9,94,74
2023-11-21 22:00:00,0.0,3.9,15.8,95,62
2023-11-21 23:00:00,0.0,3.7,14.8,93,67
2023-11-22 00:00:00,0.0,3.6,14.8,95,88
2023-11-22 01:00:00,0.0,3.6,14.8,96,96
2023-11-22 02:00:00,0.0,3.6,14.9,97,100
2023-11-22 03:00:00,0.0,3.6,16.3,96,100
2023-11-22 04:00:00,0.0,3.4,19.4,95,100
2023-11-22 05:00:00,0.1,3.3,21.5,90,100
2023-11-22 06:00:00,0.1,3.3,20.2,94,100
2023-11-22 07:00:00,0.1,3.5,19.8,92,100
2023-11-22 08:00:00,0.2,3.7,18.4,94,100
2023-11-22 09:00:00,0.2,3.8,19.1,93,100
2023-11-22 10:00:00,0.3,4.2,22.1,96,100
2023-11-22 11:00:00,0.2,4.7,19.5,95,75
2023-11-22 12:00:00,0.1,5.0,20.6,91,55
2023-11-22 13:00:00,0.0,4.9,21.7,77,86
2023-11-22 14:00:00,0.0,4.8,22.4,75,94
2023-11-22 15:00:00,0.0,4.6,21.3,75,97
2023-11-22 16:00:00,0.0,4.0,21.3,75,99
2023-11-22 17:00:00,0.0,3.0,18.0,77,95
2023-11-22 18:00:00,0.0,2.1,15.5,79,77
2023-11-22 19:00:00,0.0,1.3,16.6,81,51
2023-11-22 20:00:00,0.0,0.6,17.3,83,54
2023-11-22 21:00:00,0.0,-0.1,14.8,85,46
2023-11-22 22:00:00,0.0,-0.8,13.3,88,48
2023-11-22 23:00:00,0.0,-1.2,10.5,89,36
2023-11-23 00:00:00,0.0,-1.8,9.8,91,46
2023-11-23 01:00:00,0.0,-2.2,10.3,94,76
2023-11-23 02:00:00,0.0,-2.5,10.2,95,72
2023-11-23 03:00:00,0.0,-2.9,9.4,96,100
2023-11-23 04:00:00,0.0,-3.2,9.3,97,89
2023-11-23 05:00:00,0.0,-3.1,8.8,97,68
2023-11-23 06:00:00,0.0,-3.2,9.2,98,59
2023-11-23 07:00:00,0.0,-3.2,9.6,98,65
2023-11-23 08:00:00,0.0,-3.4,9.2,97,63
2023-11-23 09:00:00,0.0,-2.3,8.4,94,69
2023-11-23 10:00:00,0.0,-0.2,8.3,87,66
2023-11-23 11:00:00,0.0,1.7,5.9,80,43
2023-11-23 12:00:00,0.0,3.1,7.2,73,0
2023-11-23 13:00:00,0.0,4.1,9.9,69,2
2023-11-23 14:00:00,0.0,4.6,11.2,68,7
2023-11-23 15:00:00,0.0,4.5,11.2,70,15
2023-11-23 16:00:00,0.0,3.6,9.9,75,25
2023-11-23 17:00:00,0.0,1.9,8.6,85,46
2023-11-23 18:00:00,0.0,1.1,9.8,91,65
2023-11-23 19:00:00,0.0,1.2,10.2,94,100
2023-11-23 20:00:00,0.1,1.3,9.0,95,100
2023-11-23 21:00:00,0.0,1.4,9.3,96,100
2023-11-23 22:00:00,0.0,1.6,9.7,96,100
2023-11-23 23:00:00,0.0,1.5,8.7,97,100
2023-11-24 00:00:00,0.0,1.5,7.4,97,100
2023-11-24 01:00:00,0.1,1.5,7.7,97,100
2023-11-24 02:00:00,0.1,1.5,7.9,97,100
2023-11-24 03:00:00,0.1,1.6,8.1,96,100
2023-11-24 04:00:00,0.1,1.5,8.2,97,100
2023-11-24 05:00:00,0.1,1.6,7.6,96,100
2023-11-24 06:00:00,0.1,1.8,8.2,96,100
2023-11-24 07:00:00,0.0,2.1,9.7,96,100
2023-11-24 08:00:00,0.1,2.5,10.5,97,100
2023-11-24 09:00:00,0.1,2.7,11.2,98,100
2023-11-24 10:00:00,0.0,3.4,11.8,98,100
2023-11-24 11:00:00,0.0,4.2,9.7,97,100
2023-11-24 12:00:00,0.1,5.1,11.5,95,100
2023-11-24 13:00:00,0.0,5.9,13.8,92,100
2023-11-24 14:00:00,0.2,6.2,14.0,91,99
2023-11-24 15:00:00,0.2,6.2,14.8,86,81
2023-11-24 16:00:00,0.0,5.8,17.1,85,99
2023-11-24 17:00:00,0.1,5.5,17.6,85,100
2023-11-24 18:00:00,0.2,5.3,18.2,85,100
2023-11-24 19:00:00,0.2,5.0,19.0,85,100
2023-11-24 20:00:00,0.2,4.2,20.0,87,97
2023-11-24 21:00:00,0.2,3.6,20.3,89,100
2023-11-24 22:00:00,0.2,2.7,19.3,91,97
2023-11-24 23:00:00,0.2,1.5,16.5,92,84
2023-11-25 00:00:00,0.1,0.4,16.2,92,98
2023-11-25 01:00:00,0.1,-0.5,15.3,92,85
2023-11-25 02:00:00,0.0,-1.0,14.3,91,67
2023-11-25 03:00:00,0.0,-1.4,13.7,90,61
2023-11-25 04:00:00,0.0,-1.8,13.8,89,58
2023-11-25 05:00:00,0.0,-2.2,12.8,91,72
2023-11-25 06:00:00,0.0,-2.4,13.8,91,89
2023-11-25 07:00:00,0.0,-2.5,16.2,92,100
2023-11-25 08:00:00,0.0,-2.5,15.7,92,100
2023-11-25 09:00:00,0.0,-2.3,15.8,90,100
2023-11-25 10:00:00,0.0,-1.9,15.2,90,100
2023-11-25 11:00:00,0.0,-1.4,13.8,88,100
2023-11-25 12:00:00,0.0,-0.9,13.8,87,98
2023-11-25 13:00:00,0.0,-0.2,13.7,83,91
2023-11-25 14:00:00,0.0,0.2,13.6,79,68
2023-11-25 15:00:00,0.0,0.3,13.3,78,63
2023-11-25 16:00:00,0.0,0.1,12.6,78,63
2023-11-25 17:00:00,0.0,-0.7,10.7,79,63
2023-11-25 18:00:00,0.0,-1.4,8.8,84,78
2023-11-25 19:00:00,0.0,-1.7,8.4,88,56
2023-11-25 20:00:00,0.0,-2.2,8.9,91,46
2023-11-25 21:00:00,0.0,-2.8,8.4,92,54
2023-11-25 22:00:00,0.0,-3.0,7.6,95,73
2023-11-25 23:00:00,0.0,-2.9,5.2,95,83
2023-11-26 00:00:00,0.0,-2.9,5.9,95,92
2023-11-26 01:00:00,0.0,-3.0,6.6,94,93
2023-11-26 02:00:00,0.0,-3.2,6.6,95,86
2023-11-26 03:00:00,0.0,-3.3,5.1,96,98
2023-11-26 04:00:00,0.0,-3.9,4.6,96,93
2023-11-26 05:00:00,0.0,-3.9,4.6,96,90
2023-11-26 06:00:00,0.0,-4.8,4.2,97,89
2023-11-26 07:00:00,0.0,-5.2,4.7,97,92
2023-11-26 08:00:00,0.0,-5.4,5.2,95,61
2023-11-26 09:00:00,0.0,-4.2,6.1,91,79
2023-11-26 10:00:00,0.0,-2.1,5.2,85,85
2023-11-26 11:00:00,0.0,-0.4,4.0,81,74
2023-11-26 12:00:00,0.0,0.8,2.9,76,58
2023-11-26 13:00:00,0.0,1.6,1.8,72,76
2023-11-26 14:00:00,0.0,2.2,1.3,67,69
2023-11-26 15:00:00,0.0,2.2,1.5,65,24
2023-11-26 16:00:00,0.0,1.7,2.3,64,38
2023-11-26 17:00:00,0.0,0.4,2.9,65,28
2023-11-26 18:00:00,0.0,-1.7,3.5,73,40
2023-11-26 19:00:00,0.0,-3.0,4.6,79,81
2023-11-26 20:00:00,0.0,-3.8,6.4,83,100
2023-11-26 21:00:00,0.0,-4.1,6.3,83,100
2023-11-26 22:00:00,0.0,-3.9,6.9,83,100
2023-11-26 23:00:00,0.0,-4.1,5.8,85,100
2023-11-27 00:00:00,0.0,-4.2,5.4,87,100
2023-11-27 01:00:00,0.0,-4.1,5.6,87,100
2023-11-27 02:00:00,0.0,-3.6,5.7,85,100
2023-11-27 03:00:00,0.0,-3.3,5.5,84,99
2023-11-27 04:00:00,0.0,-2.9,4.7,80,100
2023-11-27 05:00:00,0.0,-2.4,4.7,77,100
2023-11-27 06:00:00,0.0,-1.9,5.0,72,100
2023-11-27 07:00:00,0.0,-1.4,5.0,71,100
2023-11-27 08:00:00,0.0,-1.2,5.7,71,100
2023-11-27 09:00:00,0.1,-0.8,6.6,70,99
2023-11-27 10:00:00,0.1,0.1,7.9,68,100
2023-11-27 11:00:00,0.1,1.3,8.6,68,100
2023-11-27 12:00:00,0.1,2.6,9.4,64,93
2023-11-27 13:00:00,0.0,4.0,9.1,58,58
2023-11-27 14:00:00,0.0,4.5,8.5,48,89
2023-11-27 15:00:00,0.1,4.3,8.9,53,95
2023-11-27 16:00:00,0.4,3.2,4.7,72,99
2023-11-27 17:00:00,0.8,2.3,5.0,82,100
2023-11-27 18:00:00,0.7,2.1,6.0,87,100
2023-11-27 19:00:00,0.5,2.5,6.3,89,100
2023-11-27 20:00:00,0.5,2.8,6.1,90,99
2023-11-27 21:00:00,0.4,3.0,5.9,91,99
2023-11-27 22:00:00,0.4,3.1,5.6,92,96
2023-11-27 23:00:00,0.9,3.0,9.0,92,90
2023-11-28 00:00:00,0.5,3.6,9.5,91,90
2023-11-28 01:00:00,0.3,3.9,15.2,92,92
2023-11-28 02:00:00,0.3,3.8,18.4,92,88
2023-11-28 03:00:00,0.2,3.6,16.2,91,93
2023-11-28 04:00:00,0.3,3.5,15.1,90,87
2023-11-28 05:00:00,0.4,3.2,17.2,90,99
2023-11-28 06:00:00,0.6,2.6,20.5,91,78
2023-11-28 07:00:00,0.4,2.0,19.7,90,69
2023-11-28 08:00:00,0.2,1.6,16.0,89,80
2023-11-28 09:00:00,0.1,1.4,14.8,90,100
2023-11-28 10:00:00,0.1,1.6,14.3,88,64
2023-11-28 11:00:00,0.1,1.9,16.1,89,67
2023-11-28 12:00:00,0.1,2.3,17.1,84,90
2023-11-28 13:00:00,0.2,2.6,17.6,80,92
2023-11-28 14:00:00,0.3,2.5,17.4,81,81
2023-11-28 15:00:00,0.2,2.3,17.2,81,77
2023-11-28 16:00:00,0.1,1.9,13.2,83,58
2023-11-28 17:00:00,0.0,1.0,10.9,88,51
2023-11-28 18:00:00,0.0,0.4,9.8,92,85
2023-11-28 19:00:00,0.1,0.2,9.9,92,100
2023-11-28 20:00:00,0.1,-0.2,8.1,92,97
2023-11-28 21:00:00,0.0,-0.6,6.5,94,94
2023-11-28 22:00:00,0.0,-0.9,4.7,95,87
2023-11-28 23:00:00,0.0,-1.4,3.2,97,94
2023-11-29 00:00:00,0.0,-1.5,4.7,97,100
2023-11-29 01:00:00,0.0,-1.5,2.9,96,98
2023-11-29 02:00:00,0.0,-1.6,2.0,95,100
2023-11-29 03:00:00,0.0,-2.0,2.4,97,100
2023-11-29 04:00:00,0.0,-2.3,2.3,99,100
2023-11-29 05:00:00,0.0,-2.5,1.8,99,100
2023-11-29 06:00:00,0.0,-3.1,2.9,99,100
2023-11-29 07:00:00,0.0,-4.0,2.4,98,100
2023-11-29 08:00:00,0.0,-4.3,3.4,97,100
2023-11-29 09:00:00,0.0,-3.2,4.8,97,100
2023-11-29 10:00:00,0.0,-1.2,5.6,91,100
2023-11-29 11:00:00,0.0,0.3,6.0,86,96
2023-11-29 12:00:00,0.0,1.7,5.3,78,96
2023-11-29 13:00:00,0.0,3.0,6.9,70,75
2023-11-29 14:00:00,0.0,3.8,8.2,63,98
2023-11-29 15:00:00,0.0,3.8,7.9,60,99
2023-11-29 16:00:00,0.0,3.1,5.8,62,100
2023-11-29 17:00:00,0.0,2.0,6.1,69,100
2023-11-29 18:00:00,0.0,1.9,7.6,66,100
2023-11-29 19:00:00,0.1,2.0,8.5,65,99
2023-11-29 20:00:00,0.0,1.7,10.3,71,100
2023-11-29 21:00:00,0.2,1.4,12.0,82,100
2023-11-29 22:00:00,0.7,1.4,12.1,87,100
2023-11-29 23:00:00,2.0,1.5,9.9,94,100
2023-11-30 00:00:00,1.5,1.8,8.0,95,100
2023-11-30 01:00:00,0.8,2.0,6.6,95,100
2023-11-30 02:00:00,0.7,2.1,6.2,95,100
2023-11-30 03:00:00,0.4,2.3,5.6,96,100
2023-11-30 04:00:00,0.7,2.7,5.5,97,100
2023-11-30 05:00:00,0.9,3.6,7.1,95,100
2023-11-30 06:00:00,0.5,4.7,9.7,95,100
2023-11-30 07:00:00,0.2,5.6,9.3,94,100
2023-11-30 08:00:00,1.0,6.2,10.6,94,100
2023-11-30 09:00:00,0.7,6.6,12.1,93,100
2023-11-30 10:00:00,0.4,7.3,11.1,92,100
2023-11-30 11:00:00,0.1,8.0,10.4,88,100
2023-11-30 12:00:00,0.1,8.2,12.0,86,100
2023-11-30 13:00:00,0.1,8.6,9.5,85,100
2023-11-30 14:00:00,0.1,8.7,7.6,85,99
2023-11-30 15:00:00,0.1,8.3,4.3,86,100
2023-11-30 16:00:00,0.1,7.8,4.2,90,100
2023-11-30 17:00:00,0.1,7.1,4.6,93,100
2023-11-30 18:00:00,0.2,6.5,4.5,95,100
2023-11-30 19:00:00,0.3,6.1,5.4,96,100
2023-11-30 20:00:00,0.5,5.9,5.1,97,100
2023-11-30 21:00:00,0.4,5.7,4.4,98,100
2023-11-30 22:00:00,0.5,5.5,3.3,97,100
2023-11-30 23:00:00,0.3,5.9,3.1,94,100
2023-12-01 00:00:00,0.3,5.4,4.3,96,100
2023-12-01 01:00:00,0.4,5.0,4.1,98,100
2023-12-01 02:00:00,0.4,4.7,4.2,98,99
2023-12-01 03:00:00,0.2,4.2,5.5,96,100
2023-12-01 04:00:00,0.2,3.8,4.3,94,98
2023-12-01 05:00:00,0.3,3.5,5.6,93,94
2023-12-01 06:00:00,0.4,3.2,5.7,93,100
2023-12-01 07:00:00,0.5,3.0,4.2,94,100
2023-12-01 08:00:00,0.2,2.8,3.4,94,99
2023-12-01 09:00:00,0.3,2.7,3.8,94,100
2023-12-01 10:00:00,0.6,2.7,4.8,93,100
2023-12-01 11:00:00,0.8,2.4,3.9,94,100
2023-12-01 12:00:00,1.0,2.0,6.2,96,100
2023-12-01 13:00:00,1.2,1.4,9.7,99,100
2023-12-01 14:00:00,1.5,0.8,9.8,99,100
2023-12-01 15:00:00,1.2,0.5,7.0,99,100
2023-12-01 16:00:00,1.0,0.3,6.8,99,100
2023-12-01 17:00:00,0.9,0.0,7.2,99,100
2023-12-01 18:00:00,0.7,-0.1,9.0,97,100
2023-12-01 19:00:00,0.5,-0.2,10.7,97,100
2023-12-01 20:00:00,0.5,-0.3,12.0,99,100
2023-12-01 21:00:00,0.4,-0.3,12.9,97,100
2023-12-01 22:00:00,0.2,-0.2,13.2,98,100
2023-12-01 23:00:00,0.2,-0.4,12.4,99,100
2023-12-02 00:00:00,0.1,-0.6,14.7,98,100
2023-12-02 01:00:00,0.1,-0.8,16.2,97,100
2023-12-02 02:00:00,0.1,-1.0,15.1,96,88
2023-12-02 03:00:00,0.1,-1.3,13.5,95,87
2023-12-02 04:00:00,0.1,-1.5,13.8,94,86
2023-12-02 05:00:00,0.1,-2.0,14.0,94,82
2023-12-02 06:00:00,0.1,-2.3,13.4,94,90
2023-12-02 07:00:00,0.1,-2.7,13.8,93,70
2023-12-02 08:00:00,0.1,-3.0,12.4,91,65
2023-12-02 09:00:00,0.1,-3.3,12.3,91,60
2023-12-02 10:00:00,0.1,-3.3,15.9,83,55
2023-12-02 11:00:00,0.1,-3.4,15.1,84,100
2023-12-02 12:00:00,0.1,-3.3,14.6,80,100
2023-12-02 13:00:00,0.0,-3.3,14.8,78,100
2023-12-02 14:00:00,0.0,-3.5,15.8,77,100
2023-12-02 15:00:00,0.0,-3.8,15.3,76,100
2023-12-02 16:00:00,0.0,-4.3,14.6,77,100
2023-12-02 17:00:00,0.0,-5.0,13.3,78,98
2023-12-02 18:00:00,0.0,-5.5,12.9,80,97
2023-12-02 19:00:00,0.0,-5.7,13.1,82,89
2023-12-02 20:00:00,0.0,-5.5,12.6,82,83
2023-12-02 21:00:00,0.0,-5.5,11.4,81,84
2023-12-02 22:00:00,0.0,-5.9,10.2,83,88
2023-12-02 23:00:00,0.0,-5.8,7.1,84,79
2023-12-03 00:00:00,0.0,-6.2,5.5,85,80
2023-12-03 01:00:00,0.0,-6.5,4.2,85,50
2023-12-03 02:00:00,0.0,-6.6,4.1,85,37
2023-12-03 03:00:00,0.0,-7.2,3.4,88,26
2023-12-03 04:00:00,0.0,-7.8,1.8,89,45
2023-12-03 05:00:00,0.0,-8.0,1.8,89,58
2023-12-03 06:00:00,0.0,-8.3,1.8,89,42
2023-12-03 07:00:00,0.0,-8.8,3.3,89,1
2023-12-03 08:00:00,0.0,-8.7,4.7,86,1
2023-12-03 09:00:00,0.0,-8.0,5.8,87,1
2023-12-03 10:00:00,0.0,-6.0,4.0,82,0
2023-12-03 11:00:00,0.0,-3.0,4.0,74,2
2023-12-03 12:00:00,0.0,-1.0,3.0,65,21
2023-12-03 13:00:00,0.0,0.5,2.9,61,11
2023-12-03 14:00:00,0.0,1.1,3.9,57,1
2023-12-03 15:00:00,0.0,1.3,4.0,57,0
2023-12-03 16:00:00,0.0,-0.1,5.2,63,27
2023-12-03 17:00:00,0.0,-2.8,7.4,74,98
2023-12-03 18:00:00,0.0,-3.4,7.7,74,6
2023-12-03 19:00:00,0.0,-3.7,9.0,72,100
2023-12-03 20:00:00,0.0,-3.9,10.4,70,100
2023-12-03 21:00:00,0.0,-4.0,10.7,68,99
2023-12-03 22:00:00,0.0,-4.0,10.0,66,99
2023-12-03 23:00:00,0.0,-3.5,11.6,68,92
2023-12-04 00:00:00,0.0,-2.6,13.4,64,100
2023-12-04 01:00:00,0.0,-1.3,16.4,59,100
2023-12-04 02:00:00,0.0,0.2,18.3,58,100
2023-12-04 03:00:00,0.0,1.2,19.1,61,99
2023-12-04 04:00:00,0.1,1.7,20.6,59,100
2023-12-04 05:00:00,0.0,1.9,21.0,63,97
2023-12-04 06:00:00,0.0,2.3,21.2,71,89
2023-12-04 07:00:00,0.1,2.6,21.2,77,94
2023-12-04 08:00:00,0.0,2.9,20.9,77,77
2023-12-04 09:00:00,0.1,3.4,21.6,77,89
2023-12-04 10:00:00,0.2,3.8,22.0,77,95
2023-12-04 11:00:00,0.2,4.3,19.2,79,87
2023-12-04 12:00:00,0.1,4.5,19.5,80,63
2023-12-04 13:00:00,0.0,5.2,18.4,79,37
2023-12-04 14:00:00,0.0,5.6,18.7,79,42
2023-12-04 15:00:00,0.0,6.0,18.5,77,78
2023-12-04 16:00:00,0.0,5.9,18.8,74,98
2023-12-04 17:00:00,0.0,5.5,16.9,75,99
2023-12-04 18:00:00,0.0,5.2,16.3,77,96
2023-12-04 19:00:00,0.0,5.1,14.8,78,95
2023-12-04 20:00:00,0.1,4.8,13.6,81,94
2023-12-04 21:00:00,0.3,4.3,13.5,83,98
2023-12-04 22:00:00,0.3,4.1,13.6,83,90
2023-12-04 23:00:00,0.3,3.9,15.3,83,48
2023-12-05 00:00:00,0.3,3.3,12.7,82,80
2023-12-05 01:00:00,0.0,2.7,9.6,84,96
2023-12-05 02:00:00,0.3,2.4,10.1,84,92
2023-12-05 03:00:00,0.3,2.1,10.7,82,88
2023-12-05 04:00:00,0.2,1.3,11.9,82,91
2023-12-05 05:00:00,0.1,0.8,11.7,82,81
2023-12-05 06:00:00,0.0,0.6,12.4,80,64
2023-12-05 07:00:00,0.0,0.4,12.2,80,76
2023-12-05 08:00:00,0.0,0.2,11.2,80,95
2023-12-05 09:00:00,0.0,0.7,11.7,78,97
2023-12-05 10:00:00,0.0,1.6,11.3,77,97
2023-12-05 11:00:00,0.0,2.3,16.2,78,59
2023-12-05 12:00:00,0.0,3.1,19.6,73,55
2023-12-05 13:00:00,0.0,3.5,19.4,67,57
2023-12-05 14:00:00,0.0,3.6,18.2,62,56
2023-12-05 15:00:00,0.0,3.4,16.6,60,70
2023-12-05 16:00:00,0.0,3.1,13.1,58,35
2023-12-05 17:00:00,0.0,1.8,10.4,64,34
2023-12-05 18:00:00,0.0,0.1,7.9,71,34
2023-12-05 19:00:00,0.0,-0.7,6.2,75,41
2023-12-05 20:00:00,0.0,-0.6,6.8,77,57
2023-12-05 21:00:00,0.0,-0.6,6.6,80,68
2023-12-05 22:00:00,0.0,-1.1,6.0,83,85
2023-12-05 23:00:00,0.0,-1.5,6.7,85,77
2023-12-06 00:00:00,0.0,-1.2,4.8,86,93
2023-12-06 01:00:00,0.0,-1.7,4.1,88,93
2023-12-06 02:00:00,0.0,-2.0,6.3,89,87
2023-12-06 03:00:00,0.0,-2.3,6.2,89,72
2023-12-06 04:00:00,0.0,-2.8,6.2,90,65
2023-12-06 05:00:00,0.0,-2.5,6.6,87,77
2023-12-06 06:00:00,0.0,-2.9,5.8,90,90
2023-12-06 07:00:00,0.0,-2.9,5.0,89,99
2023-12-06 08:00:00,0.1,-3.1,3.6,91,95
2023-12-06 09:00:00,0.0,-2.3,5.1,90,96
2023-12-06 10:00:00,0.0,-1.3,7.9,86,96
2023-12-06 11:00:00,0.0,-0.3,7.1,85,90
2023-12-06 12:00:00,0.0,0.7,7.0,84,97
2023-12-06 13:00:00,0.0,1.4,6.1,78,58
2023-12-06 14:00:00,0.0,1.8,6.4,76,65
2023-12-06 15:00:00,0.0,1.9,5.7,73,74
2023-12-06 16:00:00,0.0,1.2,4.3,82,74
2023-12-06 17:00:00,0.0,1.2,5.1,78,2
2023-12-06 18:00:00,0.0,0.2,5.4,83,7
2023-12-06 19:00:00,0.0,-0.2,4.5,85,7
2023-12-06 20:00:00,0.0,-0.8,2.9,88,19
2023-12-06 21:00:00,0.0,-1.6,1.5,90,23
2023-12-06 22:00:00,0.0,-3.5,4.9,93,100
2023-12-06 23:00:00,0.0,-3.3,5.2,93,99
2023-12-07 00:00:00,0.0,-3.3,4.4,92,94
2023-12-07 01:00:00,0.0,-3.7,6.4,92,82
2023-12-07 02:00:00,0.0,-4.1,5.6,93,86
2023-12-07 03:00:00,0.0,-4.2,5.8,93,64
2023-12-07 04:00:00,0.0,-4.8,6.6,94,72
2023-12-07 05:00:00,0.0,-4.8,5.9,96,94
2023-12-07 06:00:00,0.0,-5.0,5.9,97,89
2023-12-07 07:00:00,0.0,-4.6,7.2,96,94
2023-12-07 08:00:00,0.0,-4.7,7.6,96,86
2023-12-07 09:00:00,0.0,-3.7,8.9,93,94
2023-12-07 10:00:00,0.0,-1.9,8.4,83,100
2023-12-07 11:00:00,0.0,-0.2,8.7,76,100
2023-12-07 12:00:00,0.0,1.9,7.9,68,100
2023-12-07 13:00:00,0.0,3.4,10.1,63,100
2023-12-07 14:00:00,0.0,4.5,10.1,61,100
2023-12-07 15:00:00,0.0,4.8,8.7,62,100
2023-12-07 16:00:00,0.0,4.2,8.9,65,100
2023-12-07 17:00:00,0.0,3.9,9.6,65,100
2023-12-07 18:00:00,0.0,3.8,10.6,63,100
2023-12-07 19:00:00,0.0,4.0,10.8,60,100
2023-12-07 20:00:00,0.0,4.4,12.2,60,100
2023-12-07 21:00:00,0.1,4.7,12.5,56,100
2023-12-07 22:00:00,0.1,4.5,13.0,58,100
2023-12-07 23:00:00,0.2,3.7,12.4,69,100
2023-12-08 00:00:00,0.5,3.2,13.0,78,100
2023-12-08 01:00:00,0.9,2.9,10.9,86,100
2023-12-08 02:00:00,0.9,3.0,9.9,91,100
2023-12-08 03:00:00,0.4,3.3,10.8,93,100
2023-12-08 04:00:00,0.4,3.5,10.4,94,100
2023-12-08 05:00:00,0.4,3.5,9.7,95,100
2023-12-08 06:00:00,0.5,3.5,9.4,96,100
2023-12-08 07:00:00,0.9,3.4,7.9,96,100
2023-12-08 08:00:00,0.6,3.4,6.5,96,100
2023-12-08 09:00:00,0.3,3.4,5.8,97,100
2023-12-08 10:00:00,0.1,4.0,5.2,96,100
2023-12-08 11:00:00,0.0,4.4,5.1,97,100
2023-12-08 12:00:00,0.0,5.1,4.2,96,100
2023-12-08 13:00:00,0.0,5.9,3.8,91,100
2023-12-08 14:00:00,0.0,6.5,6.5,84,100
2023-12-08 15:00:00,0.0,6.7,6.2,82,97
2023-12-08 16:00:00,0.0,6.3,6.3,85,94
2023-12-08 17:00:00,0.0,5.4,5.2,87,86
2023-12-08 18:00:00,0.0,4.9,5.9,89,91
2023-12-08 19:00:00,0.0,4.2,6.1,91,95
2023-12-08 20:00:00,0.0,3.7,5.4,93,99
2023-12-08 21:00:00,0.0,3.6,5.8,94,99
2023-12-08 22:00:00,0.0,3.3,5.4,95,98
2023-12-08 23:00:00,0.0,2.7,5.2,96,70
2023-12-09 00:00:00,0.0,2.2,5.4,96,55
2023-12-09 01:00:00,0.0,1.3,5.5,96,61
2023-12-09 02:00:00,0.0,1.0,4.8,96,81
2023-12-09 03:00:00,0.0,0.9,5.0,95,78
2023-12-09 04:00:00,0.0,1.0,4.7,95,100
2023-12-09 05:00:00,0.0,1.2,5.4,94,100
2023-12-09 06:00:00,0.0,1.5,7.2,92,100
2023-12-09 07:00:00,0.0,1.6,9.0,92,100
2023-12-09 08:00:00,0.0,1.9,10.4,91,100
2023-12-09 09:00:00,0.2,2.5,11.9,91,100
2023-12-09 10:00:00,0.5,3.2,12.3,92,100
2023-12-09 11:00:00,0.5,3.8,12.9,91,96
2023-12-09 12:00:00,0.6,5.0,14.8,88,99
2023-12-09 13:00:00,0.7,6.6,15.9,86,99
2023-12-09 14:00:00,0.1,7.6,16.7,83,100
2023-12-09 15:00:00,0.3,8.1,17.1,83,100
2023-12-09 16:00:00,0.5,8.1,16.1,83,100
2023-12-09 17:00:00,0.1,8.6,17.7,83,99
2023-12-09 18:00:00,0.2,9.0,18.8,83,100
2023-12-09 19:00:00,0.1,9.1,17.7,84,98
2023-12-09 20:00:00,0.0,9.5,21.2,82,64
2023-12-09 21:00:00,0.3,9.5,23.8,79,42
2023-12-09 22:00:00,0.0,8.6,20.0,75,42
2023-12-09 23:00:00,0.0,7.5,19.5,71,23
2023-12-10 00:00:00,0.0,6.8,16.1,72,79
2023-12-10 01:00:00,0.0,6.2,13.1,74,96
2023-12-10 02:00:00,0.0,6.0,10.8,76,99
2023-12-10 03:00:00,0.0,5.5,9.4,79,100
2023-12-10 04:00:00,0.0,4.9,11.2,81,94
2023-12-10 05:00:00,0.0,4.2,11.7,84,70
2023-12-10 06:00:00,0.0,3.2,8.4,84,52
2023-12-10 07:00:00,0.0,2.3,7.9,86,38
2023-12-10 08:00:00,0.0,1.4,5.8,88,43
2023-12-10 09:00:00,0.0,2.1,4.3,88,50
2023-12-10 10:00:00,0.0,4.6,7.2,81,94
2023-12-10 11:00:00,0.0,6.9,6.6,74,96
2023-12-10 12:00:00,0.0,8.1,9.4,68,99
2023-12-10 13:00:00,0.0,8.9,11.0,64,99
2023-12-10 14:00:00,0.0,9.1,11.1,59,99
2023-12-10 15:00:00,0.5,8.6,11.1,64,100
2023-12-10 16:00:00,0.3,7.4,9.4,73,100
2023-12-10 17:00:00,0.3,6.7,8.7,80,100
2023-12-10 18:00:00,0.7,6.8,10.9,83,100
2023-12-10 19:00:00,0.6,6.9,11.8,88,100
2023-12-10 20:00:00,0.7,7.2,10.5,91,100
2023-12-10 21:00:00,0.6,7.7,9.9,91,100
2023-12-10 22:00:00,0.0,8.6,9.0,90,100
2023-12-10 23:00:00,0.0,9.3,10.4,90,99
2023-12-11 00:00:00,0.2,9.7,10.3,89,99
2023-12-11 01:00:00,1.1,9.9,10.0,89,100
2023-12-11 02:00:00,1.7,10.0,9.0,89,100
2023-12-11 03:00:00,1.2,9.9,6.6,90,100
2023-12-11 04:00:00,1.0,9.8,8.5,91,100
2023-12-11 05:00:00,1.5,10.3,14.0,89,100
2023-12-11 06:00:00,0.8,10.6,17.7,88,100
2023-12-11 07:00:00,0.3,11.0,19.0,85,100
2023-12-11 08:00:00,0.0,11.1,18.7,84,100
2023-12-11 09:00:00,0.0,11.3,18.9,84,100
2023-12-11 10:00:00,0.0,11.3,18.2,84,100
2023-12-11 11:00:00,0.0,11.8,18.0,82,100
2023-12-11 12:00:00,0.1,11.8,16.4,82,100
2023-12-11 13:00:00,0.1,11.6,14.0,83,100
2023-12-11 14:00:00,0.2,11.6,12.8,84,99
2023-12-11 15:00:00,0.4,11.7,11.3,84,100
2023-12-11 16:00:00,0.6,11.1,7.8,84,100
2023-12-11 17:00:00,0.4,10.4,6.1,85,100
2023-12-11 18:00:00,0.5,9.7,7.1,88,100
2023-12-11 19:00:00,0.6,9.4,6.6,90,100
2023-12-11 20:00:00,0.6,9.3,6.3,91,100
2023-12-11 21:00:00,0.4,9.5,5.8,91,100
2023-12-11 22:00:00,0.5,9.6,6.0,90,100
2023-12-11 23:00:00,0.5,9.5,6.6,89,100
2023-12-12 00:00:00,0.3,9.3,7.1,90,100
2023-12-12 01:00:00,0.1,9.1,6.1,91,100
2023-12-12 02:00:00,0.1,9.0,4.2,91,100
2023-12-12 03:00:00,0.2,8.8,5.4,92,100
2023-12-12 04:00:00,0.7,8.6,5.4,92,100
2023-12-12 05:00:00,0.3,8.6,5.4,93,100
2023-12-12 06:00:00,0.3,8.4,6.5,94,100
2023-12-12 07:00:00,0.1,8.1,7.6,93,99
2023-12-12 08:00:00,0.0,8.0,9.1,92,100
2023-12-12 09:00:00,0.0,8.1,9.4,92,93
2023-12-12 10:00:00,0.0,8.8,9.4,91,91
2023-12-12 11:00:00,0.0,9.9,7.7,87,98
2023-12-12 12:00:00,0.1,10.8,9.9,83,99
2023-12-12 13:00:00,0.3,11.2,11.0,82,100
2023-12-12 14:00:00,0.4,10.6,12.1,85,100
2023-12-12 15:00:00,0.3,9.6,14.3,88,98
2023-12-12 16:00:00,0.5,8.8,9.5,88,96
2023-12-12 17:00:00,0.4,8.3,9.7,87,100
2023-12-12 18:00:00,0.4,7.9,11.2,86,100
2023-12-12 19:00:00,0.3,7.6,12.3,86,100
2023-12-12 20:00:00,0.2,7.3,11.5,85,100
2023-12-12 21:00:00,0.0,7.1,10.9,85,100
2023-12-12 22:00:00,0.0,7.0,9.7,86,100
2023-12-12 23:00:00,0.0,6.8,8.1,84,100
2023-12-13 00:00:00,0.0,6.9,11.9,84,100
2023-12-13 01:00:00,0.0,6.8,13.0,84,100
2023-12-13 02:00:00,0.1,6.6,14.8,84,100
2023-12-13 03:00:00,0.1,6.4,14.8,84,97
2023-12-13 04:00:00,0.1,6.2,13.7,84,85
2023-12-13 05:00:00,0.1,5.9,14.8,83,100
2023-12-13 06:00:00,0.1,5.7,15.3,83,100
2023-12-13 07:00:00,0.1,5.4,13.4,81,91
2023-12-13 08:00:00,0.0,4.8,13.6,81,86
2023-12-13 09:00:00,0.0,4.5,14.7,81,95
2023-12-13 10:00:00,0.0,4.6,14.4,84,94
2023-12-13 11:00:00,0.0,5.3,14.0,80,74
2023-12-13 12:00:00,0.1,5.8,16.6,78,83
2023-12-13 13:00:00,0.1,6.1,18.6,79,92
2023-12-13 14:00:00,0.5,5.8,17.3,78,95
2023-12-13 15:00:00,0.2,5.3,14.0,79,99
2023-12-13 16:00:00,0.5,4.6,10.6,86,98
2023-12-13 17:00:00,0.9,3.7,7.6,92,100
2023-12-13 18:00:00,0.3,3.4,8.0,93,100
2023-12-13 19:00:00,0.2,3.2,9.7,92,100
2023-12-13 20:00:00,0.4,3.1,10.3,93,100
2023-12-13 21:00:00,0.2,2.9,11.0,93,99
2023-12-13 22:00:00,0.1,2.6,10.9,95,99
2023-12-13 23:00:00,0.1,2.8,11.4,95,84
2023-12-14 00:00:00,0.3,2.6,10.6,93,97
2023-12-14 01:00:00,0.2,2.4,10.9,94,99
2023-12-14 02:00:00,0.3,2.4,13.5,96,100
2023-12-14 03:00:00,0.3,2.2,14.3,95,100
2023-12-14 04:00:00,0.2,2.2,14.8,95,100
2023-12-14 05:00:00,0.2,1.9,17.6,94,100
2023-12-14 06:00:00,0.2,1.6,17.3,94,100
2023-12-14 07:00:00,0.2,1.7,16.1,94,100
2023-12-14 08:00:00,0.4,1.7,16.4,94,100
2023-12-14 09:00:00,0.5,1.9,18.6,93,100
2023-12-14 10:00:00,0.4,2.1,22.6,95,100
2023-12-14 11:00:00,0.3,2.3,21.6,92,100
2023-12-14 12:00:00,0.2,2.6,20.5,91,99
2023-12-14 13:00:00,0.2,2.8,17.7,91,98
2023-12-14 14:00:00,0.2,2.9,19.7,91,100
2023-12-14 15:00:00,0.3,2.8,18.7,91,100
2023-12-14 16:00:00,0.3,2.6,16.4,91,100
2023-12-14 17:00:00,0.2,2.4,14.8,91,100
2023-12-14 18:00:00,0.2,2.2,14.6,93,100
2023-12-14 19:00:00,0.2,2.1,14.6,92,100
2023-12-14 20:00:00,0.2,2.0,14.1,94,100
2023-12-14 21:00:00,0.1,1.9,13.0,93,100
2023-12-14 22:00:00,0.1,1.7,12.0,94,98
2023-12-14 23:00:00,0.1,1.4,9.4,94,96
2023-12-15 00:00:00,0.0,1.2,8.1,94,91
2023-12-15 01:00:00,0.0,1.1,7.9,94,91
2023-12-15 02:00:00,0.0,0.7,7.4,93,84
2023-12-15 03:00:00,0.0,0.5,6.9,94,85
2023-12-15 04:00:00,0.0,0.4,6.1,93,89
2023-12-15 05:00:00,0.0,0.2,4.9,92,96
2023-12-15 06:00:00,0.0,-0.2,3.4,93,96
2023-12-15 07:00:00,0.0,-0.4,4.6,92,98
2023-12-15 08:00:00,0.1,-0.2,5.7,91,100
2023-12-15 09:00:00,0.1,0.2,6.1,90,100
2023-12-15 10:00:00,0.0,1.3,6.2,89,100
2023-12-15 11:00:00,0.0,2.5,6.3,90,100
2023-12-15 12:00:00,0.0,3.4,8.6,90,100
2023-12-15 13:00:00,0.0,3.8,8.3,91,100
2023-12-15 14:00:00,0.0,3.8,9.6,93,100
2023-12-15 15:00:00,0.0,3.7,10.8,97,100
2023-12-15 16:00:00,0.0,3.5,10.5,97,100
2023-12-15 17:00:00,0.0,3.4,8.8,96,100
2023-12-15 18:00:00,0.0,3.3,10.5,95,100
2023-12-15 19:00:00,0.0,3.1,12.4,95,100
2023-12-15 20:00:00,0.1,2.9,11.2,94,100
2023-12-15 21:00:00,0.0,2.6,11.9,94,100
2023-12-15 22:00:00,0.0,2.5,12.3,93,95
2023-12-15 23:00:00,0.0,2.3,10.1,92,98
2023-12-16 00:00:00,0.0,2.3,10.0,91,98
2023-12-16 01:00:00,0.0,2.3,10.0,92,100
2023-12-16 02:00:00,0.0,2.2,9.4,92,100
2023-12-16 03:00:00,0.0,1.8,9.3,92,96
2023-12-16 04:00:00,0.0,1.1,7.6,90,100
2023-12-16 05:00:00,0.0,0.6,9.4,91,92
2023-12-16 06:00:00,0.0,0.3,7.5,92,100
2023-12-16 07:00:00,0.0,0.2,8.6,93,84
2023-12-16 08:00:00,0.0,0.0,6.6,94,87
2023-12-16 09:00:00,0.0,-0.2,6.9,95,97
2023-12-16 10:00:00,0.0,0.4,5.4,93,92
2023-12-16 11:00:00,0.0,1.4,3.7,93,70
2023-12-16 12:00:00,0.0,2.3,4.0,88,70
2023-12-16 13:00:00,0.0,2.9,5.1,85,70
2023-12-16 14:00:00,0.0,3.4,6.4,83,66
2023-12-16 15:00:00,0.0,3.2,7.3,83,48
2023-12-16 16:00:00,0.0,2.4,7.0,85,15
2023-12-16 17:00:00,0.0,0.0,5.9,93,14
2023-12-16 18:00:00,0.0,-0.1,5.1,94,8
2023-12-16 19:00:00,0.0,0.6,5.4,92,3
2023-12-16 20:00:00,0.0,0.7,3.9,91,6
2023-12-16 21:00:00,0.0,0.2,3.3,93,2
2023-12-16 22:00:00,0.0,-0.2,2.8,93,2
2023-12-16 23:00:00,0.0,-1.1,2.8,95,65
2023-12-17 00:00:00,0.0,-1.6,3.9,96,58
2023-12-17 01:00:00,0.0,-1.6,4.6,95,43
2023-12-17 02:00:00,0.0,-1.7,6.5,93,34
2023-12-17 03:00:00,0.0,-1.9,7.0,92,35
2023-12-17 04:00:00,0.0,-2.2,7.6,90,25
2023-12-17 05:00:00,0.0,-2.1,6.0,91,24
2023-12-17 06:00:00,0.0,-1.8,4.9,92,9
2023-12-17 07:00:00,0.0,-2.0,5.4,90,10
2023-12-17 08:00:00,0.0,-1.9,6.3,87,7
2023-12-17 09:00:00,0.0,-3.1,6.8,90,4
2023-12-17 10:00:00,0.0,-0.6,6.0,82,6
2023-12-17 11:00:00,0.0,1.8,5.9,74,1
2023-12-17 12:00:00,0.0,4.1,6.3,65,1
2023-12-17 13:00:00,0.0,6.7,6.4,56,0
2023-12-17 14:00:00,0.0,8.2,5.2,54,1
2023-12-17 15:00:00,0.0,9.0,3.5,53,0
2023-12-17 16:00:00,0.0,8.8,3.9,52,0
2023-12-17 17:00:00,0.0,7.1,4.6,58,0
2023-12-17 18:00:00,0.0,4.9,4.7,66,0
2023-12-17 19:00:00,0.0,2.7,5.8,74,0
2023-12-17 20:00:00,0.0,0.4,6.6,82,0
2023-12-17 21:00:00,0.0,-0.7,7.3,87,0
2023-12-17 22:00:00,0.0,-1.2,7.6,89,0
2023-12-17 23:00:00,0.0,-0.9,6.9,86,0
2023-12-18 00:00:00,0.0,-1.3,7.2,84,0
2023-12-18 01:00:00,0.0,-1.7,6.8,83,0
2023-12-18 02:00:00,0.0,-2.3,6.5,83,0
2023-12-18 03:00:00,0.0,-2.4,6.7,81,0
2023-12-18 04:00:00,0.0,-2.6,6.5,82,0
2023-12-18 05:00:00,0.0,-2.8,6.2,81,0
2023-12-18 06:00:00,0.0,-3.1,6.5,81,0
2023-12-18 07:00:00,0.0,-3.1,6.9,78,0
2023-12-18 08:00:00,0.0,-2.9,6.5,77,0
2023-12-18 09:00:00,0.0,-1.7,5.8,75,0
2023-12-18 10:00:00,0.0,1.3,7.3,68,0
2023-12-18 11:00:00,0.0,4.9,5.4,59,0
2023-12-18 12:00:00,0.0,7.4,3.3,52,0
2023-12-18 13:00:00,0.0,9.1,2.0,50,0
2023-12-18 14:00:00,0.0,10.0,1.5,48,0
2023-12-18 15:00:00,0.0,10.5,2.1,49,0
2023-12-18 16:00:00,0.0,9.5,1.9,53,0
2023-12-18 17:00:00,0.0,6.3,2.3,61,0
2023-12-18 18:00:00,0.0,3.2,3.7,76,0
2023-12-18 19:00:00,0.0,0.9,4.7,82,0
2023-12-18 20:00:00,0.0,-0.6,6.2,86,0
2023-12-18 21:00:00,0.0,-1.4,6.2,89,0
2023-12-18 22:00:00,0.0,-1.4,4.1,86,0
2023-12-18 23:00:00,0.0,-1.3,3.6,84,0
2023-12-19 00:00:00,0.0,-2.7,2.7,88,0
2023-12-19 01:00:00,0.0,-2.4,4.6,87,0
2023-12-19 02:00:00,0.0,-2.8,4.9,88,0
2023-12-19 03:00:00,0.0,-3.3,4.7,86,0
2023-12-19 04:00:00,0.0,-3.3,4.8,84,0
2023-12-19 05:00:00,0.0,-3.6,4.0,83,0
2023-12-19 06:00:00,0.0,-4.0,3.5,83,0
2023-12-19 07:00:00,0.0,-3.8,3.7,84,0
2023-12-19 08:00:00,0.0,-3.8,4.6,81,0
2023-12-19 09:00:00,0.0,-3.1,3.7,79,0
2023-12-19 10:00:00,0.0,-0.1,5.6,72,0
2023-12-19 11:00:00,0.0,3.0,4.0,63,0
2023-12-19 12:00:00,0.0,5.7,3.5,62,0
2023-12-19 13:00:00,0.0,6.9,2.8,60,3
2023-12-19 14:00:00,0.0,7.5,3.1,60,21
2023-12-19 15:00:00,0.0,6.9,4.6,69,31
2023-12-19 16:00:00,0.0,2.9,6.4,77,38
2023-12-19 17:00:00,0.0,-0.0,9.4,82,18
2023-12-19 18:00:00,0.0,-1.3,8.2,86,39
2023-12-19 19:00:00,0.0,-1.8,7.2,90,62
2023-12-19 20:00:00,0.0,-1.7,6.5,93,69
2023-12-19 21:00:00,0.0,-1.1,6.4,94,93
2023-12-19 22:00:00,0.2,-0.3,5.0,93,89
2023-12-19 23:00:00,0.0,-0.1,4.1,92,49
2023-12-20 00:00:00,0.0,0.1,4.8,91,78
2023-12-20 01:00:00,0.0,0.5,5.4,90,100
2023-12-20 02:00:00,0.2,1.1,5.4,89,100
2023-12-20 03:00:00,0.6,1.2,4.1,92,100
2023-12-20 04:00:00,0.9,1.3,4.1,95,100
2023-12-20 05:00:00,1.0,1.4,4.3,95,100
2023-12-20 06:00:00,0.8,1.5,6.3,96,100
2023-12-20 07:00:00,0.2,1.8,9.2,98,100
2023-12-20 08:00:00,0.2,2.1,13.2,98,100
2023-12-20 09:00:00,0.2,2.5,15.5,98,100
2023-12-20 10:00:00,0.2,2.4,16.6,97,100
2023-12-20 11:00:00,0.1,2.7,15.0,91,93
2023-12-20 12:00:00,0.1,2.7,14.7,87,73
2023-12-20 13:00:00,0.0,2.5,15.8,84,59
2023-12-20 14:00:00,0.1,2.3,17.8,85,85
2023-12-20 15:00:00,0.1,2.0,17.0,86,86
2023-12-20 16:00:00,0.1,1.8,14.5,88,89
2023-12-20 17:00:00,0.0,1.4,11.8,90,79
2023-12-20 18:00:00,0.0,1.1,10.5,91,75
2023-12-20 19:00:00,0.0,0.8,10.3,92,81
2023-12-20 20:00:00,0.0,0.7,10.8,93,81
2023-12-20 21:00:00,0.1,1.0,9.0,93,92
2023-12-20 22:00:00,0.1,1.2,7.5,93,99
2023-12-20 23:00:00,0.1,1.2,5.8,93,96
2023-12-21 00:00:00,0.1,1.2,5.8,94,100
2023-12-21 01:00:00,0.1,1.2,5.4,94,100
2023-12-21 02:00:00,0.1,1.3,6.5,95,100
2023-12-21 03:00:00,0.1,1.4,6.1,95,100
2023-12-21 04:00:00,0.0,1.7,4.4,95,100
2023-12-21 05:00:00,0.0,1.8,4.9,95,100
2023-12-21 06:00:00,0.2,2.1,5.6,94,100
2023-12-21 07:00:00,0.1,2.6,7.9,92,100
2023-12-21 08:00:00,0.0,3.0,10.5,92,100
2023-12-21 09:00:00,0.1,3.4,11.2,92,100
2023-12-21 10:00:00,0.1,4.1,10.4,91,100
2023-12-21 11:00:00,0.1,5.1,11.3,90,100
2023-12-21 12:00:00,0.2,5.9,13.7,89,100
2023-12-21 13:00:00,0.2,6.6,14.5,88,100
2023-12-21 14:00:00,0.1,7.5,15.2,87,99
2023-12-21 15:00:00,0.1,8.0,15.2,86,100
2023-12-21 16:00:00,0.1,7.9,16.7,87,100
2023-12-21 17:00:00,0.1,7.6,17.4,86,100
2023-12-21 18:00:00,0.1,7.4,18.9,85,99
2023-12-21 19:00:00,0.1,7.2,20.9,86,93
2023-12-21 20:00:00,0.1,6.7,20.0,86,100
2023-12-21 21:00:00,0.1,6.3,18.2,87,100
2023-12-21 22:00:00,0.1,6.1,18.2,89,100
2023-12-21 23:00:00,0.2,6.0,17.6,88,100
2023-12-22 00:00:00,0.1,5.7,17.9,89,100
2023-12-22 01:00:00,0.2,5.5,19.3,89,100
2023-12-22 02:00:00,0.2,5.5,17.3,90,100
2023-12-22 03:00:00,0.2,5.4,18.4,90,100
2023-12-22 04:00:00,0.2,5.3,19.1,90,100
2023-12-22 05:00:00,0.2,5.1,18.6,90,100
2023-12-22 06:00:00,0.2,5.0,19.5,91,100
2023-12-22 07:00:00,0.1,5.0,18.8,91,100
2023-12-22 08:00:00,0.1,5.0,17.4,91,100
2023-12-22 09:00:00,0.1,5.0,16.0,91,100
2023-12-22 10:00:00,0.1,5.2,15.0,91,100
2023-12-22 11:00:00,0.1,5.9,9.0,89,100
2023-12-22 12:00:00,0.1,6.5,10.8,88,100
2023-12-22 13:00:00,0.2,7.0,13.5,86,100
2023-12-22 14:00:00,0.2,7.3,16.2,81,100
2023-12-22 15:00:00,0.2,7.3,19.0,80,93
2023-12-22 16:00:00,0.1,6.8,19.4,79,99
2023-12-22 17:00:00,0.1,5.9,18.8,80,100
2023-12-22 18:00:00,0.1,5.2,17.9,83,98
2023-12-22 19:00:00,0.1,4.7,16.7,83,91
2023-12-22 20:00:00,0.1,4.4,15.5,83,93
2023-12-22 21:00:00,0.1,4.2,15.0,83,88
2023-12-22 22:00:00,0.1,4.0,14.2,83,96
2023-12-22 23:00:00,0.1,3.8,13.5,86,100
2023-12-23 00:00:00,0.1,3.8,12.4,87,100
2023-12-23 01:00:00,0.0,3.6,12.2,88,94
2023-12-23 02:00:00,0.0,3.5,11.3,89,94
2023-12-23 03:00:00,0.0,3.4,11.4,89,93
2023-12-23 04:00:00,0.1,3.2,12.1,90,97
2023-12-23 05:00:00,0.1,3.1,12.3,90,85
2023-12-23 06:00:00,0.0,2.9,10.8,90,77
2023-12-23 07:00:00,0.0,2.8,9.7,89,91
2023-12-23 08:00:00,0.0,2.4,10.5,90,98
2023-12-23 09:00:00,0.0,2.5,10.0,90,73
2023-12-23 10:00:00,0.1,3.4,11.8,86,68
2023-12-23 11:00:00,0.0,4.6,8.6,81,100
2023-12-23 12:00:00,0.0,5.6,10.0,78,100
2023-12-23 13:00:00,0.0,6.1,12.6,79,100
2023-12-23 14:00:00,0.0,6.5,12.4,79,100
2023-12-23 15:00:00,0.1,6.3,11.4,79,99
2023-12-23 16:00:00,0.0,5.8,9.8,80,90
2023-12-23 17:00:00,0.0,4.4,8.0,82,77
2023-12-23 18:00:00,0.0,3.0,7.1,85,99
2023-12-23 19:00:00,0.0,2.7,6.8,86,100
2023-12-23 20:00:00,0.0,2.4,7.6,89,100
2023-12-23 21:00:00,0.0,2.2,7.1,89,100
2023-12-23 22:00:00,0.0,2.0,7.2,90,99
2023-12-23 23:00:00,0.0,2.0,4.0,90,75
2023-12-24 00:00:00,0.0,1.6,5.2,90,66
2023-12-24 01:00:00,0.0,1.0,4.7,90,76
2023-12-24 02:00:00,0.0,0.8,3.4,88,72
2023-12-24 03:00:00,0.0,-0.1,4.8,91,66
2023-12-24 04:00:00,0.0,-0.2,5.2,90,72
2023-12-24 05:00:00,0.0,0.1,5.4,89,64
2023-12-24 06:00:00,0.0,0.1,4.0,88,80
2023-12-24 07:00:00,0.0,0.2,2.9,87,89
2023-12-24 08:00:00,0.0,0.1,3.7,87,81
2023-12-24 09:00:00,0.0,0.4,4.3,87,69
2023-12-24 10:00:00,0.0,2.2,4.8,85,68
2023-12-24 11:00:00,0.0,4.5,4.8,83,60
2023-12-24 12:00:00,0.0,6.7,4.9,77,27
2023-12-24 13:00:00,0.0,8.4,5.2,71,12
2023-12-24 14:00:00,0.0,9.4,5.2,64,16
2023-12-24 15:00:00,0.0,9.8,4.6,64,10
2023-12-24 16:00:00,0.0,8.9,5.0,66,4
2023-12-24 17:00:00,0.0,4.8,5.4,76,2
2023-12-24 18:00:00,0.0,2.5,6.6,82,4
2023-12-24 19:00:00,0.0,1.7,7.6,85,9
2023-12-24 20:00:00,0.0,1.2,8.2,87,10
2023-12-24 21:00:00,0.0,0.5,7.5,87,10
2023-12-24 22:00:00,0.0,-0.2,7.2,87,14
2023-12-24 23:00:00,0.0,-0.5,7.0,91,38
2023-12-25 00:00:00,0.0,-1.6,6.9,91,43
2023-12-25 01:00:00,0.0,-1.9,6.6,90,12
2023-12-25 02:00:00,0.0,-1.6,6.6,90,11
2023-12-25 03:00:00,0.0,-1.5,6.4,88,13
2023-12-25 04:00:00,0.0,-2.5,6.1,86,12
2023-12-25 05:00:00,0.0,-2.1,6.3,84,21
2023-12-25 06:00:00,0.0,-1.9,6.3,83,15
2023-12-25 07:00:00,0.0,-1.8,6.4,81,14
2023-12-25 08:00:00,0.0,-2.2,6.1,83,11
2023-12-25 09:00:00,0.0,-2.0,5.1,80,11
2023-12-25 10:00:00,0.0,0.1,5.2,76,8
2023-12-25 11:00:00,0.0,3.8,3.4,64,6
2023-12-25 12:00:00,0.0,6.1,1.8,56,4
2023-12-25 13:00:00,0.0,7.9,2.1,49,2
2023-12-25 14:00:00,0.0,9.1,3.1,44,1
2023-12-25 15:00:00,0.0,9.3,3.1,41,2
2023-12-25 16:00:00,0.0,9.0,3.6,31,0
2023-12-25 17:00:00,0.0,6.4,3.6,41,1
2023-12-25 18:00:00,0.0,4.4,4.2,50,1
2023-12-25 19:00:00,0.0,3.7,4.4,56,1
2023-12-25 20:00:00,0.0,1.5,4.6,65,1
2023-12-25 21:00:00,0.0,-0.1,5.7,73,4
2023-12-25 22:00:00,0.0,-1.0,6.4,76,7
2023-12-25 23:00:00,0.0,-1.4,6.4,81,4
2023-12-26 00:00:00,0.0,-2.0,5.6,81,7
2023-12-26 01:00:00,0.0,-2.4,5.1,82,5
2023-12-26 02:00:00,0.0,-2.8,4.6,82,5
2023-12-26 03:00:00,0.0,-2.6,4.3,80,9
2023-12-26 04:00:00,0.0,-2.6,3.8,79,11
2023-12-26 05:00:00,0.0,-2.6,3.8,78,17
2023-12-26 06:00:00,0.0,-2.2,4.1,73,24
2023-12-26 07:00:00,0.0,-2.8,4.2,74,12
2023-12-26 08:00:00,0.0,-4.1,4.3,77,14
2023-12-26 09:00:00,0.0,-3.9,5.0,81,53
2023-12-26 10:00:00,0.0,-0.5,4.9,74,95
2023-12-26 11:00:00,0.0,1.4,5.2,67,82
2023-12-26 12:00:00,0.0,4.5,2.4,61,15
2023-12-26 13:00:00,0.0,6.7,2.3,53,0
2023-12-26 14:00:00,0.0,8.0,2.3,49,0
2023-12-26 15:00:00,0.0,8.2,2.9,53,0
2023-12-26 16:00:00,0.0,7.8,4.5,46,0
2023-12-26 17:00:00,0.0,4.6,1.6,57,3
2023-12-26 18:00:00,0.0,2.3,2.3,67,8
2023-12-26 19:00:00,0.0,1.0,1.1,71,7
2023-12-26 20:00:00,0.0,0.3,7.6,73,0
2023-12-26 21:00:00,0.0,-1.1,5.8,79,22
2023-12-26 22:00:00,0.0,-2.3,5.8,82,33
2023-12-26 23:00:00,0.0,-2.7,7.6,77,89
2023-12-27 00:00:00,0.0,-2.5,8.4,77,82
2023-12-27 01:00:00,0.0,-3.1,7.6,77,98
2023-12-27 02:00:00,0.0,-3.3,5.8,79,97
2023-12-27 03:00:00,0.0,-3.4,6.6,77,96
2023-12-27 04:00:00,0.0,-3.4,6.8,74,92
2023-12-27 05:00:00,0.0,-3.2,7.6,72,47
2023-12-27 06:00:00,0.0,-3.3,7.9,68,9
2023-12-27 07:00:00,0.0,-3.5,8.6,65,19
2023-12-27 08:00:00,0.0,-3.4,8.4,57,43
2023-12-27 09:00:00,0.0,-2.6,7.7,51,30
2023-12-27 10:00:00,0.0,1.1,10.4,45,19
2023-12-27 11:00:00,0.0,4.7,11.4,45,31
2023-12-27 12:00:00,0.0,7.9,11.4,40,19
2023-12-27 13:00:00,0.0,10.5,11.4,38,0
2023-12-27 14:00:00,0.0,12.2,10.8,35,0
2023-12-27 15:00:00,0.0,12.6,10.1,36,2
2023-12-27 16:00:00,0.0,10.9,9.8,38,2
2023-12-27 17:00:00,0.0,8.1,10.4,44,0
2023-12-27 18:00:00,0.0,6.3,10.4,49,0
2023-12-27 19:00:00,0.0,5.0,11.2,51,0
2023-12-27 20:00:00,0.0,4.0,12.3,54,3
2023-12-27 21:00:00,0.0,3.3,11.9,57,8
2023-12-27 22:00:00,0.0,2.5,11.2,62,14
2023-12-27 23:00:00,0.0,2.7,9.0,67,77
2023-12-28 00:00:00,0.0,2.3,8.6,71,100
2023-12-28 01:00:00,0.0,2.0,8.3,75,88
2023-12-28 02:00:00,0.0,1.4,8.7,77,100
2023-12-28 03:00:00,0.0,0.8,9.8,79,100
2023-12-28 04:00:00,0.0,0.7,10.9,81,100
2023-12-28 05:00:00,0.0,0.8,10.8,83,54
2023-12-28 06:00:00,0.0,1.0,11.6,83,88
2023-12-28 07:00:00,0.0,1.2,11.5,85,100
2023-12-28 08:00:00,0.2,1.6,10.4,83,100
2023-12-28 09:00:00,0.0,1.9,9.4,83,100
2023-12-28 10:00:00,0.4,3.1,9.0,80,99
2023-12-28 11:00:00,0.0,5.3,9.9,76,99
2023-12-28 12:00:00,0.0,6.5,10.6,73,100
2023-12-28 13:00:00,0.0,7.2,10.9,70,100
2023-12-28 14:00:00,0.0,7.8,11.2,69,100
2023-12-28 15:00:00,0.0,8.1,10.4,68,100
2023-12-28 16:00:00,0.0,7.7,9.0,70,100
2023-12-28 17:00:00,0.0,7.1,7.6,71,100
2023-12-28 18:00:00,0.0,6.4,7.3,74,85
2023-12-28 19:00:00,0.0,6.1,7.3,75,73
2023-12-28 20:00:00,0.0,6.1,7.2,76,73
2023-12-28 21:00:00,0.0,5.7,7.6,79,95
2023-12-28 22:00:00,0.0,5.7,7.9,81,94
2023-12-28 23:00:00,0.0,5.3,7.3,84,64
2023-12-29 00:00:00,0.1,5.2,8.0,84,61
2023-12-29 01:00:00,0.0,5.0,7.3,86,82
2023-12-29 02:00:00,0.0,4.3,6.5,87,68
2023-12-29 03:00:00,0.0,4.5,6.1,87,37
2023-12-29 04:00:00,0.0,4.2,6.1,89,35
2023-12-29 05:00:00,0.0,3.5,6.1,90,62
2023-12-29 06:00:00,0.0,3.1,6.5,90,70
2023-12-29 07:00:00,0.0,2.7,7.2,91,76
2023-12-29 08:00:00,0.0,2.6,7.9,92,86
2023-12-29 09:00:00,0.0,2.6,8.7,92,90
2023-12-29 10:00:00,0.0,4.2,9.0,88,95
2023-12-29 11:00:00,0.0,6.2,6.5,84,98
2023-12-29 12:00:00,0.0,7.6,5.5,81,93
2023-12-29 13:00:00,0.0,8.5,4.9,81,96
2023-12-29 14:00:00,0.0,8.7,6.7,80,97
2023-12-29 15:00:00,0.0,8.6,6.4,79,97
2023-12-29 16:00:00,0.0,8.2,4.7,81,91
2023-12-29 17:00:00,0.0,7.0,5.9,84,93
2023-12-29 18:00:00,0.0,6.3,6.5,85,97
2023-12-29 19:00:00,0.0,5.7,6.8,86,95
2023-12-29 20:00:00,0.0,4.9,6.8,88,97
2023-12-29 21:00:00,0.0,4.6,5.8,90,98
2023-12-29 22:00:00,0.0,4.1,5.1,90,99
2023-12-29 23:00:00,0.0,3.7,5.4,90,99
2023-12-30 00:00:00,0.0,2.9,5.1,90,98
2023-12-30 01:00:00,0.0,2.2,6.6,91,93
2023-12-30 02:00:00,0.0,2.3,5.0,92,92
2023-12-30 03:00:00,0.0,2.0,3.0,93,89
2023-12-30 04:00:00,0.0,2.0,3.5,94,76
2023-12-30 05:00:00,0.0,1.7,4.5,95,89
2023-12-30 06:00:00,0.0,1.3,4.5,95,86
2023-12-30 07:00:00,0.0,1.0,5.4,95,83
2023-12-30 08:00:00,0.0,0.5,4.8,94,72
2023-12-30 09:00:00,0.0,0.7,5.2,93,60
2023-12-30 10:00:00,0.0,2.5,6.6,89,68
2023-12-30 11:00:00,0.0,5.1,5.6,84,88
2023-12-30 12:00:00,0.0,7.0,6.8,75,91
2023-12-30 13:00:00,0.0,8.6,8.3,66,55
2023-12-30 14:00:00,0.0,9.7,9.0,62,58
2023-12-30 15:00:00,0.0,9.9,10.0,62,77
2023-12-30 16:00:00,0.0,8.9,4.7,69,57
2023-12-30 17:00:00,0.0,7.6,6.8,72,31
2023-12-30 18:00:00,0.0,6.3,9.0,76,38
2023-12-30 19:00:00,0.0,5.7,8.2,78,9
2023-12-30 20:00:00,0.0,5.1,7.8,80,4
2023-12-30 21:00:00,0.0,4.4,8.8,83,1
2023-12-30 22:00:00,0.0,4.1,10.2,84,5
2023-12-30 23:00:00,0.0,4.1,13.8,86,59
2023-12-31 00:00:00,0.0,4.2,17.1,83,95
2023-12-31 01:00:00,0.0,4.6,18.8,79,98
2023-12-31 02:00:00,0.0,4.9,19.8,76,99
2023-12-31 03:00:00,0.0,5.5,20.9,73,98
2023-12-31 04:00:00,0.0,5.8,21.6,73,100
2023-12-31 05:00:00,0.0,6.1,21.6,73,98
2023-12-31 06:00:00,0.0,6.3,21.6,73,79
2023-12-31 07:00:00,0.0,6.4,19.8,73,68
2023-12-31 08:00:00,0.0,6.5,17.4,72,90
2023-12-31 09:00:00,0.3,6.1,14.8,73,96
2023-12-31 10:00:00,1.0,4.9,16.1,80,100
2023-12-31 11:00:00,0.8,3.8,15.8,83,100
2023-12-31 12:00:00,0.4,3.7,13.5,86,100
2023-12-31 13:00:00,0.3,3.8,12.6,84,97
2023-12-31 14:00:00,0.1,3.9,14.1,82,58
2023-12-31 15:00:00,0.0,3.9,16.3,80,79
2023-12-31 16:00:00,0.1,3.6,16.6,79,85
2023-12-31 17:00:00,0.2,3.2,14.7,79,97
2023-12-31 18:00:00,0.1,2.6,9.3,82,34
2023-12-31 19:00:00,0.0,2.0,6.7,84,48
2023-12-31 20:00:00,0.0,1.6,6.7,84,61
2023-12-31 21:00:00,0.0,1.6,7.7,82,85
2023-12-31 22:00:00,0.0,1.5,8.2,83,91
2023-12-31 23:00:00,0.0,1.4,8.9,84,89
