point_id,lat,lon,distance_km,altitude_m,precipitation_mm_h,precipitation_p95_mm_h,temperature_c,windspeed_kmh,humidity_pct,cloudcover_pct
0,45.409192,3.727526,0.0,596.5,0.1194,0.7,12.35,9.08,75.2,63.4
1,45.408341,3.727116,0.0999,598.2,0.1194,0.7,12.3346,9.08,75.197,63.4
2,45.407528,3.726567,0.1999,599.6,0.1194,0.7,12.3192,9.08,75.194,63.4
3,45.406729,3.725978,0.2999,605.6,0.1194,0.7,12.3038,9.08,75.1911,63.4
4,45.405903,3.725479,0.3997,610.1,0.1194,0.7,12.2884,9.08,75.1881,63.4
5,45.405061,3.725027,0.4998,612.2,0.1194,0.7,12.2729,9.08,75.1851,63.4
6,45.404201,3.724659,0.5997,613.5,0.1194,0.7,12.2575,9.08,75.1821,63.4
7,45.403316,3.724441,0.6996,614.7,0.1194,0.7,12.2421,9.08,75.1791,63.4
8,45.402422,3.724312,0.7995,619.6,0.1194,0.7,12.2267,9.08,75.1761,63.4
9,45.40153,3.724155,0.8994,622.3,0.1194,0.7,12.2113,9.08,75.1732,63.4
10,45.400647,3.723912,0.9994,623.6,0.1194,0.7,12.1959,9.08,75.1702,63.4
11,45.399765,3.723665,1.0994,624.5,0.1194,0.7,12.1805,9.08,75.1672,63.4
12,45.398892,3.723358,1.1994,628.7,0.1194,0.7,12.1651,9.08,75.1642,63.4
13,45.398003,3.723193,1.2991,633.1,0.1194,0.7,12.1497,9.08,75.1612,63.4
14,45.397107,3.723223,1.3988,634.7,0.1194,0.7,12.1343,9.08,75.1583,63.4
15,45.396214,3.72337,1.4988,635.1,0.1194,0.7,12.1189,9.08,75.1553,63.4
16,45.395324,3.723551,1.5988,638.3,0.1194,0.7,12.1035,9.08,75.1523,63.4
17,45.394437,3.723765,1.6988,640.9,0.1194,0.7,12.0881,9.08,75.1493,63.4
18,45.393554,3.724004,1.7987,646.0,0.1194,0.7,12.0727,9.08,75.1463,63.4
19,45.392717,3.724468,1.8986,648.9,0.1194,0.7,12.0573,9.08,75.1433,63.4
20,45.391952,3.72513,1.9981,651.0,0.1194,0.7,12.0419,9.08,75.1404,63.4
21,45.391222,3.725879,2.0981,656.7,0.1194,0.7,12.0265,9.08,75.1374,63.4
22,45.390684,3.7269,2.1978,660.0,0.1194,0.7,12.0111,9.08,75.1344,63.4
23,45.390133,3.727911,2.2977,662.5,0.1194,0.7,11.9957,9.08,75.1314,63.4
24,45.389519,3.728845,2.3976,658.4,0.1194,0.7,11.9803,9.08,75.1285,63.4
25,45.388722,3.729384,2.4957,655.7,0.1194,0.7,11.9652,9.08,75.1255,63.4
26,45.387839,3.729272,2.5943,660.4,0.1194,0.7,11.95,9.08,75.1226,63.4
27,45.387085,3.728624,2.6922,669.4,0.1194,0.7,11.9349,9.08,75.1197,63.4
28,45.386676,3.72752,2.7897,675.1,0.1194,0.7,11.9199,9.08,75.1167,63.4
29,45.386765,3.726251,2.8893,679.5,0.1194,0.7,11.9045,9.08,75.1138,63.4
30,45.387071,3.725057,2.9886,682.8,0.1194,0.7,11.8892,9.08,75.1108,63.4
31,45.387409,3.723875,3.0883,683.0,0.1194,0.7,11.8738,9.08,75.1078,63.4
32,45.387474,3.722614,3.187,684.1,0.1194,0.7,11.8586,9.08,75.1049,63.4
33,45.387183,3.721413,3.2862,689.0,0.1194,0.7,11.8433,9.08,75.1019,63.4
34,45.386646,3.720386,3.3862,693.7,0.1194,0.7,11.8279,9.08,75.0989,63.4
35,45.386109,3.719359,3.4862,697.8,0.1194,0.7,11.8125,9.08,75.096,63.4
36,45.38558,3.718323,3.5862,695.3,0.1194,0.7,11.7971,9.08,75.093,63.4
37,45.385056,3.717282,3.6862,694.0,0.1194,0.7,11.7816,9.08,75.09,63.4
38,45.384532,3.716241,3.7862,696.8,0.1194,0.7,11.7662,9.08,75.087,63.4
39,45.383951,3.715267,3.886,703.9,0.1194,0.7,11.7508,9.08,75.084,63.4
40,45.383308,3.714375,3.9858,701.2,0.1194,0.7,11.7355,9.08,75.0811,63.4
41,45.382586,3.713615,4.0856,704.0,0.1194,0.7,11.7201,9.08,75.0781,63.4
42,45.381835,3.712912,4.1855,708.0,0.1194,0.7,11.7047,9.08,75.0751,63.4
43,45.381083,3.712209,4.2855,710.2,0.1194,0.7,11.6892,9.08,75.0721,63.4
44,45.380335,3.711498,4.3855,713.5,0.1194,0.7,11.6738,9.08,75.0691,63.4
45,45.379635,3.710696,4.4854,716.2,0.1194,0.7,11.6584,9.08,75.0661,63.4
46,45.378933,3.709896,4.5854,718.2,0.1194,0.7,11.643,9.08,75.0632,63.4
47,45.378189,3.70918,4.6853,719.1,0.1194,0.7,11.6276,9.08,75.0602,63.4
48,45.377605,3.708208,4.7852,719.3,0.1194,0.7,11.6122,9.08,75.0572,63.4
49,45.377159,3.70711,4.8843,725.9,0.1194,0.7,11.5969,9.08,75.0542,63.4
50,45.377091,3.705862,4.9821,734.7,0.1194,0.7,11.5818,9.08,75.0513,63.4
51,45.377452,3.704702,5.0812,740.1,0.1194,0.7,11.5666,9.08,75.0484,63.4
52,45.377911,3.703603,5.1811,746.2,0.1194,0.7,11.5512,9.08,75.0454,63.4
53,45.378338,3.702485,5.2805,751.6,0.1194,0.7,11.5358,9.08,75.0424,63.4
54,45.378736,3.701341,5.3802,754.1,0.1194,0.7,11.5205,9.08,75.0394,63.4
55,45.379295,3.700339,5.4801,753.0,0.1194,0.7,11.5051,9.08,75.0365,63.4
56,45.379854,3.699336,5.5801,750.4,0.1194,0.7,11.4896,9.08,75.0335,63.4
57,45.380285,3.69822,5.6796,750.8,0.1194,0.7,11.4743,9.08,75.0305,63.4
58,45.380772,3.69718,5.7772,746.4,0.1194,0.7,11.4592,9.08,75.0276,63.4
59,45.381493,3.696414,5.8772,756.7,0.1194,0.7,11.4438,9.08,75.0246,63.4
60,45.382185,3.695597,5.9772,760.2,0.1194,0.7,11.4284,9.08,75.0216,63.4
61,45.382868,3.694765,6.0772,765.3,0.1194,0.7,11.413,9.08,75.0186,63.4
62,45.383496,3.693857,6.1767,764.1,0.1194,0.7,11.3976,9.08,75.0157,63.4
63,45.383968,3.692771,6.2764,771.5,0.1194,0.7,11.3823,9.08,75.0127,63.4
64,45.38421,3.691546,6.3758,778.5,0.1194,0.7,11.367,9.08,75.0097,63.4
65,45.384619,3.690432,6.474,780.8,0.1194,0.7,11.3518,9.08,75.0068,63.4
66,45.385144,3.689392,6.574,779.2,0.1194,0.7,11.3364,9.08,75.0038,63.4
67,45.385669,3.688352,6.674,782.7,0.1194,0.7,11.321,9.08,75.0008,63.4
68,45.386035,3.687183,6.774,783.6,0.1194,0.7,11.3056,9.08,74.9978,63.4
69,45.386662,3.686306,6.8717,784.4,0.1194,0.7,11.2905,9.08,74.9949,63.4
70,45.387506,3.685885,6.9711,785.8,0.1194,0.7,11.2752,9.08,74.992,63.4
71,45.388392,3.685671,7.071,776.8,0.1194,0.7,11.2598,9.08,74.989,63.4
72,45.389289,3.685629,7.1708,791.6,0.1194,0.7,11.2444,9.08,74.986,63.4
73,45.390084,3.685064,7.2696,793.7,0.1194,0.7,11.2291,9.08,74.9831,63.4
74,45.390579,3.684019,7.368,786.9,0.1194,0.7,11.214,9.08,74.9801,63.4
75,45.390983,3.682875,7.468,791.4,0.1194,0.7,11.1986,9.08,74.9771,63.4
76,45.391428,3.681792,7.566,801.6,0.1194,0.7,11.1834,9.08,74.9742,63.4
77,45.392225,3.681206,7.6657,800.0,0.1194,0.7,11.1681,9.08,74.9712,63.4
78,45.393068,3.68076,7.7657,801.8,0.1194,0.7,11.1527,9.08,74.9683,63.4
79,45.393771,3.679966,7.8655,813.3,0.1194,0.7,11.1373,9.08,74.9653,63.4
80,45.394401,3.679052,7.9655,813.6,0.1194,0.7,11.1218,9.08,74.9623,63.4
81,45.395163,3.678399,8.0644,807.9,0.1194,0.7,11.1066,9.08,74.9593,63.4
82,45.396018,3.678003,8.1644,810.5,0.1194,0.7,11.0912,9.08,74.9564,63.4
83,45.396811,3.677412,8.2639,813.8,0.1194,0.7,11.0758,9.08,74.9534,63.4
84,45.397462,3.676539,8.3633,828.0,0.1194,0.7,11.0605,9.08,74.9504,63.4
85,45.397858,3.67541,8.4618,830.4,0.1194,0.7,11.0453,9.08,74.9475,63.4
86,45.398054,3.674162,8.5616,831.5,0.1194,0.7,11.0299,9.08,74.9445,63.4
87,45.398108,3.672887,8.6613,834.8,0.1194,0.7,11.0146,9.08,74.9415,63.4
88,45.398091,3.671606,8.7613,829.2,0.1194,0.7,10.9991,9.08,74.9385,63.4
89,45.39798,3.670336,8.8612,821.2,0.1194,0.7,10.9837,9.08,74.9356,63.4
90,45.397884,3.669062,8.9612,815.3,0.1194,0.7,10.9683,9.08,74.9326,63.4
91,45.398086,3.667824,9.0604,816.4,0.1194,0.7,10.953,9.08,74.9296,63.4
92,45.398217,3.666567,9.1596,824.4,0.1194,0.7,10.9377,9.08,74.9267,63.4
93,45.397865,3.665419,9.2574,829.9,0.1194,0.7,10.9227,9.08,74.9237,63.4
94,45.397375,3.664367,9.356,834.0,0.1194,0.7,10.9075,9.08,74.9208,63.4
95,45.397099,3.663156,9.4554,831.9,0.1194,0.7,10.8921,9.08,74.9178,63.4
96,45.397227,3.661889,9.5553,830.6,0.1194,0.7,10.8767,9.08,74.9148,63.4
97,45.397333,3.660623,9.6548,831.0,0.1194,0.7,10.8614,9.08,74.9119,63.4
98,45.397191,3.65936,9.7547,836.8,0.1194,0.7,10.846,9.08,74.9089,63.4
99,45.39709,3.658097,9.854,840.2,0.1194,0.7,10.8307,9.08,74.9059,63.4
100,45.397226,3.656839,9.9534,837.7,0.1194,0.7,10.8153,9.08,74.903,63.4
101,45.397432,3.655599,10.0529,846.0,0.1194,0.7,10.8,9.08,74.9,63.4
102,45.39747,3.654327,10.1523,853.0,0.1192,0.698,10.793,9.0881,74.8822,63.3901
103,45.397308,3.653071,10.252,850.8,0.1189,0.696,10.786,9.0962,74.8644,63.3802
104,45.397075,3.651834,10.352,843.1,0.1187,0.6941,10.7789,9.1043,74.8466,63.3703
105,45.396666,3.6507,10.4515,837.2,0.1185,0.6921,10.7719,9.1124,74.8288,63.3604
106,45.395984,3.6499,10.5497,836.0,0.1182,0.6901,10.765,9.1204,74.8112,63.3507
107,45.39514,3.649499,10.6486,837.7,0.118,0.6882,10.758,9.1285,74.7936,63.3409
108,45.394249,3.649331,10.7485,844.7,0.1178,0.6862,10.751,9.1366,74.7757,63.331
109,45.393364,3.649109,10.8484,844.3,0.1176,0.6842,10.7439,9.1447,74.7579,63.321
110,45.392496,3.648775,10.9484,836.9,0.1173,0.6822,10.7369,9.1529,74.74,63.3111
111,45.391628,3.648436,11.0485,836.1,0.1171,0.6802,10.7298,9.161,74.7221,63.3012
112,45.390814,3.647903,11.1481,842.7,0.1169,0.6783,10.7228,9.1691,74.7043,63.2913
113,45.390022,3.647296,11.2481,839.8,0.1166,0.6763,10.7158,9.1773,74.6865,63.2814
114,45.389191,3.646807,11.3481,838.2,0.1164,0.6743,10.7087,9.1854,74.6686,63.2715
115,45.388356,3.646333,11.4481,841.5,0.1162,0.6723,10.7017,9.1935,74.6508,63.2615
116,45.387521,3.645858,11.5481,840.3,0.1159,0.6703,10.6946,9.2017,74.6329,63.2516
117,45.386676,3.645419,11.6481,838.7,0.1157,0.6683,10.6876,9.2098,74.615,63.2417
118,45.385804,3.645118,11.7479,842.1,0.1155,0.6664,10.6806,9.2179,74.5972,63.2318
119,45.384911,3.644972,11.8478,844.6,0.1152,0.6644,10.6735,9.2261,74.5793,63.2219
120,45.384013,3.644908,11.9478,847.6,0.115,0.6624,10.6665,9.2342,74.5615,63.2119
121,45.383139,3.644633,12.0473,849.9,0.1148,0.6604,10.6595,9.2423,74.5437,63.2021
122,45.382292,3.644203,12.1473,853.1,0.1145,0.6584,10.6524,9.2505,74.5258,63.1921
123,45.381464,3.643706,12.2472,854.6,0.1143,0.6564,10.6454,9.2586,74.508,63.1822
124,45.380651,3.643158,12.3472,854.5,0.1141,0.6545,10.6383,9.2667,74.4901,63.1723
125,45.379849,3.642582,12.4471,844.6,0.1138,0.6525,10.6313,9.2748,74.4723,63.1624
126,45.379068,3.641947,12.5471,840.2,0.1136,0.6505,10.6242,9.283,74.4544,63.1525
127,45.37832,3.641239,12.647,836.5,0.1134,0.6485,10.6172,9.2911,74.4366,63.1425
128,45.377549,3.64058,12.747,839.1,0.1131,0.6465,10.6102,9.2993,74.4187,63.1326
129,45.376778,3.639921,12.847,850.6,0.1129,0.6445,10.6031,9.3074,74.4008,63.1227
130,45.375968,3.639371,12.9468,848.8,0.1127,0.6426,10.5961,9.3155,74.383,63.1128
131,45.37514,3.63887,13.0468,848.5,0.1124,0.6406,10.589,9.3237,74.3651,63.1029
132,45.374308,3.638385,13.1468,847.2,0.1122,0.6386,10.582,9.3318,74.3473,63.0929
133,45.373474,3.637904,13.2469,848.1,0.112,0.6366,10.5749,9.3399,74.3294,63.083
134,45.372641,3.637424,13.3468,849.7,0.1118,0.6346,10.5679,9.3481,74.3116,63.0731
135,45.371801,3.636967,13.4468,849.7,0.1115,0.6326,10.5608,9.3562,74.2937,63.0632
136,45.370963,3.636505,13.5467,849.7,0.1113,0.6306,10.5538,9.3643,74.2758,63.0532
137,45.370117,3.636069,13.6467,853.9,0.1111,0.6287,10.5468,9.3725,74.258,63.0433
138,45.369285,3.635585,13.7466,859.1,0.1108,0.6267,10.5397,9.3806,74.2401,63.0334
139,45.368451,3.635106,13.8466,861.0,0.1106,0.6247,10.5327,9.3887,74.2223,63.0235
140,45.367598,3.634731,13.9459,859.6,0.1104,0.6227,10.5257,9.3968,74.2045,63.0136
141,45.366702,3.634673,14.0456,854.9,0.1101,0.6207,10.5186,9.4049,74.1867,63.0037
142,45.365848,3.635001,14.144,861.8,0.1099,0.6188,10.5117,9.4129,74.1691,62.994
143,45.365132,3.635763,14.2434,868.1,0.1097,0.6168,10.5047,9.421,74.1514,62.9841
144,45.364462,3.636617,14.3434,869.7,0.1094,0.6148,10.4977,9.4292,74.1335,62.9742
145,45.363734,3.637359,14.443,871.4,0.1092,0.6129,10.4906,9.4373,74.1157,62.9643
146,45.362883,3.63771,14.5415,875.9,0.109,0.6109,10.4837,9.4453,74.0981,62.9545
147,45.361989,3.637841,14.6414,883.8,0.1087,0.6089,10.4767,9.4534,74.0803,62.9446
148,45.36109,3.637904,14.7415,884.3,0.1085,0.6069,10.4696,9.4616,74.0624,62.9347
149,45.360192,3.637846,14.8415,885.2,0.1083,0.6049,10.4626,9.4697,74.0445,62.9247
150,45.359316,3.637585,14.941,883.0,0.108,0.603,10.4556,9.4778,74.0268,62.9149
151,45.358493,3.637067,15.0411,886.7,0.1078,0.601,10.4485,9.486,74.0089,62.9049
152,45.357668,3.636558,15.1411,892.1,0.1076,0.599,10.4415,9.4941,73.991,62.895
153,45.356839,3.636062,15.2411,892.6,0.1074,0.597,10.4344,9.5022,73.9731,62.8851
154,45.356019,3.635541,15.341,890.5,0.1071,0.595,10.4274,9.5104,73.9553,62.8752
155,45.355152,3.635208,15.4409,895.3,0.1069,0.593,10.4203,9.5185,73.9374,62.8652
156,45.354264,3.635009,15.5409,902.0,0.1067,0.5911,10.4133,9.5266,73.9196,62.8553
157,45.353379,3.63478,15.6409,908.5,0.1064,0.5891,10.4062,9.5348,73.9017,62.8454
158,45.352482,3.634688,15.7409,912.0,0.1062,0.5871,10.3992,9.5429,73.8839,62.8355
159,45.351612,3.634997,15.8406,913.0,0.106,0.5851,10.3922,9.551,73.866,62.8256
160,45.35077,3.635447,15.9406,918.7,0.1057,0.5831,10.3851,9.5592,73.8482,62.8157
161,45.349964,3.635999,16.0401,911.6,0.1055,0.5812,10.3781,9.5673,73.8304,62.8058
162,45.349212,3.636703,16.1402,916.6,0.1053,0.5792,10.371,9.5754,73.8125,62.7958
163,45.348464,3.637411,16.2401,928.6,0.105,0.5772,10.364,9.5835,73.7947,62.7859
164,45.347715,3.63812,16.3401,933.6,0.1048,0.5752,10.357,9.5917,73.7768,62.776
165,45.347006,3.638901,16.4398,919.8,0.1046,0.5732,10.3499,9.5998,73.759,62.7661
166,45.346527,3.639963,16.5384,922.6,0.1043,0.5713,10.343,9.6078,73.7414,62.7563
167,45.346152,3.641119,16.6379,927.6,0.1041,0.5693,10.336,9.6159,73.7236,62.7464
168,45.345549,3.642056,16.7372,928.7,0.1039,0.5673,10.329,9.624,73.7059,62.7366
169,45.344814,3.642786,16.8369,932.6,0.1036,0.5653,10.322,9.6321,73.6881,62.7267
170,45.344048,3.643455,16.9368,931.7,0.1034,0.5634,10.3149,9.6402,73.6702,62.7168
171,45.343216,3.643912,17.036,932.7,0.1032,0.5614,10.3079,9.6483,73.6525,62.7069
172,45.342324,3.644077,17.136,942.5,0.103,0.5594,10.3009,9.6565,73.6346,62.697
173,45.341451,3.64437,17.2357,941.5,0.1027,0.5574,10.2939,9.6646,73.6168,62.6871
174,45.340645,3.644923,17.3352,935.9,0.1025,0.5554,10.2868,9.6727,73.599,62.6772
175,45.339915,3.645669,17.4351,947.2,0.1023,0.5535,10.2798,9.6808,73.5812,62.6673
176,45.339223,3.646486,17.5351,960.5,0.102,0.5515,10.2728,9.6889,73.5633,62.6574
177,45.338532,3.647304,17.6351,960.9,0.1018,0.5495,10.2657,9.6971,73.5455,62.6475
178,45.337856,3.648148,17.7351,952.2,0.1016,0.5475,10.2587,9.7052,73.5276,62.6376
179,45.337287,3.649129,17.8345,955.8,0.1013,0.5455,10.2517,9.7133,73.5098,62.6277
180,45.336956,3.650314,17.9342,964.9,0.1011,0.5436,10.2446,9.7214,73.492,62.6178
181,45.336973,3.65158,18.0332,964.3,0.1009,0.5416,10.2377,9.7295,73.4743,62.608
182,45.337295,3.652771,18.1329,963.8,0.1006,0.5396,10.2306,9.7376,73.4565,62.5981
183,45.337656,3.653942,18.2328,967.6,0.1004,0.5376,10.2236,9.7457,73.4387,62.5882
184,45.338017,3.655114,18.3328,968.1,0.1002,0.5356,10.2165,9.7539,73.4208,62.5782
185,45.338378,3.656286,18.4328,972.6,0.0999,0.5337,10.2095,9.762,73.403,62.5683
186,45.338711,3.657475,18.5328,976.4,0.0997,0.5317,10.2025,9.7701,73.3851,62.5584
187,45.338826,3.658743,18.6327,983.9,0.0995,0.5297,10.1954,9.7783,73.3672,62.5485
188,45.338884,3.660018,18.7326,987.6,0.0992,0.5277,10.1884,9.7864,73.3494,62.5386
189,45.338886,3.661297,18.8326,981.2,0.099,0.5257,10.1813,9.7945,73.3315,62.5286
190,45.338881,3.662576,18.9326,970.2,0.0988,0.5237,10.1743,9.8027,73.3137,62.5187
191,45.338856,3.663855,19.0326,955.9,0.0985,0.5218,10.1672,9.8108,73.2958,62.5088
192,45.338611,3.66508,19.1321,957.5,0.0983,0.5198,10.1602,9.8189,73.278,62.4989
193,45.338167,3.666191,19.232,967.2,0.0981,0.5178,10.1532,9.827,73.2602,62.489
194,45.337647,3.667227,19.3315,975.1,0.0979,0.5158,10.1462,9.8351,73.2424,62.4791
195,45.33694,3.668013,19.4313,979.3,0.0976,0.5138,10.1391,9.8433,73.2246,62.4692
196,45.336197,3.668734,19.5313,981.4,0.0974,0.5119,10.1321,9.8514,73.2067,62.4593
197,45.335416,3.669364,19.6311,984.6,0.0972,0.5099,10.1251,9.8595,73.1889,62.4494
198,45.334615,3.669948,19.7312,982.5,0.0969,0.5079,10.118,9.8677,73.171,62.4394
199,45.333756,3.670312,19.8309,976.1,0.0967,0.5059,10.111,9.8758,73.1532,62.4295
200,45.332872,3.670248,19.9293,970.6,0.0965,0.504,10.104,9.8838,73.1356,62.4198
201,45.332075,3.669668,20.0288,974.4,0.0962,0.502,10.097,9.8919,73.1178,62.4099
202,45.331274,3.669092,20.1286,988.6,0.096,0.5,10.09,9.9,73.1,62.4
203,45.330407,3.668766,20.2283,992.6,0.096,0.5,10.0821,9.9,73.099,62.4
204,45.329535,3.668999,20.327,992.2,0.096,0.5,10.0742,9.9,73.098,62.4
205,45.328829,3.66977,20.426,991.7,0.096,0.5,10.0663,9.9,73.097,62.4
206,45.328346,3.670847,20.5259,993.6,0.096,0.5,10.0584,9.9,73.096,62.4
207,45.327924,3.671976,20.6259,997.8,0.096,0.5,10.0504,9.9,73.0951,62.4
208,45.327519,3.673118,20.7259,999.3,0.096,0.5,10.0425,9.9,73.0941,62.4
209,45.327091,3.674243,20.8259,998.3,0.096,0.5,10.0345,9.9,73.0931,62.4
210,45.326546,3.67526,20.9259,999.2,0.096,0.5,10.0266,9.9,73.0921,62.4
211,45.326038,3.676312,21.0257,1009.8,0.096,0.5,10.0186,9.9,73.0911,62.4
212,45.325636,3.677454,21.1255,1019.5,0.096,0.5,10.0107,9.9,73.0901,62.4
213,45.325501,3.67871,21.2248,1021.5,0.096,0.5,10.0028,9.9,73.0891,62.4
214,45.325765,3.679911,21.3232,1018.7,0.096,0.5,9.995,9.9,73.0881,62.4
215,45.326352,3.680869,21.4225,1016.1,0.096,0.5,9.9871,9.9,73.0871,62.4
216,45.327026,3.681714,21.5224,1014.6,0.096,0.5,9.9791,9.9,73.0861,62.4
217,45.327751,3.68246,21.6219,1017.3,0.096,0.5,9.9712,9.9,73.0852,62.4
218,45.328612,3.682791,21.7211,1024.9,0.096,0.5,9.9633,9.9,73.0842,62.4
219,45.329509,3.68286,21.821,1036.8,0.096,0.5,9.9554,9.9,73.0832,62.4
220,45.330401,3.682989,21.9207,1034.5,0.096,0.5,9.9475,9.9,73.0822,62.4
221,45.331224,3.683474,22.0198,1030.8,0.096,0.5,9.9396,9.9,73.0812,62.4
222,45.331858,3.684363,22.1188,1020.9,0.096,0.5,9.9317,9.9,73.0802,62.4
223,45.332161,3.685556,22.218,1020.5,0.096,0.5,9.9238,9.9,73.0792,62.4
224,45.332065,3.68681,22.3166,1027.6,0.096,0.5,9.916,9.9,73.0782,62.4
225,45.331624,3.687916,22.416,1039.7,0.096,0.5,9.9081,9.9,73.0773,62.4
226,45.330957,3.688767,22.5156,1048.3,0.096,0.5,9.9001,9.9,73.0763,62.4
227,45.330192,3.689439,22.6156,1049.2,0.096,0.5,9.8922,9.9,73.0753,62.4
228,45.329641,3.690428,22.7142,1053.7,0.096,0.5,9.8843,9.9,73.0743,62.4
229,45.329363,3.69164,22.8139,1050.3,0.096,0.5,9.8764,9.9,73.0733,62.4
230,45.329247,3.692908,22.9139,1050.1,0.096,0.5,9.8684,9.9,73.0723,62.4
231,45.329052,3.694153,23.0136,1053.7,0.096,0.5,9.8605,9.9,73.0713,62.4
232,45.328668,3.695302,23.1131,1055.6,0.096,0.5,9.8526,9.9,73.0703,62.4
233,45.328156,3.696351,23.2129,1057.1,0.096,0.5,9.8447,9.9,73.0693,62.4
234,45.327608,3.697365,23.3129,1059.4,0.096,0.5,9.8367,9.9,73.0683,62.4
235,45.327024,3.698338,23.4129,1060.6,0.096,0.5,9.8288,9.9,73.0673,62.4
236,45.326357,3.699182,23.5122,1060.0,0.096,0.5,9.8209,9.9,73.0664,62.4
237,45.325535,3.699688,23.6118,1062.5,0.096,0.5,9.8129,9.9,73.0654,62.4
238,45.324672,3.700046,23.7118,1065.5,0.096,0.5,9.805,9.9,73.0644,62.4
239,45.32379,3.700272,23.8115,1070.5,0.096,0.5,9.7971,9.9,73.0634,62.4
240,45.322891,3.700303,23.9115,1074.0,0.096,0.5,9.7891,9.9,73.0624,62.4
241,45.321997,3.700227,24.0111,1073.8,0.096,0.5,9.7812,9.9,73.0614,62.4
242,45.321123,3.699942,24.1108,1073.1,0.096,0.5,9.7732,9.9,73.0604,62.4
243,45.32032,3.69938,24.2103,1074.7,0.096,0.5,9.7653,9.9,73.0594,62.4
244,45.319528,3.698775,24.3103,1076.4,0.096,0.5,9.7574,9.9,73.0584,62.4
245,45.318716,3.698232,24.4101,1079.7,0.096,0.5,9.7494,9.9,73.0574,62.4
246,45.317866,3.697812,24.5102,1084.5,0.096,0.5,9.7415,9.9,73.0564,62.4
247,45.317007,3.697433,24.6102,1086.2,0.096,0.5,9.7335,9.9,73.0554,62.4
248,45.316112,3.697333,24.71,1086.9,0.096,0.5,9.7256,9.9,73.0544,62.4
249,45.315228,3.697537,24.8096,1086.9,0.096,0.5,9.7177,9.9,73.0535,62.4
250,45.314375,3.69794,24.9095,1091.3,0.096,0.5,9.7097,9.9,73.0525,62.4
251,45.313521,3.698342,25.0095,1093.6,0.096,0.5,9.7018,9.9,73.0515,62.4
252,45.312665,3.698733,25.1095,1093.0,0.096,0.5,9.6938,9.9,73.0505,62.4
253,45.311792,3.699017,25.2091,1087.7,0.096,0.5,9.6859,9.9,73.0495,62.4
254,45.310895,3.699092,25.309,1085.2,0.096,0.5,9.6779,9.9,73.0485,62.4
255,45.309996,3.699057,25.409,1085.0,0.096,0.5,9.67,9.9,73.0475,62.4
256,45.309102,3.698934,25.5089,1085.9,0.096,0.5,9.662,9.9,73.0465,62.4
257,45.308212,3.69875,25.6089,1087.8,0.096,0.5,9.6541,9.9,73.0455,62.4
258,45.307322,3.698565,25.7089,1090.4,0.096,0.5,9.6461,9.9,73.0445,62.4
259,45.306432,3.698381,25.8089,1091.3,0.096,0.5,9.6382,9.9,73.0435,62.4
260,45.305542,3.698196,25.9089,1090.3,0.096,0.5,9.6302,9.9,73.0425,62.4
261,45.304652,3.698014,26.0089,1088.6,0.096,0.5,9.6223,9.9,73.0415,62.4
262,45.303761,3.697841,26.1089,1085.3,0.096,0.5,9.6143,9.9,73.0405,62.4
263,45.30287,3.697669,26.2089,1082.1,0.096,0.5,9.6064,9.9,73.0395,62.4
264,45.301979,3.697496,26.3089,1082.2,0.096,0.5,9.5984,9.9,73.0386,62.4
265,45.301088,3.697323,26.4089,1084.9,0.096,0.5,9.5904,9.9,73.0376,62.4
266,45.300197,3.697151,26.5089,1084.6,0.096,0.5,9.5825,9.9,73.0366,62.4
267,45.299298,3.697168,26.6089,1083.6,0.096,0.5,9.5745,9.9,73.0356,62.4
268,45.298399,3.697199,26.7089,1087.6,0.096,0.5,9.5666,9.9,73.0346,62.4
269,45.297505,3.697327,26.8088,1089.7,0.096,0.5,9.5586,9.9,73.0336,62.4
270,45.296613,3.697483,26.9087,1089.3,0.096,0.5,9.5507,9.9,73.0326,62.4
271,45.29572,3.697639,27.0087,1088.5,0.096,0.5,9.5427,9.9,73.0316,62.4
272,45.294826,3.697771,27.1086,1086.4,0.096,0.5,9.5348,9.9,73.0306,62.4
273,45.293931,3.697896,27.2086,1081.5,0.096,0.5,9.5268,9.9,73.0296,62.4
274,45.29304,3.698075,27.3087,1083.0,0.096,0.5,9.5189,9.9,73.0286,62.4
275,45.292209,3.69853,27.4077,1082.6,0.096,0.5,9.511,9.9,73.0276,62.4
276,45.291473,3.699251,27.5071,1087.7,0.096,0.5,9.5031,9.9,73.0266,62.4
277,45.290862,3.700186,27.6069,1091.3,0.096,0.5,9.4952,9.9,73.0256,62.4
278,45.290268,3.701146,27.7069,1099.1,0.096,0.5,9.4872,9.9,73.0247,62.4
279,45.289727,3.702167,27.8069,1096.9,0.096,0.5,9.4792,9.9,73.0237,62.4
280,45.289211,3.703212,27.9068,1098.1,0.096,0.5,9.4713,9.9,73.0227,62.4
281,45.28876,3.704317,28.0067,1091.5,0.096,0.5,9.4634,9.9,73.0217,62.4
282,45.288124,3.70521,28.1061,1085.2,0.096,0.5,9.4554,9.9,73.0207,62.4
283,45.287436,3.706031,28.206,1082.6,0.096,0.5,9.4475,9.9,73.0197,62.4
284,45.286705,3.706775,28.306,1082.9,0.096,0.5,9.4395,9.9,73.0187,62.4
285,45.285973,3.707518,28.406,1085.8,0.096,0.5,9.4316,9.9,73.0177,62.4
286,45.285251,3.708279,28.5059,1088.8,0.096,0.5,9.4236,9.9,73.0167,62.4
287,45.284517,3.709016,28.6058,1088.6,0.096,0.5,9.4157,9.9,73.0157,62.4
288,45.283762,3.709712,28.7059,1085.2,0.096,0.5,9.4077,9.9,73.0147,62.4
289,45.283038,3.710461,28.8055,1084.6,0.096,0.5,9.3998,9.9,73.0137,62.4
290,45.2822,3.710887,28.9045,1084.7,0.096,0.5,9.3919,9.9,73.0127,62.4
291,45.281314,3.710739,29.0037,1090.0,0.096,0.5,9.3841,9.9,73.0118,62.4
292,45.280449,3.71039,29.1037,1091.6,0.096,0.5,9.3761,9.9,73.0108,62.4
293,45.279727,3.710193,29.1854,1090.9,0.096,0.5,9.3696,9.9,73.0099,62.4
294,45.280607,3.709925,29.2855,1087.0,0.096,0.5,9.3616,9.9,73.009,62.4
295,45.281486,3.709657,29.3855,1080.1,0.096,0.5,9.3537,9.9,73.008,62.4
296,45.282366,3.709389,29.4856,1077.5,0.096,0.5,9.3457,9.9,73.007,62.4
297,45.283246,3.709121,29.5857,1079.3,0.096,0.5,9.3378,9.9,73.006,62.4
298,45.284125,3.708853,29.6857,1084.7,0.096,0.5,9.3298,9.9,73.005,62.4
299,45.285005,3.708585,29.7858,1089.7,0.096,0.5,9.3218,9.9,73.004,62.4
300,45.285885,3.708317,29.8859,1094.1,0.096,0.5,9.3139,9.9,73.003,62.4
301,45.286764,3.708049,29.9859,1097.2,0.096,0.5,9.3059,9.9,73.002,62.4
302,45.287644,3.707781,30.086,1098.9,0.096,0.5,9.298,9.9,73.001,62.4
303,45.288524,3.707513,30.1861,1102.6,0.096,0.5,9.29,9.9,73.0,62.4
304,45.289403,3.707245,30.2861,1101.7,0.0962,0.502,9.2996,9.8918,73.018,62.41
305,45.290283,3.706977,30.3862,1106.7,0.0965,0.504,9.3092,9.8836,73.036,62.42
306,45.291162,3.706709,30.4862,1110.7,0.0967,0.506,9.3188,9.8754,73.054,62.43
307,45.292042,3.706441,30.5863,1108.1,0.0969,0.508,9.3284,9.8672,73.072,62.44
308,45.292922,3.706173,30.6864,1094.7,0.0972,0.51,9.338,9.859,73.09,62.45
309,45.293801,3.705905,30.7864,1088.6,0.0974,0.512,9.3476,9.8508,73.108,62.46
310,45.294681,3.705637,30.8865,1086.0,0.0976,0.514,9.3572,9.8426,73.126,62.47
311,45.295561,3.705369,30.9866,1081.8,0.0979,0.516,9.3668,9.8344,73.144,62.48
312,45.29644,3.705101,31.0866,1069.5,0.0981,0.518,9.3764,9.8262,73.162,62.49
313,45.29732,3.704833,31.1867,1062.2,0.0983,0.52,9.386,9.818,73.18,62.5
314,45.2982,3.704565,31.2868,1061.5,0.0986,0.522,9.3956,9.8098,73.198,62.51
315,45.299079,3.704297,31.3868,1065.8,0.0988,0.524,9.4052,9.8016,73.216,62.52
316,45.299959,3.704029,31.4869,1066.3,0.099,0.526,9.4148,9.7934,73.234,62.53
317,45.300839,3.703761,31.587,1066.5,0.0993,0.528,9.4244,9.7852,73.252,62.54
318,45.301718,3.703493,31.687,1068.8,0.0995,0.53,9.434,9.777,73.27,62.55
319,45.302598,3.703225,31.7871,1067.9,0.0997,0.532,9.4436,9.7688,73.288,62.56
320,45.303478,3.702957,31.8872,1069.7,0.1,0.534,9.4532,9.7606,73.306,62.57
321,45.304357,3.702689,31.9872,1072.5,0.1002,0.536,9.4628,9.7524,73.324,62.58
322,45.305237,3.702421,32.0873,1071.5,0.1004,0.538,9.4724,9.7442,73.342,62.59
323,45.306117,3.702153,32.1874,1071.3,0.1007,0.54,9.482,9.736,73.36,62.6
324,45.306996,3.701885,32.2874,1074.6,0.1009,0.542,9.4916,9.7278,73.378,62.61
325,45.307876,3.701617,32.3875,1080.2,0.1011,0.544,9.5012,9.7196,73.396,62.62
326,45.308756,3.701349,32.4876,1084.9,0.1014,0.546,9.5108,9.7114,73.414,62.63
327,45.309635,3.701081,32.5876,1082.9,0.1016,0.548,9.5204,9.7032,73.432,62.64
328,45.310515,3.700813,32.6877,1079.3,0.1018,0.55,9.53,9.695,73.45,62.65
329,45.311394,3.700545,32.7877,1082.0,0.1021,0.552,9.5396,9.6868,73.468,62.66
330,45.312274,3.700277,32.8878,1090.1,0.1023,0.554,9.5492,9.6786,73.486,62.67
331,45.313154,3.700009,32.9879,1098.3,0.1026,0.556,9.5588,9.6704,73.504,62.68
332,45.314033,3.699741,33.0879,1103.8,0.1028,0.558,9.5684,9.6622,73.522,62.69
333,45.314913,3.699473,33.188,1105.9,0.103,0.56,9.578,9.654,73.54,62.7
334,45.315793,3.699205,33.2881,1100.8,0.1033,0.562,9.5876,9.6458,73.558,62.71
335,45.316672,3.698937,33.3881,1094.6,0.1035,0.564,9.5972,9.6376,73.576,62.72
336,45.317552,3.698668,33.4882,1086.9,0.1037,0.566,9.6068,9.6294,73.594,62.73
337,45.318432,3.6984,33.5883,1081.9,0.104,0.568,9.6164,9.6212,73.612,62.74
338,45.319311,3.698132,33.6883,1076.7,0.1042,0.57,9.626,9.613,73.63,62.75
339,45.320191,3.697864,33.7884,1075.0,0.1044,0.572,9.6356,9.6048,73.648,62.76
340,45.321071,3.697596,33.8885,1075.8,0.1047,0.574,9.6452,9.5966,73.666,62.77
341,45.32195,3.697328,33.9885,1072.1,0.1049,0.576,9.6548,9.5884,73.684,62.78
342,45.32283,3.69706,34.0886,1063.6,0.1051,0.578,9.6644,9.5802,73.702,62.79
343,45.32371,3.696792,34.1887,1058.1,0.1054,0.58,9.674,9.572,73.72,62.8
344,45.324589,3.696524,34.2887,1054.1,0.1056,0.582,9.6836,9.5638,73.738,62.81
345,45.325469,3.696256,34.3888,1050.0,0.1058,0.584,9.6932,9.5556,73.756,62.82
346,45.326349,3.695988,34.4889,1047.3,0.1061,0.586,9.7028,9.5474,73.774,62.83
347,45.327228,3.69572,34.5889,1047.5,0.1063,0.588,9.7124,9.5392,73.792,62.84
348,45.328108,3.695452,34.689,1050.8,0.1065,0.59,9.722,9.531,73.81,62.85
349,45.328988,3.695184,34.7891,1058.1,0.1068,0.592,9.7316,9.5228,73.828,62.86
350,45.329867,3.694916,34.8891,1062.7,0.107,0.594,9.7412,9.5146,73.846,62.87
351,45.330747,3.694648,34.9892,1063.9,0.1072,0.596,9.7508,9.5064,73.864,62.88
352,45.331627,3.69438,35.0893,1064.5,0.1075,0.598,9.7604,9.4982,73.882,62.89
353,45.332506,3.694112,35.1893,1063.0,0.1077,0.6,9.77,9.49,73.9,62.9
354,45.333386,3.693844,35.2894,1060.1,0.1079,0.602,9.7796,9.4818,73.918,62.91
355,45.334265,3.693576,35.3894,1054.4,0.1082,0.604,9.7892,9.4736,73.936,62.92
356,45.335145,3.693308,35.4895,1052.4,0.1084,0.606,9.7988,9.4654,73.954,62.93
357,45.336025,3.69304,35.5896,1055.2,0.1086,0.608,9.8084,9.4572,73.972,62.94
358,45.336904,3.692772,35.6896,1056.9,0.1089,0.61,9.818,9.449,73.99,62.95
359,45.337784,3.692504,35.7897,1055.2,0.1091,0.612,9.8276,9.4408,74.008,62.96
360,45.338664,3.692236,35.8898,1052.6,0.1093,0.614,9.8372,9.4326,74.026,62.97
361,45.339543,3.691968,35.9898,1044.9,0.1096,0.616,9.8468,9.4244,74.044,62.98
362,45.340423,3.6917,36.0899,1032.6,0.1098,0.618,9.8564,9.4162,74.062,62.99
363,45.341303,3.691432,36.19,1021.7,0.11,0.62,9.866,9.408,74.08,63.0
364,45.342182,3.691164,36.29,1013.3,0.1103,0.622,9.8756,9.3998,74.098,63.01
365,45.343062,3.690896,36.3901,1012.5,0.1105,0.624,9.8852,9.3916,74.116,63.02
366,45.343942,3.690628,36.4902,1017.2,0.1107,0.626,9.8948,9.3834,74.134,63.03
367,45.344821,3.69036,36.5902,1022.2,0.111,0.628,9.9044,9.3752,74.152,63.04
368,45.345701,3.690092,36.6903,1028.9,0.1112,0.63,9.914,9.367,74.17,63.05
369,45.346581,3.689824,36.7904,1024.6,0.1114,0.632,9.9236,9.3588,74.188,63.06
370,45.34746,3.689556,36.8904,1012.9,0.1117,0.634,9.9332,9.3506,74.206,63.07
371,45.34834,3.689288,36.9905,997.9,0.1119,0.636,9.9428,9.3424,74.224,63.08
372,45.34922,3.68902,37.0906,984.2,0.1121,0.638,9.9524,9.3342,74.242,63.09
373,45.350099,3.688752,37.1906,987.5,0.1124,0.64,9.962,9.326,74.26,63.1
374,45.350979,3.688484,37.2907,1011.0,0.1126,0.642,9.9716,9.3178,74.278,63.11
375,45.351859,3.688216,37.3908,1030.9,0.1128,0.644,9.9812,9.3096,74.296,63.12
376,45.352738,3.687948,37.4908,1033.2,0.1131,0.646,9.9908,9.3014,74.314,63.13
377,45.353618,3.68768,37.5909,1031.1,0.1133,0.648,10.0004,9.2932,74.332,63.14
378,45.354497,3.687412,37.6909,1029.8,0.1135,0.65,10.01,9.285,74.35,63.15
379,45.355377,3.687144,37.791,1029.1,0.1138,0.652,10.0196,9.2768,74.368,63.16
380,45.356257,3.686875,37.8911,1029.5,0.114,0.654,10.0292,9.2686,74.386,63.17
381,45.357136,3.686607,37.9911,1031.9,0.1143,0.656,10.0388,9.2604,74.404,63.18
382,45.358016,3.686339,38.0912,1025.2,0.1145,0.658,10.0484,9.2522,74.422,63.19
383,45.358896,3.686071,38.1913,1017.3,0.1147,0.66,10.058,9.244,74.44,63.2
384,45.359775,3.685803,38.2913,1016.5,0.115,0.662,10.0676,9.2358,74.458,63.21
385,45.360655,3.685535,38.3914,1021.1,0.1152,0.664,10.0772,9.2276,74.476,63.22
386,45.361535,3.685267,38.4915,1025.0,0.1154,0.666,10.0868,9.2194,74.494,63.23
387,45.362414,3.684999,38.5915,1022.6,0.1157,0.668,10.0964,9.2112,74.512,63.24
388,45.363294,3.684731,38.6916,1016.5,0.1159,0.67,10.106,9.203,74.53,63.25
389,45.364174,3.684463,38.7917,1009.3,0.1161,0.672,10.1156,9.1948,74.548,63.26
390,45.365053,3.684195,38.8917,1007.8,0.1164,0.674,10.1252,9.1866,74.566,63.27
391,45.365933,3.683927,38.9918,989.7,0.1166,0.676,10.1348,9.1784,74.584,63.28
392,45.366813,3.683659,39.0919,967.0,0.1168,0.678,10.1444,9.1702,74.602,63.29
393,45.367692,3.683391,39.1919,968.5,0.1171,0.68,10.154,9.162,74.62,63.3
394,45.368572,3.683123,39.292,976.0,0.1173,0.682,10.1636,9.1538,74.638,63.31
395,45.369452,3.682855,39.3921,979.2,0.1175,0.684,10.1732,9.1456,74.656,63.32
396,45.370331,3.682587,39.4921,970.1,0.1178,0.686,10.1828,9.1374,74.674,63.33
397,45.371211,3.682319,39.5922,953.5,0.118,0.688,10.1924,9.1292,74.692,63.34
398,45.372091,3.682051,39.6923,941.2,0.1182,0.69,10.202,9.121,74.71,63.35
399,45.37297,3.681783,39.7923,940.3,0.1185,0.692,10.2116,9.1128,74.728,63.36
400,45.37385,3.681515,39.8924,939.5,0.1187,0.694,10.2212,9.1046,74.746,63.37
401,45.374729,3.681247,39.9924,934.0,0.1189,0.696,10.2308,9.0964,74.764,63.38
402,45.375609,3.680979,40.0925,926.1,0.1192,0.698,10.2404,9.0882,74.782,63.39
403,45.376489,3.680711,40.1926,923.2,0.1194,0.7,10.25,9.08,74.8,63.4
404,45.377368,3.680443,40.2926,921.2,0.1194,0.7,10.2485,9.08,74.8,63.4
405,45.378248,3.680175,40.3927,910.3,0.1194,0.7,10.247,9.08,74.8,63.4
406,45.379128,3.679907,40.4928,914.9,0.1194,0.7,10.2455,9.08,74.8,63.4
407,45.380007,3.679639,40.5928,918.6,0.1194,0.7,10.244,9.08,74.8,63.4
408,45.380887,3.679371,40.6929,896.8,0.1194,0.7,10.2425,9.08,74.8,63.4
409,45.381767,3.679103,40.793,874.9,0.1194,0.7,10.241,9.08,74.8,63.4
410,45.382646,3.678835,40.893,857.9,0.1194,0.7,10.2395,9.08,74.8,63.4
411,45.383526,3.678567,40.9931,828.8,0.1194,0.7,10.238,9.08,74.8,63.4
412,45.384406,3.678299,41.0932,802.6,0.1194,0.7,10.2365,9.08,74.8,63.4
413,45.385285,3.678031,41.1932,789.1,0.1194,0.7,10.235,9.08,74.8,63.4
414,45.386165,3.677763,41.2933,784.8,0.1194,0.7,10.2335,9.08,74.8,63.4
415,45.387045,3.677495,41.3934,785.0,0.1194,0.7,10.232,9.08,74.8,63.4
416,45.387924,3.677227,41.4934,787.2,0.1194,0.7,10.2305,9.08,74.8,63.4
417,45.388804,3.676959,41.5935,786.6,0.1194,0.7,10.229,9.08,74.8,63.4
418,45.389684,3.676691,41.6936,781.3,0.1194,0.7,10.2275,9.08,74.8,63.4
419,45.390563,3.676423,41.7936,786.2,0.1194,0.7,10.226,9.08,74.8,63.4
420,45.391443,3.676155,41.8937,795.0,0.1194,0.7,10.2245,9.08,74.8,63.4
421,45.392323,3.675887,41.9938,783.6,0.1194,0.7,10.223,9.08,74.8,63.4
422,45.393202,3.675619,42.0938,772.5,0.1194,0.7,10.2215,9.08,74.8,63.4
423,45.394082,3.675351,42.1939,785.7,0.1194,0.7,10.22,9.08,74.8,63.4
424,45.394962,3.675083,42.294,791.2,0.1194,0.7,10.2185,9.08,74.8,63.4
425,45.395841,3.674814,42.394,770.4,0.1194,0.7,10.217,9.08,74.8,63.4
426,45.396721,3.674546,42.4941,769.4,0.1194,0.7,10.2155,9.08,74.8,63.4
427,45.3976,3.674278,42.5941,805.7,0.1194,0.7,10.214,9.08,74.8,63.4
428,45.39848,3.67401,42.6942,857.4,0.1194,0.7,10.2125,9.08,74.8,63.4
429,45.39936,3.673742,42.7943,896.2,0.1194,0.7,10.211,9.08,74.8,63.4
430,45.400239,3.673474,42.8943,907.8,0.1194,0.7,10.2095,9.08,74.8,63.4
431,45.401119,3.673206,42.9944,902.5,0.1194,0.7,10.208,9.08,74.8,63.4
432,45.401999,3.672938,43.0945,884.8,0.1194,0.7,10.2065,9.08,74.8,63.4
433,45.402878,3.67267,43.1945,857.2,0.1194,0.7,10.205,9.08,74.8,63.4
434,45.403758,3.672402,43.2946,837.8,0.1194,0.7,10.2035,9.08,74.8,63.4
435,45.404638,3.672134,43.3947,817.9,0.1194,0.7,10.202,9.08,74.8,63.4
436,45.405517,3.671866,43.4947,801.4,0.1194,0.7,10.2005,9.08,74.8,63.4
437,45.406397,3.671598,43.5948,790.2,0.1194,0.7,10.199,9.08,74.8,63.4
438,45.407277,3.67133,43.6949,786.5,0.1194,0.7,10.1975,9.08,74.8,63.4
439,45.408156,3.671062,43.7949,779.2,0.1194,0.7,10.196,9.08,74.8,63.4
440,45.409036,3.670794,43.895,764.4,0.1194,0.7,10.1945,9.08,74.8,63.4
441,45.409916,3.670526,43.9951,752.3,0.1194,0.7,10.193,9.08,74.8,63.4
442,45.410795,3.670258,44.0951,747.6,0.1194,0.7,10.1915,9.08,74.8,63.4
443,45.411675,3.66999,44.1952,751.6,0.1194,0.7,10.19,9.08,74.8,63.4
444,45.412555,3.669722,44.2953,753.3,0.1194,0.7,10.1885,9.08,74.8,63.4
445,45.413434,3.669454,44.3953,768.3,0.1194,0.7,10.187,9.08,74.8,63.4
446,45.414314,3.669186,44.4954,788.7,0.1194,0.7,10.1855,9.08,74.8,63.4
447,45.415194,3.668918,44.5955,804.7,0.1194,0.7,10.184,9.08,74.8,63.4
448,45.416073,3.66865,44.6955,815.4,0.1194,0.7,10.1825,9.08,74.8,63.4
449,45.416953,3.668382,44.7956,820.5,0.1194,0.7,10.181,9.08,74.8,63.4
450,45.417832,3.668114,44.8956,818.9,0.1194,0.7,10.1795,9.08,74.8,63.4
451,45.418712,3.667846,44.9957,805.5,0.1194,0.7,10.178,9.08,74.8,63.4
452,45.419592,3.667578,45.0958,778.2,0.1194,0.7,10.1765,9.08,74.8,63.4
453,45.420471,3.66731,45.1958,751.9,0.1194,0.7,10.175,9.08,74.8,63.4
454,45.421351,3.667042,45.2959,739.3,0.1194,0.7,10.1735,9.08,74.8,63.4
455,45.422231,3.666774,45.396,751.4,0.1194,0.7,10.172,9.08,74.8,63.4
456,45.42311,3.666506,45.496,752.9,0.1194,0.7,10.1705,9.08,74.8,63.4
457,45.42399,3.666238,45.5961,745.2,0.1194,0.7,10.169,9.08,74.8,63.4
458,45.42487,3.66597,45.6962,772.4,0.1194,0.7,10.1675,9.08,74.8,63.4
459,45.425749,3.665702,45.7962,791.7,0.1194,0.7,10.166,9.08,74.8,63.4
460,45.426629,3.665434,45.8963,800.8,0.1194,0.7,10.1645,9.08,74.8,63.4
461,45.427509,3.665166,45.9964,810.0,0.1194,0.7,10.163,9.08,74.8,63.4
462,45.428388,3.664898,46.0964,813.0,0.1194,0.7,10.1615,9.08,74.8,63.4
463,45.429268,3.66463,46.1965,816.2,0.1194,0.7,10.16,9.08,74.8,63.4
464,45.430148,3.664362,46.2966,829.7,0.1194,0.7,10.1585,9.08,74.8,63.4
465,45.431027,3.664094,46.3966,844.7,0.1194,0.7,10.157,9.08,74.8,63.4
466,45.431907,3.663826,46.4967,846.4,0.1194,0.7,10.1555,9.08,74.8,63.4
467,45.432787,3.663558,46.5968,849.1,0.1194,0.7,10.154,9.08,74.8,63.4
468,45.433666,3.66329,46.6968,863.0,0.1194,0.7,10.1525,9.08,74.8,63.4
469,45.434546,3.663022,46.7969,880.1,0.1194,0.7,10.151,9.08,74.8,63.4
470,45.435426,3.662753,46.897,894.8,0.1194,0.7,10.1495,9.08,74.8,63.4
471,45.436305,3.662485,46.997,905.6,0.1194,0.7,10.148,9.08,74.8,63.4
472,45.437185,3.662217,47.0971,907.2,0.1194,0.7,10.1465,9.08,74.8,63.4
473,45.438065,3.661949,47.1972,911.6,0.1194,0.7,10.145,9.08,74.8,63.4
474,45.438944,3.661681,47.2972,912.0,0.1194,0.7,10.1435,9.08,74.8,63.4
475,45.439824,3.661413,47.3973,909.3,0.1194,0.7,10.142,9.08,74.8,63.4
476,45.440703,3.661145,47.4973,904.7,0.1194,0.7,10.1405,9.08,74.8,63.4
477,45.441583,3.660877,47.5974,886.6,0.1194,0.7,10.139,9.08,74.8,63.4
478,45.442463,3.660609,47.6975,877.8,0.1194,0.7,10.1375,9.08,74.8,63.4
479,45.443342,3.660341,47.7975,880.3,0.1194,0.7,10.136,9.08,74.8,63.4
480,45.444222,3.660073,47.8976,874.5,0.1194,0.7,10.1345,9.08,74.8,63.4
481,45.445102,3.659805,47.9977,863.7,0.1194,0.7,10.133,9.08,74.8,63.4
482,45.445981,3.659537,48.0977,867.1,0.1194,0.7,10.1315,9.08,74.8,63.4
483,45.446861,3.659269,48.1978,881.6,0.1194,0.7,10.13,9.08,74.8,63.4
484,45.447741,3.659001,48.2979,893.7,0.1194,0.7,10.1285,9.08,74.8,63.4
485,45.44862,3.658733,48.3979,899.1,0.1194,0.7,10.127,9.08,74.8,63.4
486,45.4495,3.658465,48.498,898.6,0.1194,0.7,10.1255,9.08,74.8,63.4
487,45.45038,3.658197,48.5981,893.2,0.1194,0.7,10.124,9.08,74.8,63.4
488,45.451259,3.657929,48.6981,882.5,0.1194,0.7,10.1225,9.08,74.8,63.4
489,45.452139,3.657661,48.7982,879.9,0.1194,0.7,10.121,9.08,74.8,63.4
490,45.453019,3.657393,48.8983,880.9,0.1194,0.7,10.1195,9.08,74.8,63.4
491,45.453898,3.657125,48.9983,882.8,0.1194,0.7,10.118,9.08,74.8,63.4
492,45.454778,3.656857,49.0984,884.6,0.1194,0.7,10.1165,9.08,74.8,63.4
493,45.455658,3.656589,49.1985,886.0,0.1194,0.7,10.115,9.08,74.8,63.4
494,45.456537,3.656321,49.2985,885.4,0.1194,0.7,10.1135,9.08,74.8,63.4
495,45.457417,3.656053,49.3986,890.8,0.1194,0.7,10.112,9.08,74.8,63.4
496,45.458297,3.655785,49.4987,897.9,0.1194,0.7,10.1105,9.08,74.8,63.4
497,45.459176,3.655517,49.5987,902.3,0.1194,0.7,10.109,9.08,74.8,63.4
498,45.460056,3.655249,49.6988,905.2,0.1194,0.7,10.1075,9.08,74.8,63.4
499,45.460935,3.654981,49.7988,912.8,0.1194,0.7,10.106,9.08,74.8,63.4
500,45.461815,3.654713,49.8989,917.6,0.1194,0.7,10.1045,9.08,74.8,63.4
501,45.462695,3.654445,49.999,923.1,0.1194,0.7,10.103,9.08,74.8,63.4
502,45.463574,3.654177,50.099,935.1,0.1194,0.7,10.1015,9.08,74.8,63.4
503,45.464454,3.653909,50.1991,941.5,0.1194,0.7,10.1,9.08,74.8,63.4
504,45.465334,3.653641,50.2992,948.7,0.1194,0.7,10.0885,9.08,74.798,63.4
505,45.466213,3.653373,50.3991,960.6,0.1194,0.7,10.077,9.08,74.796,63.4
506,45.467093,3.653105,50.4992,964.4,0.1194,0.7,10.0655,9.08,74.794,63.4
507,45.467973,3.652837,50.5993,969.4,0.1194,0.7,10.054,9.08,74.792,63.4
508,45.468852,3.652569,50.6992,983.1,0.1194,0.7,10.0425,9.08,74.79,63.4
509,45.469732,3.652301,50.7993,999.9,0.1194,0.7,10.031,9.08,74.788,63.4
510,45.470612,3.652033,50.8994,997.5,0.1194,0.7,10.0195,9.08,74.786,63.4
511,45.471491,3.651765,50.9993,992.9,0.1194,0.7,10.008,9.08,74.784,63.4
512,45.472371,3.651497,51.0994,994.9,0.1194,0.7,9.9965,9.08,74.782,63.4
513,45.473251,3.651229,51.1995,1000.3,0.1194,0.7,9.985,9.08,74.78,63.4
514,45.47413,3.65096,51.2995,1009.9,0.1194,0.7,9.9735,9.08,74.778,63.4
515,45.47501,3.650692,51.3996,1022.1,0.1194,0.7,9.962,9.08,74.776,63.4
516,45.47589,3.650424,51.4997,1031.1,0.1194,0.7,9.9505,9.08,74.774,63.4
517,45.476769,3.650156,51.5996,1042.0,0.1194,0.7,9.939,9.08,74.772,63.4
518,45.477649,3.649888,51.6997,1062.6,0.1194,0.7,9.9275,9.08,74.77,63.4
519,45.478529,3.64962,51.7998,1069.1,0.1194,0.7,9.916,9.08,74.768,63.4
520,45.479408,3.649352,51.8997,1070.8,0.1194,0.7,9.9045,9.08,74.766,63.4
521,45.480288,3.649084,51.9998,1077.3,0.1194,0.7,9.893,9.08,74.764,63.4
522,45.481168,3.648816,52.0999,1084.9,0.1194,0.7,9.8815,9.08,74.762,63.4
523,45.482047,3.648548,52.1998,1094.8,0.1194,0.7,9.87,9.08,74.76,63.4
524,45.482927,3.64828,52.2999,1107.6,0.1194,0.7,9.8585,9.08,74.758,63.4
525,45.483806,3.648012,52.3998,1110.0,0.1194,0.7,9.847,9.08,74.756,63.4
526,45.484686,3.647744,52.4999,1111.8,0.1194,0.7,9.8355,9.08,74.754,63.4
527,45.485566,3.647476,52.6,1114.1,0.1194,0.7,9.824,9.08,74.752,63.4
528,45.486445,3.647208,52.6999,1111.9,0.1194,0.7,9.8125,9.08,74.75,63.4
529,45.487325,3.64694,52.8,1107.0,0.1194,0.7,9.801,9.08,74.748,63.4
530,45.488205,3.646672,52.9001,1103.1,0.1194,0.7,9.7895,9.08,74.746,63.4
531,45.489084,3.646404,53.0,1107.7,0.1194,0.7,9.778,9.08,74.744,63.4
532,45.489964,3.646136,53.1001,1104.9,0.1194,0.7,9.7665,9.08,74.742,63.4
533,45.490844,3.645868,53.2002,1100.4,0.1194,0.7,9.755,9.08,74.74,63.4
534,45.491723,3.6456,53.3001,1096.7,0.1194,0.7,9.7435,9.08,74.738,63.4
535,45.492603,3.645332,53.4002,1093.5,0.1194,0.7,9.732,9.08,74.736,63.4
536,45.493483,3.645064,53.5003,1089.5,0.1194,0.7,9.7205,9.08,74.734,63.4
537,45.494362,3.644796,53.6002,1082.7,0.1194,0.7,9.709,9.08,74.732,63.4
538,45.495242,3.644528,53.7003,1071.1,0.1194,0.7,9.6975,9.08,74.73,63.4
539,45.496122,3.64426,53.8004,1064.2,0.1194,0.7,9.686,9.08,74.728,63.4
540,45.497001,3.643992,53.9003,1062.8,0.1194,0.7,9.6745,9.08,74.726,63.4
541,45.497881,3.643724,54.0004,1067.0,0.1194,0.7,9.663,9.08,74.724,63.4
542,45.498761,3.643456,54.1005,1070.5,0.1194,0.7,9.6515,9.08,74.722,63.4
543,45.49964,3.643188,54.2004,1069.7,0.1194,0.7,9.64,9.08,74.72,63.4
544,45.50052,3.64292,54.3005,1062.4,0.1194,0.7,9.6285,9.08,74.718,63.4
545,45.5014,3.642652,54.4006,1059.6,0.1194,0.7,9.617,9.08,74.716,63.4
546,45.502279,3.642384,54.5005,1065.0,0.1194,0.7,9.6055,9.08,74.714,63.4
547,45.503159,3.642116,54.6006,1069.5,0.1194,0.7,9.594,9.08,74.712,63.4
548,45.504038,3.641848,54.7005,1067.5,0.1194,0.7,9.5825,9.08,74.71,63.4
549,45.504918,3.64158,54.8006,1065.0,0.1194,0.7,9.571,9.08,74.708,63.4
550,45.505798,3.641312,54.9007,1063.8,0.1194,0.7,9.5595,9.08,74.706,63.4
551,45.506677,3.641044,55.0006,1065.2,0.1194,0.7,9.548,9.08,74.704,63.4
552,45.507557,3.640776,55.1007,1067.4,0.1194,0.7,9.5365,9.08,74.702,63.4
553,45.508437,3.640508,55.2008,1068.8,0.1194,0.7,9.525,9.08,74.7,63.4
554,45.509316,3.64024,55.3007,1066.1,0.1194,0.7,9.5135,9.08,74.698,63.4
555,45.510196,3.639972,55.4008,1065.9,0.1194,0.7,9.502,9.08,74.696,63.4
556,45.511076,3.639704,55.5009,1070.4,0.1194,0.7,9.4905,9.08,74.694,63.4
557,45.511955,3.639436,55.6008,1081.3,0.1194,0.7,9.479,9.08,74.692,63.4
558,45.512835,3.639168,55.7009,1096.0,0.1194,0.7,9.4675,9.08,74.69,63.4
559,45.513715,3.638899,55.801,1105.4,0.1194,0.7,9.456,9.08,74.688,63.4
560,45.514594,3.638631,55.9009,1108.6,0.1194,0.7,9.4445,9.08,74.686,63.4
561,45.515474,3.638363,56.001,1109.2,0.1194,0.7,9.433,9.08,74.684,63.4
562,45.516354,3.638095,56.1011,1115.4,0.1194,0.7,9.4215,9.08,74.682,63.4
563,45.517233,3.637827,56.201,1120.4,0.1194,0.7,9.41,9.08,74.68,63.4
564,45.518113,3.637559,56.3011,1122.2,0.1194,0.7,9.3985,9.08,74.678,63.4
565,45.518993,3.637291,56.4012,1127.5,0.1194,0.7,9.387,9.08,74.676,63.4
566,45.519872,3.637023,56.5011,1133.3,0.1194,0.7,9.3755,9.08,74.674,63.4
567,45.520752,3.636755,56.6012,1138.0,0.1194,0.7,9.364,9.08,74.672,63.4
568,45.521632,3.636487,56.7013,1140.2,0.1194,0.7,9.3525,9.08,74.67,63.4
569,45.522511,3.636219,56.8012,1145.1,0.1194,0.7,9.341,9.08,74.668,63.4
570,45.523391,3.635951,56.9013,1150.1,0.1194,0.7,9.3295,9.08,74.666,63.4
571,45.52427,3.635683,57.0012,1156.6,0.1194,0.7,9.318,9.08,74.664,63.4
572,45.52515,3.635415,57.1013,1160.8,0.1194,0.7,9.3065,9.08,74.662,63.4
573,45.52603,3.635147,57.2014,1169.2,0.1194,0.7,9.295,9.08,74.66,63.4
574,45.526909,3.634879,57.3013,1184.4,0.1194,0.7,9.2835,9.08,74.658,63.4
575,45.527789,3.634611,57.4014,1191.9,0.1194,0.7,9.272,9.08,74.656,63.4
576,45.528669,3.634343,57.5015,1194.1,0.1194,0.7,9.2605,9.08,74.654,63.4
577,45.529548,3.634075,57.6014,1203.7,0.1194,0.7,9.249,9.08,74.652,63.4
578,45.530428,3.633807,57.7015,1206.6,0.1194,0.7,9.2375,9.08,74.65,63.4
579,45.531308,3.633539,57.8016,1204.0,0.1194,0.7,9.226,9.08,74.648,63.4
580,45.532187,3.633271,57.9015,1204.3,0.1194,0.7,9.2145,9.08,74.646,63.4
581,45.533067,3.633003,58.0016,1203.8,0.1194,0.7,9.203,9.08,74.644,63.4
582,45.533947,3.632735,58.1017,1203.9,0.1194,0.7,9.1915,9.08,74.642,63.4
583,45.534826,3.632467,58.2016,1202.3,0.1194,0.7,9.18,9.08,74.64,63.4
584,45.535706,3.632199,58.3017,1195.7,0.1194,0.7,9.1685,9.08,74.638,63.4
585,45.536586,3.631931,58.4018,1187.3,0.1194,0.7,9.157,9.08,74.636,63.4
586,45.537465,3.631663,58.5017,1186.8,0.1194,0.7,9.1455,9.08,74.634,63.4
587,45.538345,3.631395,58.6018,1188.0,0.1194,0.7,9.134,9.08,74.632,63.4
588,45.539225,3.631127,58.7019,1183.0,0.1194,0.7,9.1225,9.08,74.63,63.4
589,45.540104,3.630859,58.8018,1183.3,0.1194,0.7,9.111,9.08,74.628,63.4
590,45.540984,3.630591,58.9019,1190.2,0.1194,0.7,9.0995,9.08,74.626,63.4
591,45.541864,3.630323,59.002,1193.2,0.1194,0.7,9.088,9.08,74.624,63.4
592,45.542743,3.630055,59.1019,1191.3,0.1194,0.7,9.0765,9.08,74.622,63.4
593,45.543623,3.629787,59.202,1185.1,0.1194,0.7,9.065,9.08,74.62,63.4
594,45.544503,3.629519,59.3021,1168.2,0.1194,0.7,9.0535,9.08,74.618,63.4
595,45.545382,3.629251,59.402,1154.5,0.1194,0.7,9.042,9.08,74.616,63.4
596,45.546262,3.628983,59.5021,1151.6,0.1194,0.7,9.0305,9.08,74.614,63.4
597,45.547141,3.628715,59.602,1151.6,0.1194,0.7,9.019,9.08,74.612,63.4
598,45.548021,3.628447,59.7021,1150.8,0.1194,0.7,9.0075,9.08,74.61,63.4
599,45.548901,3.628179,59.8022,1140.4,0.1194,0.7,8.996,9.08,74.608,63.4
600,45.54978,3.627911,59.9021,1122.8,0.1194,0.7,8.9845,9.08,74.606,63.4
601,45.55066,3.627643,60.0022,1111.9,0.1194,0.7,8.973,9.08,74.604,63.4
602,45.55154,3.627375,60.1023,1109.9,0.1194,0.7,8.9615,9.08,74.602,63.4
603,45.552419,3.627106,60.2023,1115.9,0.1194,0.7,8.95,9.08,74.6,63.4
604,45.553299,3.626838,60.3024,1115.8,0.1193,0.699,8.9666,9.0818,74.5871,63.3931
605,45.554179,3.62657,60.4025,1111.1,0.1191,0.698,8.9831,9.0836,74.5742,63.3861
606,45.555058,3.626302,60.5024,1109.6,0.119,0.697,8.9996,9.0853,74.5614,63.3792
607,45.555938,3.626034,60.6025,1105.6,0.1188,0.696,9.0162,9.0871,74.5485,63.3723
608,45.556818,3.625766,60.7026,1096.8,0.1187,0.695,9.0327,9.0889,74.5356,63.3653
609,45.557697,3.625498,60.8025,1083.3,0.1186,0.6941,9.0493,9.0907,74.5227,63.3584
610,45.558577,3.62523,60.9026,1071.5,0.1184,0.6931,9.0658,9.0925,74.5098,63.3515
611,45.559457,3.624962,61.0027,1046.3,0.1183,0.6921,9.0824,9.0943,74.497,63.3445
612,45.560336,3.624694,61.1026,1019.2,0.1181,0.6911,9.0989,9.096,74.4841,63.3376
613,45.561216,3.624426,61.2027,996.0,0.118,0.6901,9.1154,9.0978,74.4712,63.3307
614,45.562096,3.624158,61.3028,971.8,0.1178,0.6891,9.132,9.0996,74.4583,63.3237
615,45.562975,3.62389,61.4027,943.0,0.1177,0.6881,9.1485,9.1014,74.4455,63.3168
616,45.563855,3.623622,61.5028,918.9,0.1176,0.6871,9.1651,9.1032,74.4326,63.3099
617,45.564735,3.623354,61.6029,899.5,0.1174,0.6861,9.1816,9.105,74.4197,63.3029
618,45.565614,3.623086,61.7028,889.5,0.1173,0.6851,9.1981,9.1067,74.4068,63.296
619,45.566494,3.622818,61.8029,887.6,0.1171,0.6842,9.2147,9.1085,74.394,63.2891
620,45.567373,3.62255,61.9028,889.4,0.117,0.6832,9.2312,9.1103,74.3811,63.2821
621,45.568253,3.622282,62.0029,885.4,0.1169,0.6822,9.2478,9.1121,74.3682,63.2752
622,45.569133,3.622014,62.103,877.1,0.1167,0.6812,9.2643,9.1139,74.3553,63.2683
623,45.570012,3.621746,62.2029,864.7,0.1166,0.6802,9.2808,9.1157,74.3425,63.2613
624,45.570892,3.621478,62.303,859.8,0.1164,0.6792,9.2974,9.1174,74.3296,63.2544
625,45.571772,3.62121,62.4031,855.3,0.1163,0.6782,9.3139,9.1192,74.3167,63.2474
626,45.572651,3.620942,62.503,845.1,0.1161,0.6772,9.3305,9.121,74.3038,63.2405
627,45.573531,3.620674,62.6031,830.0,0.116,0.6762,9.347,9.1228,74.2909,63.2336
628,45.574411,3.620406,62.7032,812.1,0.1159,0.6752,9.3636,9.1246,74.2781,63.2266
629,45.57529,3.620138,62.8031,801.0,0.1157,0.6742,9.3801,9.1264,74.2652,63.2197
630,45.57617,3.61987,62.9032,807.5,0.1156,0.6733,9.3966,9.1281,74.2523,63.2128
631,45.57705,3.619602,63.0033,801.4,0.1154,0.6723,9.4132,9.1299,74.2394,63.2058
632,45.577929,3.619334,63.1032,791.2,0.1153,0.6713,9.4297,9.1317,74.2266,63.1989
633,45.578809,3.619066,63.2032,792.0,0.1152,0.6703,9.4463,9.1335,74.2137,63.192
634,45.579689,3.618798,63.3032,800.8,0.115,0.6693,9.4628,9.1353,74.2008,63.1851
635,45.580568,3.61853,63.4031,809.6,0.1149,0.6683,9.4793,9.1371,74.188,63.1781
636,45.581448,3.618262,63.5031,816.6,0.1147,0.6673,9.4959,9.1388,74.1751,63.1712
637,45.582328,3.617994,63.6031,821.1,0.1146,0.6663,9.5124,9.1406,74.1622,63.1643
638,45.583207,3.617726,63.703,817.5,0.1144,0.6653,9.5289,9.1424,74.1494,63.1573
639,45.584087,3.617458,63.803,822.5,0.1143,0.6643,9.5454,9.1442,74.1365,63.1504
640,45.584967,3.61719,63.903,826.7,0.1142,0.6634,9.562,9.146,74.1236,63.1435
641,45.585846,3.616922,64.0029,818.6,0.114,0.6624,9.5785,9.1477,74.1107,63.1366
642,45.586726,3.616654,64.1029,809.4,0.1139,0.6614,9.595,9.1495,74.0979,63.1296
643,45.587606,3.616386,64.2029,802.7,0.1137,0.6604,9.6116,9.1513,74.085,63.1227
644,45.588485,3.616118,64.3028,807.2,0.1136,0.6594,9.6281,9.1531,74.0721,63.1158
645,45.589365,3.61585,64.4028,813.1,0.1135,0.6584,9.6446,9.1549,74.0593,63.1088
646,45.590244,3.615582,64.5027,822.2,0.1133,0.6574,9.6612,9.1567,74.0464,63.1019
647,45.591124,3.615314,64.6027,837.3,0.1132,0.6564,9.6777,9.1584,74.0335,63.095
648,45.592004,3.615045,64.7028,852.0,0.113,0.6554,9.6942,9.1602,74.0206,63.088
649,45.592883,3.614777,64.8027,866.6,0.1129,0.6544,9.7108,9.162,74.0078,63.0811
650,45.593763,3.614509,64.9027,861.6,0.1127,0.6535,9.7273,9.1638,73.9949,63.0742
651,45.594643,3.614241,65.0027,861.0,0.1126,0.6525,9.7438,9.1656,73.982,63.0673
652,45.595522,3.613973,65.1026,876.5,0.1125,0.6515,9.7604,9.1673,73.9692,63.0603
653,45.596402,3.613705,65.2026,890.1,0.1123,0.6505,9.7769,9.1691,73.9563,63.0534
654,45.597282,3.613437,65.3026,893.6,0.1122,0.6495,9.7934,9.1709,73.9434,63.0465
655,45.598161,3.613169,65.4025,889.2,0.112,0.6485,9.81,9.1727,73.9306,63.0395
656,45.599041,3.612901,65.5025,900.4,0.1119,0.6475,9.8265,9.1745,73.9177,63.0326
657,45.599921,3.612633,65.6025,923.3,0.1118,0.6465,9.843,9.1763,73.9048,63.0257
658,45.6008,3.612365,65.7024,925.1,0.1116,0.6455,9.8595,9.178,73.892,63.0188
659,45.60168,3.612097,65.8024,915.0,0.1115,0.6445,9.8761,9.1798,73.8791,63.0118
660,45.60256,3.611829,65.9024,899.6,0.1113,0.6436,9.8926,9.1816,73.8662,63.0049
661,45.603439,3.611561,66.0023,897.6,0.1112,0.6426,9.9091,9.1834,73.8534,62.998
662,45.604319,3.611293,66.1023,901.9,0.111,0.6416,9.9257,9.1852,73.8405,62.991
663,45.605199,3.611025,66.2023,900.1,0.1109,0.6406,9.9422,9.1869,73.8276,62.9841
664,45.606078,3.610757,66.3022,896.3,0.1108,0.6396,9.9587,9.1887,73.8148,62.9772
665,45.606958,3.610489,66.4022,890.7,0.1106,0.6386,9.9753,9.1905,73.8019,62.9702
666,45.607838,3.610221,66.5022,880.3,0.1105,0.6376,9.9918,9.1923,73.789,62.9633
667,45.608717,3.609953,66.6021,882.1,0.1103,0.6366,10.0083,9.1941,73.7761,62.9564
668,45.609597,3.609685,66.7021,889.7,0.1102,0.6356,10.0249,9.1959,73.7633,62.9495
669,45.610476,3.609417,66.802,894.1,0.1101,0.6346,10.0414,9.1976,73.7504,62.9425
670,45.611356,3.609149,66.902,901.0,0.1099,0.6337,10.0579,9.1994,73.7375,62.9356
671,45.612236,3.608881,67.002,913.4,0.1098,0.6327,10.0745,9.2012,73.7247,62.9287
672,45.613115,3.608613,67.1019,907.4,0.1096,0.6317,10.091,9.203,73.7118,62.9217
673,45.613995,3.608345,67.2019,903.4,0.1095,0.6307,10.1075,9.2048,73.6989,62.9148
674,45.614875,3.608077,67.3019,901.5,0.1093,0.6297,10.1241,9.2065,73.6861,62.9079
675,45.615754,3.607809,67.4018,905.2,0.1092,0.6287,10.1406,9.2083,73.6732,62.901
676,45.616634,3.607541,67.5018,911.8,0.1091,0.6277,10.1571,9.2101,73.6603,62.894
677,45.617514,3.607273,67.6018,916.5,0.1089,0.6267,10.1737,9.2119,73.6475,62.8871
678,45.618393,3.607005,67.7017,918.4,0.1088,0.6257,10.1902,9.2137,73.6346,62.8802
679,45.619273,3.606737,67.8017,929.8,0.1086,0.6247,10.2067,9.2155,73.6217,62.8732
680,45.620153,3.606469,67.9017,944.8,0.1085,0.6238,10.2232,9.2172,73.6089,62.8663
681,45.621032,3.606201,68.0016,950.1,0.1084,0.6228,10.2398,9.219,73.596,62.8594
682,45.621912,3.605933,68.1016,949.4,0.1082,0.6218,10.2563,9.2208,73.5831,62.8524
683,45.622792,3.605665,68.2016,947.2,0.1081,0.6208,10.2728,9.2226,73.5702,62.8455
684,45.623671,3.605397,68.3015,942.3,0.1079,0.6198,10.2894,9.2244,73.5574,62.8386
685,45.624551,3.605129,68.4015,941.4,0.1078,0.6188,10.3059,9.2261,73.5445,62.8317
686,45.625431,3.604861,68.5015,937.4,0.1076,0.6178,10.3224,9.2279,73.5316,62.8247
687,45.62631,3.604593,68.6014,931.3,0.1075,0.6168,10.339,9.2297,73.5188,62.8178
688,45.62719,3.604325,68.7014,920.9,0.1074,0.6158,10.3555,9.2315,73.5059,62.8109
689,45.62807,3.604057,68.8014,914.9,0.1072,0.6148,10.372,9.2333,73.493,62.8039
690,45.628949,3.603789,68.9013,906.5,0.1071,0.6139,10.3885,9.2351,73.4802,62.797
691,45.629829,3.603521,69.0013,903.5,0.1069,0.6129,10.4051,9.2368,73.4673,62.7901
692,45.630709,3.603253,69.1013,897.0,0.1068,0.6119,10.4216,9.2386,73.4544,62.7832
693,45.631588,3.602984,69.2013,892.9,0.1067,0.6109,10.4382,9.2404,73.4416,62.7762
694,45.632468,3.602716,69.3013,888.3,0.1065,0.6099,10.4547,9.2422,73.4287,62.7693
695,45.633347,3.602448,69.4012,875.6,0.1064,0.6089,10.4712,9.244,73.4158,62.7624
696,45.634227,3.60218,69.5012,866.1,0.1062,0.6079,10.4878,9.2457,73.4029,62.7554
697,45.635107,3.601912,69.6012,857.0,0.1061,0.6069,10.5043,9.2475,73.3901,62.7485
698,45.635986,3.601644,69.7011,840.6,0.1059,0.6059,10.5208,9.2493,73.3772,62.7416
699,45.636866,3.601376,69.8011,826.1,0.1058,0.6049,10.5373,9.2511,73.3643,62.7346
700,45.637746,3.601108,69.9011,814.6,0.1057,0.604,10.5539,9.2529,73.3515,62.7277
701,45.638625,3.60084,70.001,808.7,0.1055,0.603,10.5704,9.2547,73.3386,62.7208
702,45.639505,3.600572,70.101,810.1,0.1054,0.602,10.5869,9.2564,73.3257,62.7139
703,45.640385,3.600304,70.201,817.9,0.1052,0.601,10.6035,9.2582,73.3129,62.7069
704,45.641264,3.600036,70.3009,819.3,0.1051,0.6,10.62,9.26,73.3,62.7
705,45.642144,3.599768,70.4009,815.2,0.1051,0.6,10.6408,9.26,73.304,62.7
706,45.643024,3.5995,70.5009,804.6,0.1051,0.6,10.6616,9.26,73.3079,62.7
707,45.643903,3.599232,70.6008,789.3,0.1051,0.6,10.6824,9.26,73.3119,62.7
708,45.644783,3.598964,70.7008,785.8,0.1051,0.6,10.7032,9.26,73.3158,62.7
709,45.645663,3.598696,70.8008,778.6,0.1051,0.6,10.724,9.26,73.3198,62.7
710,45.646542,3.598428,70.9007,766.9,0.1051,0.6,10.7448,9.26,73.3238,62.7
711,45.647422,3.59816,71.0007,760.7,0.1051,0.6,10.7656,9.26,73.3277,62.7
712,45.648302,3.597892,71.1007,755.8,0.1051,0.6,10.7864,9.26,73.3317,62.7
713,45.649181,3.597624,71.2006,751.8,0.1051,0.6,10.8071,9.26,73.3356,62.7
714,45.650061,3.597356,71.3006,755.5,0.1051,0.6,10.8279,9.26,73.3396,62.7
715,45.650941,3.597088,71.4006,754.2,0.1051,0.6,10.8487,9.26,73.3436,62.7
716,45.65182,3.59682,71.5005,745.9,0.1051,0.6,10.8695,9.26,73.3475,62.7
717,45.6527,3.596552,71.6005,729.6,0.1051,0.6,10.8903,9.26,73.3515,62.7
718,45.653579,3.596284,71.7004,712.5,0.1051,0.6,10.9111,9.26,73.3554,62.7
719,45.654459,3.596016,71.8004,684.9,0.1051,0.6,10.9319,9.26,73.3594,62.7
720,45.655339,3.595748,71.9004,655.5,0.1051,0.6,10.9527,9.26,73.3634,62.7
721,45.656218,3.59548,72.0003,647.8,0.1051,0.6,10.9735,9.26,73.3673,62.7
722,45.657098,3.595212,72.1003,645.6,0.1051,0.6,10.9943,9.26,73.3713,62.7
723,45.657978,3.594944,72.2003,638.8,0.1051,0.6,11.0151,9.26,73.3752,62.7
724,45.658857,3.594676,72.3002,633.8,0.1051,0.6,11.0358,9.26,73.3792,62.7
725,45.659737,3.594408,72.4002,633.3,0.1051,0.6,11.0566,9.26,73.3832,62.7
726,45.660617,3.59414,72.5002,634.1,0.1051,0.6,11.0774,9.26,73.3871,62.7
727,45.661496,3.593872,72.6001,643.3,0.1051,0.6,11.0982,9.26,73.3911,62.7
728,45.662376,3.593604,72.7001,657.9,0.1051,0.6,11.119,9.26,73.395,62.7
729,45.663256,3.593336,72.8001,670.7,0.1051,0.6,11.1398,9.26,73.399,62.7
730,45.664135,3.593068,72.9,671.6,0.1051,0.6,11.1606,9.26,73.403,62.7
731,45.665015,3.5928,73.0,650.2,0.1051,0.6,11.1814,9.26,73.4069,62.7
732,45.665895,3.592532,73.1,624.4,0.1051,0.6,11.2022,9.26,73.4109,62.7
733,45.666774,3.592264,73.1999,607.3,0.1051,0.6,11.223,9.26,73.4149,62.7
734,45.667654,3.591996,73.2999,594.2,0.1051,0.6,11.2438,9.26,73.4188,62.7
735,45.668534,3.591728,73.3999,592.6,0.1051,0.6,11.2646,9.26,73.4228,62.7
736,45.669413,3.59146,73.4998,601.3,0.1051,0.6,11.2853,9.26,73.4267,62.7
737,45.670293,3.591191,73.5999,601.5,0.1051,0.6,11.3062,9.26,73.4307,62.7
738,45.671173,3.590923,73.6999,606.7,0.1051,0.6,11.327,9.26,73.4347,62.7
739,45.672052,3.590655,73.7998,616.7,0.1051,0.6,11.3477,9.26,73.4386,62.7
740,45.672932,3.590387,73.8998,622.2,0.1051,0.6,11.3685,9.26,73.4426,62.7
741,45.673811,3.590119,73.9997,627.1,0.1051,0.6,11.3893,9.26,73.4465,62.7
742,45.674691,3.589851,74.0997,625.4,0.1051,0.6,11.4101,9.26,73.4505,62.7
743,45.675571,3.589583,74.1997,620.1,0.1051,0.6,11.4309,9.26,73.4545,62.7
744,45.67645,3.589315,74.2996,606.0,0.1051,0.6,11.4517,9.26,73.4584,62.7
745,45.67733,3.589047,74.3996,585.9,0.1051,0.6,11.4725,9.26,73.4624,62.7
746,45.67821,3.588779,74.4996,573.1,0.1051,0.6,11.4933,9.26,73.4663,62.7
747,45.679089,3.588511,74.5995,557.9,0.1051,0.6,11.5141,9.26,73.4703,62.7
748,45.679969,3.588243,74.6995,535.4,0.1051,0.6,11.5349,9.26,73.4743,62.7
749,45.680849,3.587975,74.7995,516.1,0.1051,0.6,11.5557,9.26,73.4782,62.7
750,45.681728,3.587707,74.8994,537.3,0.1051,0.6,11.5764,9.26,73.4822,62.7
751,45.682608,3.587439,74.9994,573.2,0.1051,0.6,11.5972,9.26,73.4861,62.7
752,45.683488,3.587171,75.0994,591.9,0.1051,0.6,11.618,9.26,73.4901,62.7
753,45.684367,3.586903,75.1993,597.2,0.1051,0.6,11.6388,9.26,73.4941,62.7
754,45.685247,3.586635,75.2993,589.8,0.1051,0.6,11.6596,9.26,73.498,62.7
755,45.686127,3.586367,75.3993,575.8,0.1051,0.6,11.6804,9.26,73.502,62.7
756,45.687006,3.586099,75.4992,567.2,0.1051,0.6,11.7012,9.26,73.5059,62.7
757,45.687886,3.585831,75.5992,559.6,0.1051,0.6,11.722,9.26,73.5099,62.7
758,45.688766,3.585563,75.6992,556.1,0.1051,0.6,11.7428,9.26,73.5139,62.7
759,45.689645,3.585295,75.7991,556.9,0.1051,0.6,11.7636,9.26,73.5178,62.7
760,45.690525,3.585027,75.8991,554.2,0.1051,0.6,11.7844,9.26,73.5218,62.7
761,45.691405,3.584759,75.9991,549.0,0.1051,0.6,11.8052,9.26,73.5257,62.7
762,45.692284,3.584491,76.099,534.8,0.1051,0.6,11.826,9.26,73.5297,62.7
763,45.693164,3.584223,76.199,525.2,0.1051,0.6,11.8468,9.26,73.5337,62.7
764,45.694044,3.583955,76.299,521.5,0.1051,0.6,11.8675,9.26,73.5376,62.7
765,45.694923,3.583687,76.3989,519.6,0.1051,0.6,11.8883,9.26,73.5416,62.7
766,45.695803,3.583419,76.4989,511.1,0.1051,0.6,11.9091,9.26,73.5455,62.7
767,45.696682,3.583151,76.5988,496.9,0.1051,0.6,11.9299,9.26,73.5495,62.7
768,45.697562,3.582883,76.6988,478.4,0.1051,0.6,11.9507,9.26,73.5535,62.7
769,45.698442,3.582615,76.7988,458.6,0.1051,0.6,11.9715,9.26,73.5574,62.7
770,45.699321,3.582347,76.8987,425.5,0.1051,0.6,11.9923,9.26,73.5614,62.7
771,45.700201,3.582079,76.9987,396.8,0.1051,0.6,12.0131,9.26,73.5653,62.7
772,45.701081,3.581811,77.0987,388.6,0.1051,0.6,12.0339,9.26,73.5693,62.7
773,45.70196,3.581543,77.1986,395.7,0.1051,0.6,12.0547,9.26,73.5733,62.7
774,45.70284,3.581275,77.2986,419.8,0.1051,0.6,12.0755,9.26,73.5772,62.7
775,45.70372,3.581007,77.3986,449.1,0.1051,0.6,12.0963,9.26,73.5812,62.7
776,45.704599,3.580739,77.4985,467.4,0.1051,0.6,12.117,9.26,73.5851,62.7
777,45.705479,3.580471,77.5985,473.2,0.1051,0.6,12.1378,9.26,73.5891,62.7
778,45.706359,3.580203,77.6985,481.8,0.1051,0.6,12.1586,9.26,73.5931,62.7
779,45.707238,3.579935,77.7984,483.6,0.1051,0.6,12.1794,9.26,73.597,62.7
780,45.708118,3.579667,77.8984,482.0,0.1051,0.6,12.2002,9.26,73.601,62.7
781,45.708998,3.579399,77.9984,491.7,0.1051,0.6,12.221,9.26,73.605,62.7
782,45.709877,3.57913,78.0983,498.2,0.1051,0.6,12.2418,9.26,73.6089,62.7
783,45.710757,3.578862,78.1983,501.8,0.1051,0.6,12.2626,9.26,73.6129,62.7
784,45.711637,3.578594,78.2983,505.9,0.1051,0.6,12.2834,9.26,73.6168,62.7
785,45.712516,3.578326,78.3982,510.7,0.1051,0.6,12.3042,9.26,73.6208,62.7
786,45.713396,3.578058,78.4982,516.5,0.1051,0.6,12.325,9.26,73.6248,62.7
787,45.714276,3.57779,78.5982,522.6,0.1051,0.6,12.3458,9.26,73.6287,62.7
788,45.715155,3.577522,78.6981,527.6,0.1051,0.6,12.3665,9.26,73.6327,62.7
789,45.716035,3.577254,78.7981,535.6,0.1051,0.6,12.3873,9.26,73.6366,62.7
790,45.716914,3.576986,78.898,539.1,0.1051,0.6,12.4081,9.26,73.6406,62.7
791,45.717794,3.576718,78.998,539.3,0.1051,0.6,12.4289,9.26,73.6446,62.7
792,45.718674,3.57645,79.098,537.9,0.1051,0.6,12.4497,9.26,73.6485,62.7
793,45.719553,3.576182,79.1979,537.0,0.1051,0.6,12.4705,9.26,73.6525,62.7
794,45.720433,3.575914,79.2979,532.6,0.1051,0.6,12.4913,9.26,73.6564,62.7
795,45.721313,3.575646,79.3979,522.0,0.1051,0.6,12.5121,9.26,73.6604,62.7
796,45.722192,3.575378,79.4978,513.6,0.1051,0.6,12.5329,9.26,73.6644,62.7
797,45.723072,3.57511,79.5978,506.0,0.1051,0.6,12.5537,9.26,73.6683,62.7
798,45.723952,3.574842,79.6978,494.5,0.1051,0.6,12.5745,9.26,73.6723,62.7
799,45.724831,3.574574,79.7977,486.0,0.1051,0.6,12.5952,9.26,73.6762,62.7
800,45.725711,3.574306,79.8977,485.0,0.1051,0.6,12.616,9.26,73.6802,62.7
801,45.726591,3.574038,79.9977,495.7,0.1051,0.6,12.6368,9.26,73.6842,62.7
802,45.72747,3.57377,80.0976,505.4,0.1051,0.6,12.6576,9.26,73.6881,62.7
803,45.72835,3.573502,80.1976,508.6,0.1051,0.6,12.6784,9.26,73.6921,62.7
804,45.72923,3.573234,80.2976,509.1,0.1051,0.6,12.6992,9.26,73.696,62.7
805,45.730109,3.572966,80.3975,500.5,0.1051,0.6,12.72,9.26,73.7,62.7
806,45.730989,3.572698,80.4975,491.7,0.1051,0.6,12.7274,9.26,73.701,62.7
807,45.731869,3.57243,80.5975,483.3,0.1051,0.6,12.7349,9.26,73.702,62.7
808,45.732748,3.572162,80.6974,477.1,0.1051,0.6,12.7423,9.26,73.703,62.7
809,45.733628,3.571894,80.7974,468.6,0.1051,0.6,12.7497,9.26,73.704,62.7
810,45.734508,3.571626,80.8974,453.2,0.1051,0.6,12.7571,9.26,73.705,62.7
811,45.735387,3.571358,80.9973,430.4,0.1051,0.6,12.7646,9.26,73.7059,62.7
812,45.736267,3.57109,81.0973,418.7,0.1051,0.6,12.772,9.26,73.7069,62.7
813,45.737147,3.570822,81.1973,410.0,0.1051,0.6,12.7794,9.26,73.7079,62.7
814,45.738026,3.570554,81.2972,396.8,0.1051,0.6,12.7868,9.26,73.7089,62.7
815,45.738906,3.570286,81.3972,387.8,0.1051,0.6,12.7943,9.26,73.7099,62.7
816,45.739785,3.570018,81.4971,380.1,0.1051,0.6,12.8017,9.26,73.7109,62.7
817,45.740665,3.56975,81.5971,378.4,0.1051,0.6,12.8091,9.26,73.7119,62.7
818,45.741545,3.569482,81.6971,367.6,0.1051,0.6,12.8165,9.26,73.7129,62.7
819,45.742424,3.569214,81.797,354.0,0.1051,0.6,12.824,9.26,73.7139,62.7
820,45.743304,3.568946,81.897,343.8,0.1051,0.6,12.8314,9.26,73.7149,62.7
821,45.744184,3.568678,81.997,351.2,0.1051,0.6,12.8388,9.26,73.7158,62.7
822,45.745063,3.56841,82.0969,353.5,0.1051,0.6,12.8462,9.26,73.7168,62.7
823,45.745943,3.568142,82.1969,356.6,0.1051,0.6,12.8537,9.26,73.7178,62.7
824,45.746823,3.567874,82.2969,370.4,0.1051,0.6,12.8611,9.26,73.7188,62.7
825,45.747702,3.567606,82.3968,387.9,0.1051,0.6,12.8685,9.26,73.7198,62.7
826,45.748582,3.567337,82.4969,411.3,0.1051,0.6,12.8759,9.26,73.7208,62.7
827,45.749462,3.567069,82.5969,428.8,0.1051,0.6,12.8834,9.26,73.7218,62.7
828,45.750341,3.566801,82.6968,435.5,0.1051,0.6,12.8908,9.26,73.7228,62.7
829,45.751221,3.566533,82.7968,437.3,0.1051,0.6,12.8982,9.26,73.7238,62.7
830,45.752101,3.566265,82.8968,439.0,0.1051,0.6,12.9057,9.26,73.7248,62.7
831,45.75298,3.565997,82.9967,436.6,0.1051,0.6,12.9131,9.26,73.7257,62.7
832,45.75386,3.565729,83.0967,435.2,0.1051,0.6,12.9205,9.26,73.7267,62.7
833,45.75474,3.565461,83.1967,435.4,0.1051,0.6,12.9279,9.26,73.7277,62.7
834,45.755619,3.565193,83.2966,433.7,0.1051,0.6,12.9354,9.26,73.7287,62.7
835,45.756499,3.564925,83.3966,431.4,0.1051,0.6,12.9428,9.26,73.7297,62.7
836,45.757379,3.564657,83.4966,427.1,0.1051,0.6,12.9502,9.26,73.7307,62.7
837,45.758258,3.564389,83.5965,420.4,0.1051,0.6,12.9576,9.26,73.7317,62.7
838,45.759138,3.564121,83.6965,418.1,0.1051,0.6,12.9651,9.26,73.7327,62.7
839,45.760017,3.563853,83.7964,420.6,0.1051,0.6,12.9725,9.26,73.7337,62.7
840,45.760897,3.563585,83.8964,420.3,0.1051,0.6,12.9799,9.26,73.7347,62.7
841,45.761777,3.563317,83.9964,415.8,0.1051,0.6,12.9873,9.26,73.7356,62.7
842,45.762656,3.563049,84.0963,399.0,0.1051,0.6,12.9948,9.26,73.7366,62.7
843,45.763536,3.562781,84.1963,389.8,0.1051,0.6,13.0022,9.26,73.7376,62.7
844,45.764416,3.562513,84.2963,397.5,0.1051,0.6,13.0096,9.26,73.7386,62.7
845,45.765295,3.562245,84.3962,403.1,0.1051,0.6,13.017,9.26,73.7396,62.7
846,45.766175,3.561977,84.4962,405.7,0.1051,0.6,13.0245,9.26,73.7406,62.7
847,45.767055,3.561709,84.5962,400.2,0.1051,0.6,13.0319,9.26,73.7416,62.7
848,45.767934,3.561441,84.6961,396.1,0.1051,0.6,13.0393,9.26,73.7426,62.7
849,45.768814,3.561173,84.7961,391.9,0.1051,0.6,13.0467,9.26,73.7436,62.7
850,45.769694,3.560905,84.8961,381.3,0.1051,0.6,13.0542,9.26,73.7446,62.7
851,45.770573,3.560637,84.996,369.5,0.1051,0.6,13.0616,9.26,73.7455,62.7
852,45.771453,3.560369,85.096,364.6,0.1051,0.6,13.069,9.26,73.7465,62.7
853,45.772333,3.560101,85.196,364.6,0.1051,0.6,13.0764,9.26,73.7475,62.7
854,45.773212,3.559833,85.2959,367.1,0.1051,0.6,13.0839,9.26,73.7485,62.7
855,45.774092,3.559565,85.3959,368.6,0.1051,0.6,13.0913,9.26,73.7495,62.7
856,45.774972,3.559297,85.4959,368.8,0.1051,0.6,13.0987,9.26,73.7505,62.7
857,45.775851,3.559029,85.5958,365.0,0.1051,0.6,13.1061,9.26,73.7515,62.7
858,45.776731,3.558761,85.6958,361.4,0.1051,0.6,13.1136,9.26,73.7525,62.7
859,45.777611,3.558493,85.7958,360.4,0.1051,0.6,13.121,9.26,73.7535,62.7
860,45.77849,3.558225,85.8957,355.9,0.1051,0.6,13.1284,9.26,73.7545,62.7
861,45.77937,3.557957,85.9957,349.6,0.1051,0.6,13.1358,9.26,73.7554,62.7
862,45.78025,3.557689,86.0957,342.3,0.1051,0.6,13.1433,9.26,73.7564,62.7
863,45.781129,3.557421,86.1956,329.9,0.1051,0.6,13.1507,9.26,73.7574,62.7
864,45.782009,3.557153,86.2956,318.8,0.1051,0.6,13.1581,9.26,73.7584,62.7
865,45.782888,3.556885,86.3955,316.1,0.1051,0.6,13.1655,9.26,73.7594,62.7
866,45.783768,3.556617,86.4955,316.3,0.1051,0.6,13.173,9.26,73.7604,62.7
867,45.784648,3.556349,86.5955,318.4,0.1051,0.6,13.1804,9.26,73.7614,62.7
868,45.785527,3.556081,86.6954,339.8,0.1051,0.6,13.1878,9.26,73.7624,62.7
869,45.786407,3.555813,86.7954,355.4,0.1051,0.6,13.1953,9.26,73.7634,62.7
870,45.787287,3.555545,86.8954,363.3,0.1051,0.6,13.2027,9.26,73.7644,62.7
871,45.788166,3.555276,86.9953,364.5,0.1051,0.6,13.2101,9.26,73.7653,62.7
872,45.789046,3.555008,87.0953,363.6,0.1051,0.6,13.2175,9.26,73.7663,62.7
873,45.789926,3.55474,87.1953,364.8,0.1051,0.6,13.225,9.26,73.7673,62.7
874,45.790805,3.554472,87.2952,363.9,0.1051,0.6,13.2324,9.26,73.7683,62.7
875,45.791685,3.554204,87.3952,361.3,0.1051,0.6,13.2398,9.26,73.7693,62.7
876,45.792565,3.553936,87.4952,362.8,0.1051,0.6,13.2472,9.26,73.7703,62.7
877,45.793444,3.553668,87.5951,367.5,0.1051,0.6,13.2547,9.26,73.7713,62.7
878,45.794324,3.5534,87.6951,369.0,0.1051,0.6,13.2621,9.26,73.7723,62.7
879,45.795204,3.553132,87.7951,368.1,0.1051,0.6,13.2695,9.26,73.7733,62.7
880,45.796083,3.552864,87.895,369.4,0.1051,0.6,13.2769,9.26,73.7743,62.7
881,45.796963,3.552596,87.995,370.4,0.1051,0.6,13.2844,9.26,73.7752,62.7
882,45.797843,3.552328,88.095,365.0,0.1051,0.6,13.2918,9.26,73.7762,62.7
883,45.798722,3.55206,88.1949,364.2,0.1051,0.6,13.2992,9.26,73.7772,62.7
884,45.799602,3.551792,88.2949,357.0,0.1051,0.6,13.3066,9.26,73.7782,62.7
885,45.800482,3.551524,88.3949,350.8,0.1051,0.6,13.3141,9.26,73.7792,62.7
886,45.801361,3.551256,88.4948,348.6,0.1051,0.6,13.3215,9.26,73.7802,62.7
887,45.802241,3.550988,88.5948,357.9,0.1051,0.6,13.3289,9.26,73.7812,62.7
888,45.80312,3.55072,88.6947,358.6,0.1051,0.6,13.3363,9.26,73.7822,62.7
889,45.804,3.550452,88.7947,349.3,0.1051,0.6,13.3438,9.26,73.7832,62.7
890,45.80488,3.550184,88.8947,339.0,0.1051,0.6,13.3512,9.26,73.7842,62.7
891,45.805759,3.549916,88.9946,336.2,0.1051,0.6,13.3586,9.26,73.7851,62.7
892,45.806639,3.549648,89.0946,345.4,0.1051,0.6,13.366,9.26,73.7861,62.7
893,45.807519,3.54938,89.1946,365.5,0.1051,0.6,13.3735,9.26,73.7871,62.7
894,45.808398,3.549112,89.2945,386.3,0.1051,0.6,13.3809,9.26,73.7881,62.7
895,45.809278,3.548844,89.3945,391.0,0.1051,0.6,13.3883,9.26,73.7891,62.7
896,45.810158,3.548576,89.4945,391.8,0.1051,0.6,13.3957,9.26,73.7901,62.7
897,45.811037,3.548308,89.5944,395.2,0.1051,0.6,13.4032,9.26,73.7911,62.7
898,45.811917,3.54804,89.6944,396.5,0.1051,0.6,13.4106,9.26,73.7921,62.7
899,45.812797,3.547772,89.7944,398.3,0.1051,0.6,13.418,9.26,73.7931,62.7
900,45.813676,3.547504,89.8943,398.8,0.1051,0.6,13.4254,9.26,73.7941,62.7
901,45.814556,3.547236,89.9943,397.2,0.1051,0.6,13.4329,9.26,73.795,62.7
902,45.815436,3.546968,90.0943,396.1,0.1051,0.6,13.4403,9.26,73.796,62.7
903,45.816315,3.5467,90.1942,394.3,0.1051,0.6,13.4477,9.26,73.797,62.7
904,45.817195,3.546432,90.2942,388.4,0.1051,0.6,13.4552,9.26,73.798,62.7
905,45.818075,3.546164,90.3942,382.4,0.1051,0.6,13.4626,9.26,73.799,62.7
906,45.818954,3.545896,90.4941,381.0,0.1051,0.6,13.47,9.26,73.8,62.7
907,45.819834,3.545628,90.5941,387.6,0.105,0.599,13.468,9.2657,73.7812,62.6911
908,45.820714,3.54536,90.6941,389.0,0.1049,0.598,13.466,9.2715,73.7624,62.6822
909,45.821593,3.545092,90.794,381.2,0.1048,0.597,13.4641,9.2772,73.7436,62.6733
910,45.822473,3.544824,90.894,376.7,0.1047,0.596,13.4621,9.283,73.7247,62.6644
911,45.823353,3.544556,90.994,379.7,0.1046,0.595,13.4601,9.2887,73.7059,62.6554
912,45.824232,3.544288,91.0939,383.4,0.1045,0.5941,13.4581,9.2945,73.6871,62.6465
913,45.825112,3.54402,91.1939,391.3,0.1043,0.5931,13.4561,9.3002,73.6683,62.6376
914,45.825991,3.543752,91.2938,394.1,0.1042,0.5921,13.4542,9.3059,73.6495,62.6287
915,45.826871,3.543483,91.3938,391.7,0.1041,0.5911,13.4522,9.3117,73.6307,62.6198
916,45.827751,3.543215,91.4938,388.4,0.104,0.5901,13.4502,9.3174,73.6119,62.6109
917,45.82863,3.542947,91.5937,378.5,0.1039,0.5891,13.4482,9.3232,73.5931,62.602
918,45.82951,3.542679,91.6937,372.6,0.1038,0.5881,13.4462,9.3289,73.5743,62.5931
919,45.83039,3.542411,91.7937,372.7,0.1037,0.5871,13.4443,9.3347,73.5554,62.5842
920,45.831269,3.542143,91.8936,378.5,0.1036,0.5861,13.4423,9.3404,73.5366,62.5752
921,45.832149,3.541875,91.9936,380.2,0.1035,0.5851,13.4403,9.3461,73.5178,62.5663
922,45.833029,3.541607,92.0936,378.7,0.1034,0.5842,13.4383,9.3519,73.499,62.5574
923,45.833908,3.541339,92.1935,371.9,0.1033,0.5832,13.4363,9.3576,73.4802,62.5485
924,45.834788,3.541071,92.2935,367.1,0.1032,0.5822,13.4344,9.3634,73.4614,62.5396
925,45.835668,3.540803,92.3935,371.8,0.103,0.5812,13.4324,9.3691,73.4426,62.5307
926,45.836547,3.540535,92.4934,373.4,0.1029,0.5802,13.4304,9.3749,73.4238,62.5218
927,45.837427,3.540267,92.5934,369.8,0.1028,0.5792,13.4284,9.3806,73.4049,62.5129
928,45.838307,3.539999,92.6934,364.9,0.1027,0.5782,13.4264,9.3863,73.3861,62.504
929,45.839186,3.539731,92.7933,369.5,0.1026,0.5772,13.4245,9.3921,73.3673,62.495
930,45.840066,3.539463,92.8933,369.7,0.1025,0.5762,13.4225,9.3978,73.3485,62.4861
931,45.840946,3.539195,92.9933,361.3,0.1024,0.5752,13.4205,9.4036,73.3297,62.4772
932,45.841825,3.538927,93.0932,360.8,0.1023,0.5743,13.4185,9.4093,73.3109,62.4683
933,45.842705,3.538659,93.1932,362.8,0.1022,0.5733,13.4165,9.4151,73.2921,62.4594
934,45.843585,3.538391,93.2932,356.3,0.1021,0.5723,13.4146,9.4208,73.2733,62.4505
935,45.844464,3.538123,93.3931,350.1,0.102,0.5713,13.4126,9.4265,73.2545,62.4416
936,45.845344,3.537855,93.4931,343.2,0.1019,0.5703,13.4106,9.4323,73.2356,62.4327
937,45.846223,3.537587,93.593,334.4,0.1018,0.5693,13.4086,9.438,73.2168,62.4238
938,45.847103,3.537319,93.693,324.0,0.1016,0.5683,13.4066,9.4438,73.198,62.4149
939,45.847983,3.537051,93.793,317.3,0.1015,0.5673,13.4047,9.4495,73.1792,62.4059
940,45.848862,3.536783,93.8929,312.4,0.1014,0.5663,13.4027,9.4552,73.1604,62.397
941,45.849742,3.536515,93.9929,307.8,0.1013,0.5653,13.4007,9.461,73.1416,62.3881
942,45.850622,3.536247,94.0929,307.2,0.1012,0.5644,13.3987,9.4667,73.1228,62.3792
943,45.851501,3.535979,94.1928,308.7,0.1011,0.5634,13.3967,9.4725,73.104,62.3703
944,45.852381,3.535711,94.2928,317.9,0.101,0.5624,13.3948,9.4782,73.0851,62.3614
945,45.853261,3.535443,94.3928,333.8,0.1009,0.5614,13.3928,9.484,73.0663,62.3525
946,45.85414,3.535175,94.4927,344.3,0.1008,0.5604,13.3908,9.4897,73.0475,62.3436
947,45.85502,3.534907,94.5927,351.6,0.1007,0.5594,13.3888,9.4954,73.0287,62.3347
948,45.8559,3.534639,94.6927,358.5,0.1006,0.5584,13.3868,9.5012,73.0099,62.3257
949,45.856779,3.534371,94.7926,369.0,0.1005,0.5574,13.3849,9.5069,72.9911,62.3168
950,45.857659,3.534103,94.8926,377.9,0.1004,0.5564,13.3829,9.5127,72.9723,62.3079
951,45.858539,3.533835,94.9926,384.6,0.1002,0.5554,13.3809,9.5184,72.9535,62.299
952,45.859418,3.533567,95.0925,390.4,0.1001,0.5545,13.3789,9.5242,72.9347,62.2901
953,45.860298,3.533299,95.1925,394.5,0.1,0.5535,13.3769,9.5299,72.9158,62.2812
954,45.861178,3.533031,95.2925,397.8,0.0999,0.5525,13.3749,9.5356,72.897,62.2723
955,45.862057,3.532763,95.3924,402.4,0.0998,0.5515,13.373,9.5414,72.8782,62.2634
956,45.862937,3.532495,95.4924,408.6,0.0997,0.5505,13.371,9.5471,72.8594,62.2545
957,45.863817,3.532227,95.5924,414.3,0.0996,0.5495,13.369,9.5529,72.8406,62.2455
958,45.864696,3.531959,95.6923,424.9,0.0995,0.5485,13.367,9.5586,72.8218,62.2366
959,45.865576,3.531691,95.7923,430.5,0.0994,0.5475,13.365,9.5644,72.803,62.2277
960,45.866455,3.531422,95.8922,432.8,0.0993,0.5465,13.3631,9.5701,72.7842,62.2188
961,45.867335,3.531154,95.9922,431.2,0.0992,0.5455,13.3611,9.5758,72.7653,62.2099
962,45.868215,3.530886,96.0922,425.9,0.0991,0.5446,13.3591,9.5816,72.7465,62.201
963,45.869094,3.530618,96.1921,419.6,0.0989,0.5436,13.3571,9.5873,72.7277,62.1921
964,45.869974,3.53035,96.2921,415.1,0.0988,0.5426,13.3551,9.5931,72.7089,62.1832
965,45.870854,3.530082,96.3921,412.9,0.0987,0.5416,13.3532,9.5988,72.6901,62.1743
966,45.871733,3.529814,96.492,409.8,0.0986,0.5406,13.3512,9.6046,72.6713,62.1653
967,45.872613,3.529546,96.592,401.1,0.0985,0.5396,13.3492,9.6103,72.6525,62.1564
968,45.873493,3.529278,96.692,389.6,0.0984,0.5386,13.3472,9.616,72.6337,62.1475
969,45.874372,3.52901,96.7919,382.3,0.0983,0.5376,13.3452,9.6218,72.6149,62.1386
970,45.875252,3.528742,96.8919,384.3,0.0982,0.5366,13.3433,9.6275,72.596,62.1297
971,45.876132,3.528474,96.9919,385.0,0.0981,0.5356,13.3413,9.6333,72.5772,62.1208
972,45.877011,3.528206,97.0918,375.9,0.098,0.5347,13.3393,9.639,72.5584,62.1119
973,45.877891,3.527938,97.1918,364.0,0.0979,0.5337,13.3373,9.6448,72.5396,62.103
974,45.878771,3.52767,97.2918,348.5,0.0978,0.5327,13.3353,9.6505,72.5208,62.0941
975,45.87965,3.527402,97.3917,346.2,0.0977,0.5317,13.3334,9.6562,72.502,62.0851
976,45.88053,3.527134,97.4917,361.6,0.0975,0.5307,13.3314,9.662,72.4832,62.0762
977,45.88141,3.526866,97.5917,366.1,0.0974,0.5297,13.3294,9.6677,72.4643,62.0673
978,45.882289,3.526598,97.6916,359.9,0.0973,0.5287,13.3274,9.6735,72.4455,62.0584
979,45.883169,3.52633,97.7916,350.2,0.0972,0.5277,13.3254,9.6792,72.4267,62.0495
980,45.884049,3.526062,97.8916,348.2,0.0971,0.5267,13.3235,9.685,72.4079,62.0406
981,45.884928,3.525794,97.9915,350.2,0.097,0.5257,13.3215,9.6907,72.3891,62.0317
982,45.885808,3.525526,98.0915,353.6,0.0969,0.5248,13.3195,9.6964,72.3703,62.0228
983,45.886688,3.525258,98.1915,354.4,0.0968,0.5238,13.3175,9.7022,72.3515,62.0139
984,45.887567,3.52499,98.2914,362.1,0.0967,0.5228,13.3155,9.7079,72.3327,62.005
985,45.888447,3.524722,98.3914,361.7,0.0966,0.5218,13.3136,9.7137,72.3139,61.996
986,45.889326,3.524454,98.4913,360.1,0.0965,0.5208,13.3116,9.7194,72.2951,61.9871
987,45.890206,3.524186,98.5913,364.1,0.0964,0.5198,13.3096,9.7251,72.2762,61.9782
988,45.891086,3.523918,98.6913,371.3,0.0963,0.5188,13.3076,9.7309,72.2574,61.9693
989,45.891965,3.52365,98.7912,369.3,0.0961,0.5178,13.3056,9.7366,72.2386,61.9604
990,45.892845,3.523382,98.8912,362.9,0.096,0.5168,13.3037,9.7424,72.2198,61.9515
991,45.893725,3.523114,98.9912,363.1,0.0959,0.5158,13.3017,9.7481,72.201,61.9426
992,45.894604,3.522846,99.0911,361.1,0.0958,0.5149,13.2997,9.7539,72.1822,61.9337
993,45.895484,3.522578,99.1911,360.6,0.0957,0.5139,13.2977,9.7596,72.1634,61.9248
994,45.896364,3.52231,99.2911,360.8,0.0956,0.5129,13.2957,9.7653,72.1445,61.9158
995,45.897243,3.522042,99.391,357.2,0.0955,0.5119,13.2938,9.7711,72.1257,61.9069
996,45.898123,3.521774,99.491,357.8,0.0954,0.5109,13.2918,9.7768,72.1069,61.898
997,45.899003,3.521506,99.591,360.7,0.0953,0.5099,13.2898,9.7826,72.0881,61.8891
998,45.899882,3.521238,99.6909,363.0,0.0952,0.5089,13.2878,9.7883,72.0693,61.8802
999,45.900762,3.52097,99.7909,366.3,0.0951,0.5079,13.2858,9.7941,72.0505,61.8713
1000,45.901642,3.520702,99.8909,373.6,0.095,0.5069,13.2839,9.7998,72.0317,61.8624
1001,45.902521,3.520434,99.9908,380.6,0.0948,0.5059,13.2819,9.8055,72.0129,61.8535
1002,45.903401,3.520166,100.0908,385.7,0.0947,0.505,13.2799,9.8113,71.9941,61.8446
1003,45.904281,3.519898,100.1908,390.1,0.0946,0.504,13.2779,9.817,71.9752,61.8356
1004,45.90516,3.51963,100.2907,392.7,0.0945,0.503,13.2759,9.8228,71.9564,61.8267
1005,45.90604,3.519361,100.3907,394.2,0.0944,0.502,13.274,9.8285,71.9376,61.8178
1006,45.90692,3.519093,100.4907,393.4,0.0943,0.501,13.272,9.8343,71.9188,61.8089
1007,45.907799,3.518825,100.5906,391.3,0.0942,0.5,13.27,9.84,71.9,61.8
1008,45.908679,3.518557,100.6906,389.9,0.0942,0.5,13.2759,9.84,71.901,61.8
1009,45.909558,3.518289,100.7905,388.7,0.0942,0.5,13.2819,9.84,71.902,61.8
1010,45.910438,3.518021,100.8905,388.8,0.0942,0.5,13.2878,9.84,71.903,61.8
1011,45.911318,3.517753,100.9905,388.0,0.0942,0.5,13.2938,9.84,71.904,61.8
1012,45.912197,3.517485,101.0904,380.1,0.0942,0.5,13.2997,9.84,71.905,61.8
1013,45.913077,3.517217,101.1904,376.5,0.0942,0.5,13.3056,9.84,71.9059,61.8
1014,45.913957,3.516949,101.2904,377.4,0.0942,0.5,13.3116,9.84,71.9069,61.8
1015,45.914836,3.516681,101.3903,377.3,0.0942,0.5,13.3175,9.84,71.9079,61.8
1016,45.915716,3.516413,101.4903,377.2,0.0942,0.5,13.3235,9.84,71.9089,61.8
1017,45.916596,3.516145,101.5903,373.9,0.0942,0.5,13.3294,9.84,71.9099,61.8
1018,45.917475,3.515877,101.6902,370.5,0.0942,0.5,13.3353,9.84,71.9109,61.8
1019,45.918355,3.515609,101.7902,374.1,0.0942,0.5,13.3413,9.84,71.9119,61.8
1020,45.919235,3.515341,101.8902,370.6,0.0942,0.5,13.3472,9.84,71.9129,61.8
1021,45.920114,3.515073,101.9901,365.8,0.0942,0.5,13.3532,9.84,71.9139,61.8
1022,45.920994,3.514805,102.0901,362.1,0.0942,0.5,13.3591,9.84,71.9149,61.8
1023,45.921874,3.514537,102.1901,362.3,0.0942,0.5,13.3651,9.84,71.9158,61.8
1024,45.922753,3.514269,102.29,361.8,0.0942,0.5,13.371,9.84,71.9168,61.8
1025,45.923633,3.514001,102.39,360.3,0.0942,0.5,13.3769,9.84,71.9178,61.8
1026,45.924513,3.513733,102.49,361.0,0.0942,0.5,13.3829,9.84,71.9188,61.8
1027,45.925392,3.513465,102.5899,360.7,0.0942,0.5,13.3888,9.84,71.9198,61.8
1028,45.926272,3.513197,102.6899,361.5,0.0942,0.5,13.3948,9.84,71.9208,61.8
1029,45.927152,3.512929,102.7899,361.6,0.0942,0.5,13.4007,9.84,71.9218,61.8
1030,45.928031,3.512661,102.8898,365.0,0.0942,0.5,13.4066,9.84,71.9228,61.8
1031,45.928911,3.512393,102.9898,370.2,0.0942,0.5,13.4126,9.84,71.9238,61.8
1032,45.929791,3.512125,103.0898,376.3,0.0942,0.5,13.4185,9.84,71.9248,61.8
1033,45.93067,3.511857,103.1897,378.5,0.0942,0.5,13.4245,9.84,71.9257,61.8
1034,45.93155,3.511589,103.2897,379.4,0.0942,0.5,13.4304,9.84,71.9267,61.8
1035,45.932429,3.511321,103.3896,386.8,0.0942,0.5,13.4363,9.84,71.9277,61.8
1036,45.933309,3.511053,103.4896,397.3,0.0942,0.5,13.4423,9.84,71.9287,61.8
1037,45.934189,3.510785,103.5896,404.9,0.0942,0.5,13.4482,9.84,71.9297,61.8
1038,45.935068,3.510517,103.6895,408.2,0.0942,0.5,13.4542,9.84,71.9307,61.8
1039,45.935948,3.510249,103.7895,410.5,0.0942,0.5,13.4601,9.84,71.9317,61.8
1040,45.936828,3.509981,103.8895,408.4,0.0942,0.5,13.466,9.84,71.9327,61.8
1041,45.937707,3.509713,103.9894,395.7,0.0942,0.5,13.472,9.84,71.9337,61.8
1042,45.938587,3.509445,104.0894,370.8,0.0942,0.5,13.4779,9.84,71.9347,61.8
1043,45.939467,3.509177,104.1894,358.7,0.0942,0.5,13.4839,9.84,71.9356,61.8
1044,45.940346,3.508909,104.2893,347.0,0.0942,0.5,13.4898,9.84,71.9366,61.8
1045,45.941226,3.508641,104.3893,329.4,0.0942,0.5,13.4957,9.84,71.9376,61.8
1046,45.942106,3.508373,104.4893,315.2,0.0942,0.5,13.5017,9.84,71.9386,61.8
1047,45.942985,3.508105,104.5892,312.3,0.0942,0.5,13.5076,9.84,71.9396,61.8
1048,45.943865,3.507837,104.6892,309.5,0.0942,0.5,13.5136,9.84,71.9406,61.8
1049,45.944745,3.507568,104.7892,308.1,0.0942,0.5,13.5195,9.84,71.9416,61.8
1050,45.945624,3.5073,104.8891,306.8,0.0942,0.5,13.5254,9.84,71.9426,61.8
1051,45.946504,3.507032,104.9891,303.8,0.0942,0.5,13.5314,9.84,71.9436,61.8
1052,45.947384,3.506764,105.0891,302.8,0.0942,0.5,13.5373,9.84,71.9446,61.8
1053,45.948263,3.506496,105.189,302.1,0.0942,0.5,13.5433,9.84,71.9455,61.8
1054,45.949143,3.506228,105.289,301.2,0.0942,0.5,13.5492,9.84,71.9465,61.8
1055,45.950023,3.50596,105.389,302.1,0.0942,0.5,13.5552,9.84,71.9475,61.8
1056,45.950902,3.505692,105.4889,303.2,0.0942,0.5,13.5611,9.84,71.9485,61.8
1057,45.951782,3.505424,105.5889,305.9,0.0942,0.5,13.567,9.84,71.9495,61.8
1058,45.952661,3.505156,105.6888,308.2,0.0942,0.5,13.573,9.84,71.9505,61.8
1059,45.953541,3.504888,105.7888,307.2,0.0942,0.5,13.5789,9.84,71.9515,61.8
1060,45.954421,3.50462,105.8888,311.9,0.0942,0.5,13.5849,9.84,71.9525,61.8
1061,45.9553,3.504352,105.9887,322.7,0.0942,0.5,13.5908,9.84,71.9535,61.8
1062,45.95618,3.504084,106.0887,326.8,0.0942,0.5,13.5967,9.84,71.9545,61.8
1063,45.95706,3.503816,106.1887,323.0,0.0942,0.5,13.6027,9.84,71.9554,61.8
1064,45.957939,3.503548,106.2886,323.5,0.0942,0.5,13.6086,9.84,71.9564,61.8
1065,45.958819,3.50328,106.3886,324.4,0.0942,0.5,13.6146,9.84,71.9574,61.8
1066,45.959699,3.503012,106.4886,324.9,0.0942,0.5,13.6205,9.84,71.9584,61.8
1067,45.960578,3.502744,106.5885,325.3,0.0942,0.5,13.6264,9.84,71.9594,61.8
1068,45.961458,3.502476,106.6885,326.5,0.0942,0.5,13.6324,9.84,71.9604,61.8
1069,45.962338,3.502208,106.7885,326.5,0.0942,0.5,13.6383,9.84,71.9614,61.8
1070,45.963217,3.50194,106.8884,325.8,0.0942,0.5,13.6443,9.84,71.9624,61.8
1071,45.964097,3.501672,106.9884,323.5,0.0942,0.5,13.6502,9.84,71.9634,61.8
1072,45.964977,3.501404,107.0884,324.1,0.0942,0.5,13.6561,9.84,71.9644,61.8
1073,45.965856,3.501136,107.1883,322.6,0.0942,0.5,13.6621,9.84,71.9653,61.8
1074,45.966736,3.500868,107.2883,321.8,0.0942,0.5,13.668,9.84,71.9663,61.8
1075,45.967616,3.5006,107.3883,320.8,0.0942,0.5,13.674,9.84,71.9673,61.8
1076,45.968495,3.500332,107.4882,320.4,0.0942,0.5,13.6799,9.84,71.9683,61.8
1077,45.969375,3.500064,107.5882,320.4,0.0942,0.5,13.6858,9.84,71.9693,61.8
1078,45.970255,3.499796,107.6882,322.5,0.0942,0.5,13.6918,9.84,71.9703,61.8
1079,45.971134,3.499528,107.7881,323.5,0.0942,0.5,13.6977,9.84,71.9713,61.8
1080,45.972014,3.49926,107.8881,323.6,0.0942,0.5,13.7037,9.84,71.9723,61.8
1081,45.972894,3.498992,107.9881,324.0,0.0942,0.5,13.7096,9.84,71.9733,61.8
1082,45.973773,3.498724,108.088,326.3,0.0942,0.5,13.7155,9.84,71.9743,61.8
1083,45.974653,3.498456,108.188,328.5,0.0942,0.5,13.7215,9.84,71.9752,61.8
1084,45.975532,3.498188,108.2879,334.8,0.0942,0.5,13.7274,9.84,71.9762,61.8
1085,45.976412,3.49792,108.3879,337.5,0.0942,0.5,13.7334,9.84,71.9772,61.8
1086,45.977292,3.497652,108.4879,344.1,0.0942,0.5,13.7393,9.84,71.9782,61.8
1087,45.978171,3.497384,108.5878,348.5,0.0942,0.5,13.7452,9.84,71.9792,61.8
1088,45.979051,3.497116,108.6878,346.3,0.0942,0.5,13.7512,9.84,71.9802,61.8
1089,45.979931,3.496848,108.7878,342.2,0.0942,0.5,13.7571,9.84,71.9812,61.8
1090,45.98081,3.49658,108.8877,335.7,0.0942,0.5,13.7631,9.84,71.9822,61.8
1091,45.98169,3.496312,108.9877,326.9,0.0942,0.5,13.769,9.84,71.9832,61.8
1092,45.98257,3.496044,109.0877,320.1,0.0942,0.5,13.775,9.84,71.9842,61.8
1093,45.983449,3.495776,109.1876,313.1,0.0942,0.5,13.7809,9.84,71.9851,61.8
1094,45.984329,3.495507,109.2876,307.4,0.0942,0.5,13.7868,9.84,71.9861,61.8
1095,45.985209,3.495239,109.3876,300.6,0.0942,0.5,13.7928,9.84,71.9871,61.8
1096,45.986088,3.494971,109.4875,294.8,0.0942,0.5,13.7987,9.84,71.9881,61.8
1097,45.986968,3.494703,109.5875,288.7,0.0942,0.5,13.8047,9.84,71.9891,61.8
1098,45.987848,3.494435,109.6875,288.0,0.0942,0.5,13.8106,9.84,71.9901,61.8
1099,45.988727,3.494167,109.7874,288.2,0.0942,0.5,13.8165,9.84,71.9911,61.8
1100,45.989607,3.493899,109.8874,286.3,0.0942,0.5,13.8225,9.84,71.9921,61.8
1101,45.990487,3.493631,109.9874,283.8,0.0942,0.5,13.8284,9.84,71.9931,61.8
1102,45.991366,3.493363,110.0873,284.0,0.0942,0.5,13.8344,9.84,71.9941,61.8
1103,45.992246,3.493095,110.1873,287.7,0.0942,0.5,13.8403,9.84,71.995,61.8
1104,45.993126,3.492827,110.2873,297.3,0.0942,0.5,13.8462,9.84,71.996,61.8
1105,45.994005,3.492559,110.3872,304.0,0.0942,0.5,13.8522,9.84,71.997,61.8
1106,45.994885,3.492291,110.4872,303.5,0.0942,0.5,13.8581,9.84,71.998,61.8
1107,45.995764,3.492023,110.5871,299.4,0.0942,0.5,13.8641,9.84,71.999,61.8
1108,45.996644,3.491755,110.6871,293.4,0.0942,0.5,13.87,9.84,72.0,61.8
1109,45.997524,3.491487,110.7871,290.8,0.0942,0.5,13.867,9.84,72.0,61.8
1110,45.998403,3.491219,110.887,286.4,0.0942,0.5,13.8641,9.84,72.0,61.8
1111,45.999283,3.490951,110.987,286.9,0.0942,0.5,13.8611,9.84,72.0,61.8
1112,46.000163,3.490683,111.087,287.1,0.0942,0.5,13.8581,9.84,72.0,61.8
1113,46.001042,3.490415,111.1869,285.2,0.0942,0.5,13.8551,9.84,72.0,61.8
1114,46.001922,3.490147,111.2869,284.1,0.0942,0.5,13.8522,9.84,72.0,61.8
1115,46.002802,3.489879,111.3869,283.0,0.0942,0.5,13.8492,9.84,72.0,61.8
1116,46.003681,3.489611,111.4868,281.3,0.0942,0.5,13.8462,9.84,72.0,61.8
1117,46.004561,3.489343,111.5868,281.4,0.0942,0.5,13.8433,9.84,72.0,61.8
1118,46.005441,3.489075,111.6868,280.5,0.0942,0.5,13.8403,9.84,72.0,61.8
1119,46.00632,3.488807,111.7867,280.4,0.0942,0.5,13.8373,9.84,72.0,61.8
1120,46.0072,3.488539,111.8867,279.6,0.0942,0.5,13.8344,9.84,72.0,61.8
1121,46.00808,3.488271,111.9867,279.9,0.0942,0.5,13.8314,9.84,72.0,61.8
1122,46.008959,3.488003,112.0866,280.5,0.0942,0.5,13.8284,9.84,72.0,61.8
1123,46.009839,3.487735,112.1866,280.0,0.0942,0.5,13.8254,9.84,72.0,61.8
1124,46.010719,3.487467,112.2866,280.4,0.0942,0.5,13.8225,9.84,72.0,61.8
1125,46.011598,3.487199,112.3865,282.1,0.0942,0.5,13.8195,9.84,72.0,61.8
1126,46.012478,3.486931,112.4865,278.9,0.0942,0.5,13.8165,9.84,72.0,61.8
1127,46.013358,3.486663,112.5865,276.8,0.0942,0.5,13.8136,9.84,72.0,61.8
1128,46.014237,3.486395,112.6864,276.8,0.0942,0.5,13.8106,9.84,72.0,61.8
1129,46.015117,3.486127,112.7864,274.4,0.0942,0.5,13.8076,9.84,72.0,61.8
1130,46.015996,3.485859,112.8863,275.0,0.0942,0.5,13.8047,9.84,72.0,61.8
1131,46.016876,3.485591,112.9863,274.2,0.0942,0.5,13.8017,9.84,72.0,61.8
1132,46.017756,3.485323,113.0863,278.1,0.0942,0.5,13.7987,9.84,72.0,61.8
1133,46.018635,3.485055,113.1862,279.5,0.0942,0.5,13.7957,9.84,72.0,61.8
1134,46.019515,3.484787,113.2862,280.4,0.0942,0.5,13.7928,9.84,72.0,61.8
1135,46.020395,3.484519,113.3862,280.4,0.0942,0.5,13.7898,9.84,72.0,61.8
1136,46.021274,3.484251,113.4861,279.8,0.0942,0.5,13.7868,9.84,72.0,61.8
1137,46.022154,3.483983,113.5861,280.5,0.0942,0.5,13.7839,9.84,72.0,61.8
1138,46.023034,3.483714,113.6861,280.5,0.0942,0.5,13.7809,9.84,72.0,61.8
1139,46.023913,3.483446,113.786,279.9,0.0942,0.5,13.7779,9.84,72.0,61.8
1140,46.024793,3.483178,113.886,278.9,0.0942,0.5,13.775,9.84,72.0,61.8
1141,46.025673,3.48291,113.986,278.3,0.0942,0.5,13.772,9.84,72.0,61.8
1142,46.026552,3.482642,114.0859,276.4,0.0942,0.5,13.769,9.84,72.0,61.8
1143,46.027432,3.482374,114.1859,276.6,0.0942,0.5,13.766,9.84,72.0,61.8
1144,46.028312,3.482106,114.2859,275.5,0.0942,0.5,13.7631,9.84,72.0,61.8
1145,46.029191,3.481838,114.3858,275.0,0.0942,0.5,13.7601,9.84,72.0,61.8
1146,46.030071,3.48157,114.4858,274.1,0.0942,0.5,13.7571,9.84,72.0,61.8
1147,46.030951,3.481302,114.5858,273.6,0.0942,0.5,13.7542,9.84,72.0,61.8
1148,46.03183,3.481034,114.6857,273.6,0.0942,0.5,13.7512,9.84,72.0,61.8
1149,46.03271,3.480766,114.7857,273.7,0.0942,0.5,13.7482,9.84,72.0,61.8
1150,46.03359,3.480498,114.8857,273.5,0.0942,0.5,13.7452,9.84,72.0,61.8
1151,46.034469,3.48023,114.9856,272.4,0.0942,0.5,13.7423,9.84,72.0,61.8
1152,46.035349,3.479962,115.0856,272.3,0.0942,0.5,13.7393,9.84,72.0,61.8
1153,46.036229,3.479694,115.1856,272.7,0.0942,0.5,13.7363,9.84,72.0,61.8
1154,46.037108,3.479426,115.2855,273.3,0.0942,0.5,13.7334,9.84,72.0,61.8
1155,46.037988,3.479158,115.3855,273.5,0.0942,0.5,13.7304,9.84,72.0,61.8
1156,46.038867,3.47889,115.4854,273.4,0.0942,0.5,13.7274,9.84,72.0,61.8
1157,46.039747,3.478622,115.5854,273.1,0.0942,0.5,13.7245,9.84,72.0,61.8
1158,46.040627,3.478354,115.6854,273.3,0.0942,0.5,13.7215,9.84,72.0,61.8
1159,46.041506,3.478086,115.7853,272.8,0.0942,0.5,13.7185,9.84,72.0,61.8
1160,46.042386,3.477818,115.8853,272.6,0.0942,0.5,13.7155,9.84,72.0,61.8
1161,46.043266,3.47755,115.9853,272.8,0.0942,0.5,13.7126,9.84,72.0,61.8
1162,46.044145,3.477282,116.0852,271.9,0.0942,0.5,13.7096,9.84,72.0,61.8
1163,46.045025,3.477014,116.1852,270.5,0.0942,0.5,13.7066,9.84,72.0,61.8
1164,46.045905,3.476746,116.2852,270.2,0.0942,0.5,13.7037,9.84,72.0,61.8
1165,46.046784,3.476478,116.3851,270.4,0.0942,0.5,13.7007,9.84,72.0,61.8
1166,46.047664,3.47621,116.4851,270.6,0.0942,0.5,13.6977,9.84,72.0,61.8
1167,46.048544,3.475942,116.5851,270.8,0.0942,0.5,13.6948,9.84,72.0,61.8
1168,46.049423,3.475674,116.685,271.5,0.0942,0.5,13.6918,9.84,72.0,61.8
1169,46.050303,3.475406,116.785,271.1,0.0942,0.5,13.6888,9.84,72.0,61.8
1170,46.051183,3.475138,116.885,270.7,0.0942,0.5,13.6858,9.84,72.0,61.8
1171,46.052062,3.47487,116.9849,271.0,0.0942,0.5,13.6829,9.84,72.0,61.8
1172,46.052942,3.474602,117.0849,270.5,0.0942,0.5,13.6799,9.84,72.0,61.8
1173,46.053822,3.474334,117.1849,269.8,0.0942,0.5,13.6769,9.84,72.0,61.8
1174,46.054701,3.474066,117.2848,273.0,0.0942,0.5,13.674,9.84,72.0,61.8
1175,46.055581,3.473798,117.3848,273.2,0.0942,0.5,13.671,9.84,72.0,61.8
1176,46.056461,3.47353,117.4848,275.1,0.0942,0.5,13.668,9.84,72.0,61.8
1177,46.05734,3.473262,117.5847,276.4,0.0942,0.5,13.665,9.84,72.0,61.8
1178,46.05822,3.472994,117.6847,278.0,0.0942,0.5,13.6621,9.84,72.0,61.8
1179,46.059099,3.472726,117.7846,283.3,0.0942,0.5,13.6591,9.84,72.0,61.8
1180,46.059979,3.472458,117.8846,291.3,0.0942,0.5,13.6561,9.84,72.0,61.8
1181,46.060859,3.47219,117.9846,300.9,0.0942,0.5,13.6532,9.84,72.0,61.8
1182,46.061738,3.471922,118.0845,308.5,0.0942,0.5,13.6502,9.84,72.0,61.8
1183,46.062618,3.471653,118.1845,310.7,0.0942,0.5,13.6472,9.84,72.0,61.8
1184,46.063498,3.471385,118.2845,310.4,0.0942,0.5,13.6443,9.84,72.0,61.8
1185,46.064377,3.471117,118.3844,311.0,0.0942,0.5,13.6413,9.84,72.0,61.8
1186,46.065257,3.470849,118.4844,307.7,0.0942,0.5,13.6383,9.84,72.0,61.8
1187,46.066137,3.470581,118.5844,294.3,0.0942,0.5,13.6353,9.84,72.0,61.8
1188,46.067016,3.470313,118.6843,293.6,0.0942,0.5,13.6324,9.84,72.0,61.8
1189,46.067896,3.470045,118.7843,304.6,0.0942,0.5,13.6294,9.84,72.0,61.8
1190,46.068776,3.469777,118.8843,315.0,0.0942,0.5,13.6264,9.84,72.0,61.8
1191,46.069655,3.469509,118.9842,325.4,0.0942,0.5,13.6235,9.84,72.0,61.8
1192,46.070535,3.469241,119.0842,326.2,0.0942,0.5,13.6205,9.84,72.0,61.8
1193,46.071415,3.468973,119.1842,320.6,0.0942,0.5,13.6175,9.84,72.0,61.8
1194,46.072294,3.468705,119.2841,310.2,0.0942,0.5,13.6146,9.84,72.0,61.8
1195,46.073174,3.468437,119.3841,293.0,0.0942,0.5,13.6116,9.84,72.0,61.8
1196,46.074054,3.468169,119.4841,294.6,0.0942,0.5,13.6086,9.84,72.0,61.8
1197,46.074933,3.467901,119.584,302.7,0.0942,0.5,13.6056,9.84,72.0,61.8
1198,46.075813,3.467633,119.684,305.8,0.0942,0.5,13.6027,9.84,72.0,61.8
1199,46.076693,3.467365,119.784,310.4,0.0942,0.5,13.5997,9.84,72.0,61.8
1200,46.077572,3.467097,119.8839,308.7,0.0942,0.5,13.5967,9.84,72.0,61.8
1201,46.078452,3.466829,119.9839,305.8,0.0942,0.5,13.5938,9.84,72.0,61.8
1202,46.079332,3.466561,120.0839,297.1,0.0942,0.5,13.5908,9.84,72.0,61.8
1203,46.080211,3.466293,120.1838,283.8,0.0942,0.5,13.5878,9.84,72.0,61.8
1204,46.081091,3.466025,120.2838,281.2,0.0942,0.5,13.5849,9.84,72.0,61.8
1205,46.08197,3.465757,120.3837,294.7,0.0942,0.5,13.5819,9.84,72.0,61.8
1206,46.08285,3.465489,120.4837,307.4,0.0942,0.5,13.5789,9.84,72.0,61.8
1207,46.08373,3.465221,120.5837,317.2,0.0942,0.5,13.5759,9.84,72.0,61.8
1208,46.084609,3.464953,120.6836,331.3,0.0942,0.5,13.573,9.84,72.0,61.8
1209,46.085489,3.464685,120.7836,342.3,0.0942,0.5,13.57,9.84,72.0,61.8
1210,46.086369,3.464417,120.8836,342.8,0.0941,0.5,13.5681,9.8448,71.995,61.803
1211,46.087248,3.464149,120.9835,343.2,0.0941,0.5,13.5662,9.8495,71.9901,61.8059
1212,46.088128,3.463881,121.0835,339.0,0.094,0.5,13.5644,9.8543,71.9851,61.8089
1213,46.089008,3.463613,121.1835,326.7,0.0939,0.5,13.5625,9.859,71.9802,61.8119
1214,46.089887,3.463345,121.2834,311.9,0.0938,0.5,13.5606,9.8638,71.9752,61.8149
1215,46.090767,3.463077,121.3834,300.4,0.0938,0.5,13.5587,9.8685,71.9703,61.8178
1216,46.091647,3.462809,121.4834,301.8,0.0937,0.5,13.5568,9.8733,71.9653,61.8208
1217,46.092526,3.462541,121.5833,311.3,0.0936,0.5,13.555,9.878,71.9604,61.8238
1218,46.093406,3.462273,121.6833,334.8,0.0935,0.5,13.5531,9.8828,71.9554,61.8267
1219,46.094286,3.462005,121.7833,351.9,0.0935,0.5,13.5512,9.8875,71.9505,61.8297
1220,46.095165,3.461737,121.8832,364.9,0.0934,0.5,13.5493,9.8923,71.9455,61.8327
1221,46.096045,3.461469,121.9832,377.0,0.0933,0.5,13.5474,9.897,71.9406,61.8356
1222,46.096925,3.461201,122.0832,396.6,0.0932,0.5,13.5455,9.9018,71.9356,61.8386
1223,46.097804,3.460933,122.1831,413.7,0.0932,0.5,13.5437,9.9065,71.9307,61.8416
1224,46.098684,3.460665,122.2831,428.3,0.0931,0.5,13.5418,9.9113,71.9257,61.8446
1225,46.099564,3.460397,122.3831,431.8,0.093,0.5,13.5399,9.916,71.9208,61.8475
1226,46.100443,3.460129,122.483,431.0,0.0929,0.5,13.538,9.9208,71.9158,61.8505
1227,46.101323,3.45986,122.583,431.1,0.0929,0.5,13.5361,9.9255,71.9109,61.8535
1228,46.102202,3.459592,122.6829,430.6,0.0928,0.5,13.5343,9.9303,71.9059,61.8564
1229,46.103082,3.459324,122.7829,427.6,0.0927,0.5,13.5324,9.935,71.901,61.8594
1230,46.103962,3.459056,122.8829,419.4,0.0926,0.5,13.5305,9.9398,71.896,61.8624
1231,46.104841,3.458788,122.9828,414.4,0.0926,0.5,13.5286,9.9446,71.8911,61.8653
1232,46.105721,3.45852,123.0828,410.4,0.0925,0.5,13.5267,9.9493,71.8861,61.8683
1233,46.106601,3.458252,123.1828,405.5,0.0924,0.5,13.5249,9.9541,71.8812,61.8713
1234,46.10748,3.457984,123.2827,404.5,0.0923,0.5,13.523,9.9588,71.8762,61.8743
1235,46.10836,3.457716,123.3827,409.2,0.0923,0.5,13.5211,9.9636,71.8713,61.8772
1236,46.10924,3.457448,123.4827,408.4,0.0922,0.5,13.5192,9.9683,71.8663,61.8802
1237,46.110119,3.45718,123.5826,402.7,0.0921,0.5,13.5173,9.9731,71.8614,61.8832
1238,46.110999,3.456912,123.6826,394.6,0.092,0.5,13.5154,9.9778,71.8564,61.8861
1239,46.111879,3.456644,123.7826,391.4,0.092,0.5,13.5136,9.9826,71.8515,61.8891
1240,46.112758,3.456376,123.8825,393.5,0.0919,0.5,13.5117,9.9873,71.8465,61.8921
1241,46.113638,3.456108,123.9825,393.3,0.0918,0.5,13.5098,9.9921,71.8416,61.895
1242,46.114518,3.45584,124.0825,386.6,0.0917,0.5,13.5079,9.9968,71.8366,61.898
1243,46.115397,3.455572,124.1824,377.6,0.0917,0.5,13.506,10.0016,71.8317,61.901
1244,46.116277,3.455304,124.2824,367.8,0.0916,0.5,13.5042,10.0063,71.8267,61.904
1245,46.117157,3.455036,124.3824,360.4,0.0915,0.5,13.5023,10.0111,71.8218,61.9069
1246,46.118036,3.454768,124.4823,351.7,0.0915,0.5,13.5004,10.0158,71.8168,61.9099
1247,46.118916,3.4545,124.5823,341.1,0.0914,0.5,13.4985,10.0206,71.8119,61.9129
1248,46.119796,3.454232,124.6823,329.6,0.0913,0.5,13.4966,10.0253,71.8069,61.9158
1249,46.120675,3.453964,124.7822,326.2,0.0912,0.5,13.4948,10.0301,71.802,61.9188
1250,46.121555,3.453696,124.8822,327.3,0.0912,0.5,13.4929,10.0349,71.797,61.9218
1251,46.122435,3.453428,124.9822,326.5,0.0911,0.5,13.491,10.0396,71.7921,61.9248
1252,46.123314,3.45316,125.0821,325.7,0.091,0.5,13.4891,10.0444,71.7871,61.9277
1253,46.124194,3.452892,125.1821,321.6,0.0909,0.5,13.4872,10.0491,71.7822,61.9307
1254,46.125073,3.452624,125.282,315.4,0.0909,0.5,13.4853,10.0539,71.7772,61.9337
1255,46.125953,3.452356,125.382,308.8,0.0908,0.5,13.4835,10.0586,71.7723,61.9366
1256,46.126833,3.452088,125.482,299.4,0.0907,0.5,13.4816,10.0634,71.7673,61.9396
1257,46.127712,3.45182,125.5819,290.0,0.0906,0.5,13.4797,10.0681,71.7624,61.9426
1258,46.128592,3.451552,125.6819,289.4,0.0906,0.5,13.4778,10.0729,71.7574,61.9455
1259,46.129472,3.451284,125.7819,293.4,0.0905,0.5,13.4759,10.0776,71.7525,61.9485
1260,46.130351,3.451016,125.8818,296.3,0.0904,0.5,13.4741,10.0824,71.7475,61.9515
1261,46.131231,3.450748,125.9818,293.1,0.0903,0.5,13.4722,10.0871,71.7426,61.9545
1262,46.132111,3.45048,126.0818,285.5,0.0903,0.5,13.4703,10.0919,71.7376,61.9574
1263,46.13299,3.450212,126.1817,275.8,0.0902,0.5,13.4684,10.0966,71.7327,61.9604
1264,46.13387,3.449944,126.2817,269.7,0.0901,0.5,13.4665,10.1014,71.7277,61.9634
1265,46.13475,3.449676,126.3817,267.3,0.09,0.5,13.4647,10.1061,71.7228,61.9663
1266,46.135629,3.449408,126.4816,267.5,0.09,0.5,13.4628,10.1109,71.7178,61.9693
1267,46.136509,3.44914,126.5816,268.1,0.0899,0.5,13.4609,10.1156,71.7129,61.9723
1268,46.137389,3.448872,126.6816,268.1,0.0898,0.5,13.459,10.1204,71.7079,61.9752
1269,46.138268,3.448604,126.7815,270.1,0.0897,0.5,13.4571,10.1251,71.703,61.9782
1270,46.139148,3.448336,126.8815,270.6,0.0897,0.5,13.4552,10.1299,71.698,61.9812
1271,46.140028,3.448068,126.9815,272.7,0.0896,0.5,13.4534,10.1347,71.6931,61.9842
1272,46.140907,3.447799,127.0814,275.2,0.0895,0.5,13.4515,10.1394,71.6881,61.9871
1273,46.141787,3.447531,127.1814,277.9,0.0894,0.5,13.4496,10.1442,71.6832,61.9901
1274,46.142667,3.447263,127.2814,285.1,0.0894,0.5,13.4477,10.1489,71.6782,61.9931
1275,46.143546,3.446995,127.3813,291.9,0.0893,0.5,13.4458,10.1537,71.6733,61.996
1276,46.144426,3.446727,127.4813,301.4,0.0892,0.5,13.444,10.1584,71.6683,61.999
1277,46.145305,3.446459,127.5812,307.5,0.0892,0.5,13.4421,10.1632,71.6634,62.002
1278,46.146185,3.446191,127.6812,316.8,0.0891,0.5,13.4402,10.1679,71.6584,62.005
1279,46.147065,3.445923,127.7812,327.0,0.089,0.5,13.4383,10.1727,71.6535,62.0079
1280,46.147944,3.445655,127.8811,333.4,0.0889,0.5,13.4364,10.1774,71.6485,62.0109
1281,46.148824,3.445387,127.9811,338.6,0.0889,0.5,13.4346,10.1822,71.6436,62.0139
1282,46.149704,3.445119,128.0811,350.4,0.0888,0.5,13.4327,10.1869,71.6386,62.0168
1283,46.150583,3.444851,128.181,350.2,0.0887,0.5,13.4308,10.1917,71.6337,62.0198
1284,46.151463,3.444583,128.281,344.8,0.0886,0.5,13.4289,10.1964,71.6287,62.0228
1285,46.152343,3.444315,128.381,338.3,0.0886,0.5,13.427,10.2012,71.6238,62.0257
1286,46.153222,3.444047,128.4809,332.1,0.0885,0.5,13.4251,10.2059,71.6188,62.0287
1287,46.154102,3.443779,128.5809,337.9,0.0884,0.5,13.4233,10.2107,71.6139,62.0317
1288,46.154982,3.443511,128.6809,356.3,0.0883,0.5,13.4214,10.2154,71.6089,62.0347
1289,46.155861,3.443243,128.7808,374.4,0.0883,0.5,13.4195,10.2202,71.604,62.0376
1290,46.156741,3.442975,128.8808,379.1,0.0882,0.5,13.4176,10.225,71.599,62.0406
1291,46.157621,3.442707,128.9808,374.3,0.0881,0.5,13.4157,10.2297,71.5941,62.0436
1292,46.1585,3.442439,129.0807,367.2,0.088,0.5,13.4139,10.2345,71.5891,62.0465
1293,46.15938,3.442171,129.1807,373.4,0.088,0.5,13.412,10.2392,71.5842,62.0495
1294,46.16026,3.441903,129.2807,375.6,0.0879,0.5,13.4101,10.244,71.5792,62.0525
1295,46.161139,3.441635,129.3806,377.3,0.0878,0.5,13.4082,10.2487,71.5743,62.0554
1296,46.162019,3.441367,129.4806,386.5,0.0877,0.5,13.4063,10.2535,71.5693,62.0584
1297,46.162899,3.441099,129.5806,392.1,0.0877,0.5,13.4045,10.2582,71.5644,62.0614
1298,46.163778,3.440831,129.6805,389.9,0.0876,0.5,13.4026,10.263,71.5594,62.0644
1299,46.164658,3.440563,129.7805,382.7,0.0875,0.5,13.4007,10.2677,71.5545,62.0673
1300,46.165537,3.440295,129.8804,373.5,0.0874,0.5,13.3988,10.2725,71.5495,62.0703
1301,46.166417,3.440027,129.9804,364.7,0.0874,0.5,13.3969,10.2772,71.5446,62.0733
1302,46.167297,3.439759,130.0804,361.5,0.0873,0.5,13.395,10.282,71.5396,62.0762
1303,46.168176,3.439491,130.1803,356.4,0.0872,0.5,13.3932,10.2867,71.5347,62.0792
1304,46.169056,3.439223,130.2803,347.7,0.0871,0.5,13.3913,10.2915,71.5297,62.0822
1305,46.169936,3.438955,130.3803,341.6,0.0871,0.5,13.3894,10.2962,71.5248,62.0851
1306,46.170815,3.438687,130.4802,335.7,0.087,0.5,13.3875,10.301,71.5198,62.0881
1307,46.171695,3.438419,130.5802,331.5,0.0869,0.5,13.3856,10.3057,71.5149,62.0911
1308,46.172575,3.438151,130.6802,320.9,0.0868,0.5,13.3838,10.3105,71.5099,62.0941
1309,46.173454,3.437883,130.7801,318.6,0.0868,0.5,13.3819,10.3152,71.505,62.097
1310,46.174334,3.437615,130.8801,331.6,0.0867,0.5,13.38,10.32,71.5,62.1
1311,46.175214,3.437347,130.9801,345.6,0.0867,0.5,13.385,10.32,71.501,62.1
1312,46.176093,3.437079,131.08,349.1,0.0867,0.5,13.39,10.32,71.502,62.1
1313,46.176973,3.436811,131.18,349.4,0.0867,0.5,13.3949,10.32,71.503,62.1
1314,46.177853,3.436543,131.28,350.4,0.0867,0.5,13.3999,10.32,71.504,62.1
1315,46.178732,3.436275,131.3799,355.1,0.0867,0.5,13.4049,10.32,71.505,62.1
1316,46.179612,3.436007,131.4799,363.7,0.0867,0.5,13.4099,10.32,71.506,62.1
1317,46.180492,3.435738,131.5799,366.5,0.0867,0.5,13.4149,10.32,71.507,62.1
1318,46.181371,3.43547,131.6798,363.8,0.0867,0.5,13.4198,10.32,71.508,62.1
1319,46.182251,3.435202,131.7798,360.9,0.0867,0.5,13.4248,10.32,71.509,62.1
1320,46.183131,3.434934,131.8798,360.6,0.0867,0.5,13.4298,10.32,71.51,62.1
1321,46.18401,3.434666,131.9797,360.5,0.0867,0.5,13.4348,10.32,71.511,62.1
1322,46.18489,3.434398,132.0797,355.1,0.0867,0.5,13.4398,10.32,71.512,62.1
1323,46.18577,3.43413,132.1797,349.6,0.0867,0.5,13.4447,10.32,71.5129,62.1
1324,46.186649,3.433862,132.2796,346.5,0.0867,0.5,13.4497,10.32,71.5139,62.1
1325,46.187529,3.433594,132.3796,341.6,0.0867,0.5,13.4547,10.32,71.5149,62.1
1326,46.188408,3.433326,132.4795,329.6,0.0867,0.5,13.4597,10.32,71.5159,62.1
1327,46.189288,3.433058,132.5795,319.5,0.0867,0.5,13.4647,10.32,71.5169,62.1
1328,46.190168,3.43279,132.6795,306.2,0.0867,0.5,13.4696,10.32,71.5179,62.1
1329,46.191047,3.432522,132.7794,290.3,0.0867,0.5,13.4746,10.32,71.5189,62.1
1330,46.191927,3.432254,132.8794,290.8,0.0867,0.5,13.4796,10.32,71.5199,62.1
1331,46.192807,3.431986,132.9794,288.1,0.0867,0.5,13.4846,10.32,71.5209,62.1
1332,46.193686,3.431718,133.0793,283.8,0.0867,0.5,13.4896,10.32,71.5219,62.1
1333,46.194566,3.43145,133.1793,273.8,0.0867,0.5,13.4945,10.32,71.5229,62.1
1334,46.195446,3.431182,133.2793,265.3,0.0867,0.5,13.4995,10.32,71.5239,62.1
1335,46.195334,3.430616,133.3246,261.1,0.0867,0.5,13.5018,10.32,71.5244,62.1
1336,46.194652,3.429775,133.4243,260.3,0.0867,0.5,13.5068,10.32,71.5254,62.1
1337,46.194025,3.428844,133.5243,253.9,0.0867,0.5,13.5117,10.32,71.5263,62.1
1338,46.193357,3.427975,133.6243,250.4,0.0867,0.5,13.5167,10.32,71.5273,62.1
1339,46.192628,3.427216,133.7242,253.0,0.0867,0.5,13.5217,10.32,71.5283,62.1
1340,46.191828,3.426625,133.8241,254.1,0.0867,0.5,13.5267,10.32,71.5293,62.1
1341,46.191051,3.425976,133.9239,251.1,0.0867,0.5,13.5316,10.32,71.5303,62.1
1342,46.190325,3.425222,134.0233,255.0,0.0867,0.5,13.5366,10.32,71.5313,62.1
1343,46.189718,3.424265,134.1232,254.1,0.0867,0.5,13.5416,10.32,71.5323,62.1
1344,46.189116,3.423299,134.2233,250.2,0.0867,0.5,13.5466,10.32,71.5333,62.1
1345,46.188473,3.422391,134.3233,250.6,0.0867,0.5,13.5515,10.32,71.5343,62.1
1346,46.187793,3.421541,134.4233,250.2,0.0867,0.5,13.5565,10.32,71.5353,62.1
1347,46.187086,3.420738,134.5233,253.9,0.0867,0.5,13.5615,10.32,71.5363,62.1
1348,46.186542,3.419709,134.623,256.1,0.0867,0.5,13.5665,10.32,71.5373,62.1
1349,46.186014,3.418658,134.723,256.6,0.0867,0.5,13.5715,10.32,71.5383,62.1
1350,46.185463,3.417638,134.8226,253.0,0.0867,0.5,13.5764,10.32,71.5393,62.1
1351,46.184763,3.416823,134.9226,252.5,0.0867,0.5,13.5814,10.32,71.5403,62.1
1352,46.183962,3.416231,135.0227,252.0,0.0867,0.5,13.5864,10.32,71.5413,62.1
1353,46.183093,3.415915,135.1223,252.7,0.0867,0.5,13.5913,10.32,71.5423,62.1
1354,46.182196,3.415823,135.2223,255.4,0.0867,0.5,13.5963,10.32,71.5433,62.1
1355,46.181298,3.415736,135.3224,256.2,0.0867,0.5,13.6013,10.32,71.5443,62.1
1356,46.1804,3.415668,135.4224,255.2,0.0867,0.5,13.6063,10.32,71.5453,62.1
1357,46.179508,3.415518,135.5223,253.5,0.0867,0.5,13.6113,10.32,71.5463,62.1
1358,46.17863,3.415246,135.6221,257.7,0.0867,0.5,13.6162,10.32,71.5472,62.1
1359,46.177762,3.414908,135.7221,257.5,0.0867,0.5,13.6212,10.32,71.5482,62.1
1360,46.176885,3.414624,135.822,253.4,0.0867,0.5,13.6262,10.32,71.5492,62.1
1361,46.175993,3.414586,135.9212,254.2,0.0867,0.5,13.6311,10.32,71.5502,62.1
1362,46.175101,3.414742,136.0211,254.8,0.0867,0.5,13.6361,10.32,71.5512,62.1
1363,46.174257,3.415181,136.1209,254.0,0.0867,0.5,13.6411,10.32,71.5522,62.1
1364,46.173432,3.415697,136.2209,253.7,0.0867,0.5,13.6461,10.32,71.5532,62.1
1365,46.172622,3.416261,136.3209,249.2,0.0867,0.5,13.6511,10.32,71.5542,62.1
1366,46.171812,3.416825,136.4209,249.2,0.0867,0.5,13.656,10.32,71.5552,62.1
1367,46.171002,3.417389,136.5209,250.3,0.0867,0.5,13.661,10.32,71.5562,62.1
1368,46.170192,3.417953,136.6209,251.9,0.0867,0.5,13.666,10.32,71.5572,62.1
1369,46.169382,3.418517,136.7209,251.4,0.0867,0.5,13.671,10.32,71.5582,62.1
1370,46.168564,3.419058,136.8209,251.4,0.0867,0.5,13.676,10.32,71.5592,62.1
1371,46.167707,3.419433,136.9205,251.8,0.0867,0.5,13.6809,10.32,71.5602,62.1
1372,46.16682,3.419638,137.0204,251.5,0.0867,0.5,13.6859,10.32,71.5612,62.1
1373,46.165922,3.419672,137.1203,251.9,0.0867,0.5,13.6909,10.32,71.5622,62.1
1374,46.16505,3.419363,137.2201,251.8,0.0867,0.5,13.6959,10.32,71.5632,62.1
1375,46.164218,3.41887,137.3201,250.9,0.0867,0.5,13.7008,10.32,71.5642,62.1
1376,46.163422,3.418268,137.42,254.7,0.0867,0.5,13.7058,10.32,71.5652,62.1
1377,46.162629,3.417655,137.52,258.2,0.0867,0.5,13.7108,10.32,71.5662,62.1
1378,46.161836,3.417042,137.62,256.3,0.0867,0.5,13.7158,10.32,71.5672,62.1
1379,46.161043,3.416429,137.72,256.2,0.0867,0.5,13.7208,10.32,71.5682,62.1
1380,46.160251,3.415816,137.8199,254.4,0.0867,0.5,13.7257,10.32,71.5691,62.1
1381,46.159458,3.415202,137.92,255.1,0.0867,0.5,13.7307,10.32,71.5701,62.1
1382,46.158665,3.414589,138.02,253.8,0.0867,0.5,13.7357,10.32,71.5711,62.1
1383,46.157873,3.413973,138.12,254.5,0.0867,0.5,13.7407,10.32,71.5721,62.1
1384,46.157084,3.413351,138.22,255.5,0.0867,0.5,13.7457,10.32,71.5731,62.1
1385,46.156285,3.412762,138.3198,256.5,0.0867,0.5,13.7506,10.32,71.5741,62.1
1386,46.155422,3.412402,138.4197,256.7,0.0867,0.5,13.7556,10.32,71.5751,62.1
1387,46.154531,3.412244,138.5195,255.1,0.0867,0.5,13.7606,10.32,71.5761,62.1
1388,46.153642,3.412394,138.619,254.9,0.0867,0.5,13.7656,10.32,71.5771,62.1
1389,46.152788,3.4128,138.719,256.0,0.0867,0.5,13.7705,10.32,71.5781,62.1
1390,46.151954,3.413283,138.8189,258.0,0.0867,0.5,13.7755,10.32,71.5791,62.1
1391,46.151119,3.413766,138.9189,257.4,0.0867,0.5,13.7805,10.32,71.5801,62.1
1392,46.150284,3.41425,139.019,255.8,0.0867,0.5,13.7855,10.32,71.5811,62.1
1393,46.14945,3.414736,139.119,255.1,0.0867,0.5,13.7905,10.32,71.5821,62.1
1394,46.148616,3.415222,139.219,258.5,0.0867,0.5,13.7954,10.32,71.5831,62.1
1395,46.147782,3.415705,139.3189,263.1,0.0867,0.5,13.8004,10.32,71.5841,62.1
1396,46.146945,3.416181,139.4189,261.8,0.0867,0.5,13.8054,10.32,71.5851,62.1
1397,46.1461,3.416618,139.5187,260.7,0.0867,0.5,13.8104,10.32,71.5861,62.1
1398,46.145219,3.416861,139.6184,257.6,0.0867,0.5,13.8153,10.32,71.5871,62.1
1399,46.144322,3.416946,139.7184,255.1,0.0867,0.5,13.8203,10.32,71.5881,62.1
1400,46.143425,3.417032,139.8184,254.2,0.0867,0.5,13.8253,10.32,71.5891,62.1
1401,46.142527,3.417117,139.9185,253.6,0.0867,0.5,13.8303,10.32,71.5901,62.1
1402,46.141629,3.417176,140.0185,253.3,0.0867,0.5,13.8353,10.32,71.5911,62.1
1403,46.14073,3.41723,140.1186,253.4,0.0867,0.5,13.8403,10.32,71.5921,62.1
1404,46.139842,3.41742,140.2184,254.9,0.0867,0.5,13.8452,10.32,71.593,62.1
1405,46.138999,3.417849,140.3178,255.9,0.0867,0.5,13.8502,10.32,71.594,62.1
1406,46.138237,3.41853,140.4175,258.4,0.0867,0.5,13.8552,10.32,71.595,62.1
1407,46.137555,3.419368,140.5171,261.2,0.0867,0.5,13.8601,10.32,71.596,62.1
1408,46.137013,3.420389,140.6162,260.9,0.0867,0.5,13.8651,10.32,71.597,62.1
1409,46.136587,3.421532,140.7162,261.0,0.0867,0.5,13.87,10.32,71.598,62.1
1410,46.136262,3.422742,140.8162,262.8,0.0867,0.5,13.875,10.32,71.599,62.1
1411,46.135878,3.423915,140.9162,262.2,0.0867,0.5,13.88,10.32,71.6,62.1
1412,46.135404,3.425016,141.0161,261.2,0.0868,0.5,13.8819,10.3152,71.605,62.097
1413,46.134754,3.425911,141.116,259.5,0.0868,0.5,13.8838,10.3105,71.6099,62.0941
1414,46.134017,3.426648,141.2157,259.0,0.0869,0.5,13.8856,10.3058,71.6148,62.0911
1415,46.133242,3.427307,141.3157,258.6,0.087,0.5,13.8875,10.301,71.6198,62.0881
1416,46.132439,3.427891,141.4157,260.1,0.0871,0.5,13.8894,10.2962,71.6248,62.0851
1417,46.13164,3.428485,141.5156,260.4,0.0871,0.5,13.8913,10.2915,71.6297,62.0822
1418,46.130846,3.429096,141.6157,262.2,0.0872,0.5,13.8932,10.2867,71.6347,62.0792
1419,46.130039,3.429663,141.7155,263.2,0.0873,0.5,13.8951,10.282,71.6396,62.0762
1420,46.129199,3.43013,141.8156,263.5,0.0874,0.5,13.8969,10.2772,71.6446,62.0733
1421,46.128336,3.430481,141.9153,264.3,0.0874,0.5,13.8988,10.2725,71.6495,62.0703
1422,46.127442,3.430621,142.0153,263.5,0.0875,0.5,13.9007,10.2677,71.6545,62.0673
1423,46.126553,3.430804,142.1152,263.7,0.0876,0.5,13.9026,10.263,71.6594,62.0644
1424,46.12567,3.431049,142.2152,264.1,0.0877,0.5,13.9045,10.2582,71.6644,62.0614
1425,46.124786,3.431293,142.3153,262.6,0.0877,0.5,13.9063,10.2534,71.6693,62.0584
1426,46.123915,3.431605,142.4151,262.5,0.0878,0.5,13.9082,10.2487,71.6743,62.0554
1427,46.123058,3.431999,142.5151,264.2,0.0879,0.5,13.9101,10.2439,71.6792,62.0525
1428,46.122205,3.432404,142.615,264.7,0.088,0.5,13.912,10.2392,71.6842,62.0495
1429,46.1214,3.432982,142.715,264.5,0.088,0.5,13.9139,10.2344,71.6891,62.0465
1430,46.120594,3.43356,142.8151,263.9,0.0881,0.5,13.9158,10.2297,71.6941,62.0435
1431,46.119788,3.434133,142.915,262.5,0.0882,0.5,13.9176,10.2249,71.699,62.0406
1432,46.118979,3.434701,143.015,262.6,0.0883,0.5,13.9195,10.2202,71.704,62.0376
1433,46.11817,3.435267,143.115,263.7,0.0883,0.5,13.9214,10.2154,71.709,62.0346
1434,46.117359,3.43583,143.2151,263.4,0.0884,0.5,13.9233,10.2106,71.7139,62.0316
1435,46.116549,3.436392,143.315,262.8,0.0885,0.5,13.9252,10.2059,71.7189,62.0287
1436,46.115743,3.436967,143.415,262.4,0.0886,0.5,13.9271,10.2011,71.7238,62.0257
1437,46.11494,3.43755,143.515,262.8,0.0886,0.5,13.9289,10.1964,71.7288,62.0227
1438,46.114136,3.438134,143.6151,261.6,0.0887,0.5,13.9308,10.1916,71.7337,62.0198
1439,46.113333,3.438718,143.7151,261.5,0.0888,0.5,13.9327,10.1869,71.7387,62.0168
1440,46.11253,3.439301,143.8151,261.3,0.0889,0.5,13.9346,10.1821,71.7437,62.0138
1441,46.111727,3.439885,143.9151,262.5,0.0889,0.5,13.9365,10.1773,71.7486,62.0108
1442,46.110924,3.440468,144.0151,263.9,0.089,0.5,13.9384,10.1726,71.7536,62.0079
1443,46.11012,3.441052,144.1152,263.3,0.0891,0.5,13.9402,10.1678,71.7585,62.0049
1444,46.109283,3.441524,144.2151,262.3,0.0892,0.5,13.9421,10.1631,71.7635,62.0019
1445,46.108424,3.441907,144.3151,262.6,0.0892,0.5,13.944,10.1583,71.7684,61.9989
1446,46.107558,3.442251,144.415,267.2,0.0893,0.5,13.9459,10.1536,71.7734,61.996
1447,46.106665,3.442381,144.5148,261.0,0.0894,0.5,13.9478,10.1488,71.7783,61.993
1448,46.105767,3.442435,144.6147,259.6,0.0894,0.5,13.9496,10.1441,71.7833,61.99
1449,46.104868,3.442405,144.7147,262.0,0.0895,0.5,13.9515,10.1393,71.7882,61.9871
1450,46.103973,3.442297,144.8146,264.8,0.0896,0.5,13.9534,10.1345,71.7932,61.9841
1451,46.10308,3.442139,144.9146,265.0,0.0897,0.5,13.9553,10.1298,71.7981,61.9811
1452,46.102188,3.441972,145.0146,262.2,0.0897,0.5,13.9572,10.125,71.8031,61.9781
1453,46.101298,3.441793,145.1145,260.4,0.0898,0.5,13.9591,10.1203,71.808,61.9752
1454,46.100407,3.441615,145.2145,259.3,0.0899,0.5,13.9609,10.1155,71.813,61.9722
1455,46.099509,3.44155,145.3145,261.6,0.09,0.5,13.9628,10.1108,71.818,61.9692
1456,46.098619,3.441673,145.4139,260.2,0.09,0.5,13.9647,10.106,71.8229,61.9663
1457,46.097762,3.442041,145.5133,259.3,0.0901,0.5,13.9666,10.1013,71.8278,61.9633
1458,46.09698,3.442669,145.6128,260.5,0.0902,0.5,13.9684,10.0966,71.8327,61.9604
1459,46.096329,3.443558,145.7125,261.6,0.0903,0.5,13.9703,10.0918,71.8377,61.9574
1460,46.095697,3.444481,145.8125,261.2,0.0903,0.5,13.9722,10.0871,71.8426,61.9544
1461,46.095081,3.445425,145.9125,261.3,0.0904,0.5,13.9741,10.0823,71.8476,61.9514
1462,46.094471,3.446378,146.0125,263.5,0.0905,0.5,13.976,10.0776,71.8525,61.9485
1463,46.093921,3.447402,146.1124,263.8,0.0906,0.5,13.9778,10.0728,71.8575,61.9455
1464,46.093414,3.448472,146.2123,263.9,0.0906,0.5,13.9797,10.0681,71.8624,61.9425
1465,46.092864,3.44949,146.3118,264.5,0.0907,0.5,13.9816,10.0633,71.8674,61.9396
1466,46.092162,3.450294,146.4115,265.4,0.0908,0.5,13.9835,10.0586,71.8723,61.9366
1467,46.091431,3.451048,146.5114,263.0,0.0909,0.5,13.9854,10.0538,71.8773,61.9336
1468,46.090814,3.451988,146.6112,264.5,0.0909,0.5,13.9872,10.0491,71.8822,61.9307
1469,46.09027,3.453019,146.7111,267.5,0.091,0.5,13.9891,10.0443,71.8872,61.9277
1470,46.08966,3.453964,146.8107,270.5,0.0911,0.5,13.991,10.0396,71.8921,61.9247
1471,46.088954,3.454766,146.9106,263.2,0.0912,0.5,13.9929,10.0348,71.897,61.9218
1472,46.088204,3.455479,147.0105,265.4,0.0912,0.5,13.9948,10.0301,71.902,61.9188
1473,46.087436,3.456152,147.1104,266.6,0.0913,0.5,13.9966,10.0253,71.9069,61.9158
1474,46.086651,3.456785,147.2104,267.8,0.0914,0.5,13.9985,10.0206,71.9119,61.9129
1475,46.085866,3.457417,147.3104,267.2,0.0915,0.5,14.0004,10.0158,71.9169,61.9099
1476,46.085077,3.458039,147.4104,265.7,0.0915,0.5,14.0023,10.0111,71.9218,61.9069
1477,46.084314,3.458726,147.5104,266.3,0.0916,0.5,14.0042,10.0063,71.9268,61.9039
1478,46.083553,3.459417,147.6104,263.7,0.0917,0.5,14.0061,10.0015,71.9317,61.901
1479,46.082817,3.460156,147.7101,269.3,0.0917,0.5,14.0079,9.9968,71.9367,61.898
1480,46.08199,3.46066,147.8099,263.7,0.0918,0.5,14.0098,9.9921,71.9416,61.895
1481,46.081159,3.461154,147.9099,268.1,0.0919,0.5,14.0117,9.9873,71.9466,61.8921
1482,46.080298,3.461514,148.0096,264.3,0.092,0.5,14.0136,9.9826,71.9515,61.8891
1483,46.079416,3.461765,148.1096,260.8,0.092,0.5,14.0155,9.9778,71.9565,61.8861
1484,46.078531,3.461997,148.2096,263.9,0.0921,0.5,14.0173,9.973,71.9614,61.8831
1485,46.077641,3.462181,148.3096,269.7,0.0922,0.5,14.0192,9.9683,71.9664,61.8802
1486,46.076747,3.46228,148.4093,269.8,0.0923,0.5,14.0211,9.9635,71.9713,61.8772
1487,46.07585,3.462234,148.5091,267.7,0.0923,0.5,14.023,9.9588,71.9763,61.8742
1488,46.074979,3.461918,148.609,267.0,0.0924,0.5,14.0249,9.954,71.9812,61.8713
1489,46.074082,3.46187,148.7088,264.9,0.0925,0.5,14.0267,9.9493,71.9862,61.8683
1490,46.073183,3.461905,148.8088,267.2,0.0926,0.5,14.0286,9.9445,71.9911,61.8653
1491,46.07229,3.4618,148.9084,268.2,0.0926,0.5,14.0305,9.9398,71.996,61.8624
1492,46.071417,3.461494,149.0083,267.4,0.0927,0.5,14.0324,9.935,72.001,61.8594
1493,46.07056,3.461105,149.1082,264.2,0.0928,0.5,14.0343,9.9303,72.0059,61.8564
1494,46.069772,3.46049,149.2078,265.5,0.0929,0.5,14.0361,9.9256,72.0109,61.8535
1495,46.068982,3.459874,149.3077,266.2,0.0929,0.5,14.038,9.9208,72.0158,61.8505
1496,46.068183,3.459279,149.4077,265.7,0.093,0.5,14.0399,9.916,72.0208,61.8475
1497,46.067383,3.458685,149.5078,266.6,0.0931,0.5,14.0418,9.9113,72.0257,61.8446
1498,46.066547,3.458229,149.6072,267.6,0.0932,0.5,14.0437,9.9066,72.0307,61.8416
1499,46.065656,3.458119,149.7066,267.3,0.0932,0.5,14.0455,9.9018,72.0356,61.8386
1500,46.064775,3.458361,149.8063,268.4,0.0933,0.5,14.0474,9.8971,72.0405,61.8357
1501,46.063985,3.458976,149.9061,269.6,0.0934,0.5,14.0493,9.8923,72.0455,61.8327
1502,46.063234,3.459688,150.0061,268.0,0.0935,0.5,14.0512,9.8876,72.0504,61.8297
1503,46.062483,3.460401,150.1061,266.5,0.0935,0.5,14.0531,9.8828,72.0554,61.8268
1504,46.061732,3.461114,150.2061,266.6,0.0936,0.5,14.0549,9.8781,72.0604,61.8238
1505,46.060981,3.461827,150.3061,264.9,0.0937,0.5,14.0568,9.8733,72.0653,61.8208
1506,46.06023,3.46254,150.4061,263.4,0.0938,0.5,14.0587,9.8685,72.0703,61.8178
1507,46.059478,3.463252,150.5062,265.6,0.0938,0.5,14.0606,9.8638,72.0752,61.8149
1508,46.058727,3.463965,150.6062,267.8,0.0939,0.5,14.0625,9.859,72.0802,61.8119
1509,46.057976,3.464678,150.7062,268.9,0.094,0.5,14.0644,9.8543,72.0851,61.8089
1510,46.057232,3.465405,150.8062,266.9,0.0941,0.5,14.0662,9.8495,72.0901,61.8059
1511,46.05649,3.466138,150.9062,266.5,0.0941,0.5,14.0681,9.8448,72.095,61.803
1512,46.055748,3.46687,151.0062,267.1,0.0942,0.5,14.07,9.84,72.1,61.8
1513,46.054992,3.467568,151.106,267.3,0.0942,0.5,14.0685,9.84,72.1,61.8
1514,46.05415,3.46802,151.2059,267.7,0.0942,0.5,14.067,9.84,72.1,61.8
1515,46.053283,3.468365,151.3059,267.5,0.0942,0.5,14.0655,9.84,72.1,61.8
1516,46.052408,3.468661,151.4058,267.9,0.0942,0.5,14.0641,9.84,72.1,61.8
1517,46.051532,3.468956,151.5058,269.7,0.0942,0.5,14.0626,9.84,72.1,61.8
1518,46.050656,3.469251,151.6058,270.6,0.0942,0.5,14.0611,9.84,72.1,61.8
1519,46.049781,3.469547,151.7057,268.1,0.0942,0.5,14.0596,9.84,72.1,61.8
1520,46.048907,3.469854,151.8057,268.0,0.0942,0.5,14.0581,9.84,72.1,61.8
1521,46.048033,3.470161,151.9057,267.2,0.0942,0.5,14.0566,9.84,72.1,61.8
1522,46.04716,3.470468,152.0056,267.6,0.0942,0.5,14.0552,9.84,72.1,61.8
1523,46.046286,3.470775,152.1056,267.7,0.0942,0.5,14.0537,9.84,72.1,61.8
1524,46.045412,3.471082,152.2056,267.2,0.0942,0.5,14.0522,9.84,72.1,61.8
1525,46.044539,3.471389,152.3055,267.8,0.0942,0.5,14.0507,9.84,72.1,61.8
1526,46.043665,3.471696,152.4055,268.4,0.0942,0.5,14.0492,9.84,72.1,61.8
1527,46.042791,3.472003,152.5055,267.4,0.0942,0.5,14.0477,9.84,72.1,61.8
1528,46.041918,3.472311,152.6054,267.6,0.0942,0.5,14.0462,9.84,72.1,61.8
1529,46.041045,3.472625,152.7055,267.7,0.0942,0.5,14.0448,9.84,72.1,61.8
1530,46.040173,3.472939,152.8054,268.2,0.0942,0.5,14.0433,9.84,72.1,61.8
1531,46.0393,3.473253,152.9055,267.1,0.0942,0.5,14.0418,9.84,72.1,61.8
1532,46.038427,3.473567,153.0056,267.4,0.0942,0.5,14.0403,9.84,72.1,61.8
1533,46.037543,3.473797,153.1055,268.5,0.0942,0.5,14.0388,9.84,72.1,61.8
1534,46.036656,3.474013,153.2055,268.5,0.0942,0.5,14.0373,9.84,72.1,61.8
1535,46.035764,3.47417,153.3054,268.9,0.0942,0.5,14.0358,9.84,72.1,61.8
1536,46.034872,3.474339,153.4054,269.4,0.0942,0.5,14.0344,9.84,72.1,61.8
1537,46.033981,3.474509,153.5053,270.9,0.0942,0.5,14.0329,9.84,72.1,61.8
1538,46.033089,3.474678,153.6053,271.3,0.0942,0.5,14.0314,9.84,72.1,61.8
1539,46.032196,3.474831,153.7053,270.9,0.0942,0.5,14.0299,9.84,72.1,61.8
1540,46.031304,3.475,153.8053,269.1,0.0942,0.5,14.0284,9.84,72.1,61.8
1541,46.030413,3.475176,153.9053,270.5,0.0942,0.5,14.0269,9.84,72.1,61.8
1542,46.029523,3.475353,154.0052,270.8,0.0942,0.5,14.0254,9.84,72.1,61.8
1543,46.028635,3.475554,154.1052,270.9,0.0942,0.5,14.024,9.84,72.1,61.8
1544,46.027778,3.47594,154.205,271.6,0.0942,0.5,14.0225,9.84,72.1,61.8
1545,46.026948,3.476438,154.305,271.7,0.0942,0.5,14.021,9.84,72.1,61.8
1546,46.026126,3.476965,154.405,273.0,0.0942,0.5,14.0195,9.84,72.1,61.8
1547,46.025305,3.477492,154.5049,271.5,0.0942,0.5,14.018,9.84,72.1,61.8
1548,46.024483,3.47802,154.605,271.4,0.0942,0.5,14.0165,9.84,72.1,61.8
1549,46.023662,3.478547,154.7049,271.6,0.0942,0.5,14.015,9.84,72.1,61.8
1550,46.022841,3.479074,154.8048,273.1,0.0942,0.5,14.0136,9.84,72.1,61.8
1551,46.022019,3.479601,154.9049,273.6,0.0942,0.5,14.0121,9.84,72.1,61.8
1552,46.021198,3.480128,155.0048,274.0,0.0942,0.5,14.0106,9.84,72.1,61.8
1553,46.020376,3.480655,155.1049,274.5,0.0942,0.5,14.0091,9.84,72.1,61.8
1554,46.019555,3.481183,155.2049,274.7,0.0942,0.5,14.0076,9.84,72.1,61.8
1555,46.018733,3.48171,155.305,274.9,0.0942,0.5,14.0061,9.84,72.1,61.8
1556,46.01791,3.482231,155.405,275.5,0.0942,0.5,14.0046,9.84,72.1,61.8
1557,46.017087,3.482752,155.505,275.6,0.0942,0.5,14.0032,9.84,72.1,61.8
1558,46.016264,3.483274,155.605,274.4,0.0942,0.5,14.0017,9.84,72.1,61.8
1559,46.01544,3.483795,155.7051,274.8,0.0942,0.5,14.0002,9.84,72.1,61.8
1560,46.014617,3.484316,155.8051,274.6,0.0942,0.5,13.9987,9.84,72.1,61.8
1561,46.013794,3.484837,155.9051,277.0,0.0942,0.5,13.9972,9.84,72.1,61.8
1562,46.01297,3.485358,156.0052,278.2,0.0942,0.5,13.9957,9.84,72.1,61.8
1563,46.012144,3.485868,156.1051,278.3,0.0942,0.5,13.9942,9.84,72.1,61.8
1564,46.011307,3.486336,156.2049,278.4,0.0942,0.5,13.9928,9.84,72.1,61.8
1565,46.010442,3.48669,156.3049,278.2,0.0942,0.5,13.9913,9.84,72.1,61.8
1566,46.009553,3.486874,156.4048,277.0,0.0942,0.5,13.9898,9.84,72.1,61.8
1567,46.008655,3.486924,156.5047,277.7,0.0942,0.5,13.9883,9.84,72.1,61.8
1568,46.00776,3.486796,156.6047,279.1,0.0942,0.5,13.9868,9.84,72.1,61.8
1569,46.006874,3.486578,156.7046,279.2,0.0942,0.5,13.9853,9.84,72.1,61.8
1570,46.005996,3.4863,156.8046,279.1,0.0942,0.5,13.9839,9.84,72.1,61.8
1571,46.00512,3.486005,156.9046,279.1,0.0942,0.5,13.9824,9.84,72.1,61.8
1572,46.004245,3.485711,157.0045,280.7,0.0942,0.5,13.9809,9.84,72.1,61.8
1573,46.003369,3.485416,157.1045,279.9,0.0942,0.5,13.9794,9.84,72.1,61.8
1574,46.002493,3.485122,157.2045,279.9,0.0942,0.5,13.9779,9.84,72.1,61.8
1575,46.001617,3.484828,157.3045,279.8,0.0942,0.5,13.9764,9.84,72.1,61.8
1576,46.000742,3.484532,157.4044,279.9,0.0942,0.5,13.9749,9.84,72.1,61.8
1577,45.99986,3.484323,157.5038,280.0,0.0942,0.5,13.9735,9.84,72.1,61.8
1578,45.998962,3.484358,157.6037,280.8,0.0942,0.5,13.972,9.84,72.1,61.8
1579,45.998067,3.484489,157.7037,280.5,0.0942,0.5,13.9705,9.84,72.1,61.8
1580,45.997175,3.484654,157.8037,281.1,0.0942,0.5,13.969,9.84,72.1,61.8
1581,45.996283,3.484819,157.9037,279.4,0.0942,0.5,13.9675,9.84,72.1,61.8
1582,45.995391,3.484984,158.0037,279.1,0.0942,0.5,13.966,9.84,72.1,61.8
1583,45.9945,3.485151,158.1036,280.8,0.0942,0.5,13.9646,9.84,72.1,61.8
1584,45.993608,3.48532,158.2036,282.2,0.0942,0.5,13.9631,9.84,72.1,61.8
1585,45.992716,3.48549,158.3037,280.8,0.0942,0.5,13.9616,9.84,72.1,61.8
1586,45.991825,3.48566,158.4036,282.7,0.0942,0.5,13.9601,9.84,72.1,61.8
1587,45.990933,3.485829,158.5036,282.2,0.0942,0.5,13.9586,9.84,72.1,61.8
1588,45.990039,3.485968,158.6036,282.2,0.0942,0.5,13.9571,9.84,72.1,61.8
1589,45.989144,3.486092,158.7036,283.3,0.0942,0.5,13.9556,9.84,72.1,61.8
1590,45.988249,3.486215,158.8036,283.9,0.0942,0.5,13.9542,9.84,72.1,61.8
1591,45.987354,3.486339,158.9036,286.4,0.0942,0.5,13.9527,9.84,72.1,61.8
1592,45.986458,3.486315,159.0032,285.8,0.0942,0.5,13.9512,9.84,72.1,61.8
1593,45.985599,3.485944,159.1029,283.2,0.0942,0.5,13.9497,9.84,72.1,61.8
1594,45.984733,3.485597,159.2029,280.7,0.0942,0.5,13.9482,9.84,72.1,61.8
1595,45.983863,3.485266,159.303,281.2,0.0942,0.5,13.9467,9.84,72.1,61.8
1596,45.982994,3.484936,159.4029,281.6,0.0942,0.5,13.9452,9.84,72.1,61.8
1597,45.982124,3.484605,159.503,281.5,0.0942,0.5,13.9438,9.84,72.1,61.8
1598,45.981255,3.484274,159.603,281.7,0.0942,0.5,13.9423,9.84,72.1,61.8
1599,45.980385,3.483944,159.703,281.1,0.0942,0.5,13.9408,9.84,72.1,61.8
1600,45.979516,3.483613,159.803,281.3,0.0942,0.5,13.9393,9.84,72.1,61.8
1601,45.978646,3.483283,159.903,281.8,0.0942,0.5,13.9378,9.84,72.1,61.8
1602,45.977777,3.482952,160.003,283.0,0.0942,0.5,13.9363,9.84,72.1,61.8
1603,45.976905,3.482632,160.1031,284.4,0.0942,0.5,13.9348,9.84,72.1,61.8
1604,45.976051,3.482238,160.2028,282.9,0.0942,0.5,13.9334,9.84,72.1,61.8
1605,45.975231,3.48171,160.3027,283.5,0.0942,0.5,13.9319,9.84,72.1,61.8
1606,45.974419,3.481154,160.4027,285.0,0.0942,0.5,13.9304,9.84,72.1,61.8
1607,45.973572,3.480725,160.5025,293.8,0.0942,0.5,13.9289,9.84,72.1,61.8
1608,45.972693,3.480454,160.6025,294.5,0.0942,0.5,13.9274,9.84,72.1,61.8
1609,45.971805,3.480249,160.7025,290.0,0.0942,0.5,13.9259,9.84,72.1,61.8
1610,45.970918,3.48004,160.8024,288.2,0.0942,0.5,13.9245,9.84,72.1,61.8
1611,45.97003,3.479837,160.9024,285.6,0.0942,0.5,13.923,9.84,72.1,61.8
1612,45.969141,3.47964,161.0024,286.5,0.0942,0.5,13.9215,9.84,72.1,61.8
1613,45.968252,3.479448,161.1024,286.5,0.0942,0.5,13.92,9.84,72.1,61.8
1614,45.967362,3.479256,161.2025,285.5,0.0942,0.5,13.9145,9.84,72.099,61.8
1615,45.966473,3.479064,161.3025,285.8,0.0942,0.5,13.9091,9.84,72.098,61.8
1616,45.965583,3.478872,161.4026,285.1,0.0942,0.5,13.9036,9.84,72.097,61.8
1617,45.964694,3.47868,161.5026,286.7,0.0942,0.5,13.8981,9.84,72.096,61.8
1618,45.963805,3.478488,161.6026,285.3,0.0942,0.5,13.8927,9.84,72.095,61.8
1619,45.962915,3.478297,161.7027,282.0,0.0942,0.5,13.8872,9.84,72.094,61.8
1620,45.96203,3.478075,161.8026,280.1,0.0942,0.5,13.8817,9.84,72.093,61.8
1621,45.961149,3.477815,161.9026,281.3,0.0942,0.5,13.8763,9.84,72.0921,61.8
1622,45.960292,3.477449,162.002,283.2,0.0942,0.5,13.8708,9.84,72.0911,61.8
1623,45.959526,3.476777,162.1018,284.8,0.0942,0.5,13.8654,9.84,72.0901,61.8
1624,45.95887,3.475893,162.2018,286.1,0.0942,0.5,13.8599,9.84,72.0891,61.8
1625,45.958245,3.474963,162.3018,285.8,0.0942,0.5,13.8545,9.84,72.0881,61.8
1626,45.957618,3.474036,162.4018,284.5,0.0942,0.5,13.849,9.84,72.0871,61.8
1627,45.956852,3.473401,162.5001,283.7,0.0942,0.5,13.8436,9.84,72.0861,61.8
1628,45.956007,3.472963,162.6,283.7,0.0942,0.5,13.8382,9.84,72.0851,61.8
1629,45.955126,3.472704,162.7,285.5,0.0942,0.5,13.8327,9.84,72.0841,61.8
1630,45.954234,3.472548,162.7999,287.1,0.0942,0.5,13.8272,9.84,72.0831,61.8
1631,45.95334,3.4724,162.9,286.9,0.0942,0.5,13.8218,9.84,72.0821,61.8
1632,45.952476,3.472063,162.9995,286.9,0.0942,0.5,13.8163,9.84,72.0812,61.8
1633,45.951647,3.471566,163.0994,286.5,0.0942,0.5,13.8109,9.84,72.0802,61.8
1634,45.9509,3.470853,163.1991,289.3,0.0942,0.5,13.8054,9.84,72.0792,61.8
1635,45.95028,3.469924,163.2987,289.4,0.0942,0.5,13.8,9.84,72.0782,61.8
1636,45.949817,3.468817,163.3986,288.7,0.0942,0.5,13.7945,9.84,72.0772,61.8
1637,45.949406,3.467667,163.4986,288.4,0.0942,0.5,13.7891,9.84,72.0762,61.8
1638,45.948813,3.467297,163.5705,288.5,0.0942,0.5,13.7851,9.84,72.0755,61.8
1639,45.94799,3.467814,163.6704,291.2,0.0942,0.5,13.7797,9.84,72.0745,61.8
1640,45.947166,3.468331,163.7704,297.0,0.0942,0.5,13.7742,9.84,72.0735,61.8
1641,45.946342,3.468848,163.8704,302.2,0.0942,0.5,13.7688,9.84,72.0725,61.8
1642,45.945518,3.469365,163.9704,310.1,0.0942,0.5,13.7633,9.84,72.0715,61.8
1643,45.944695,3.469882,164.0703,314.8,0.0942,0.5,13.7578,9.84,72.0705,61.8
1644,45.943871,3.470399,164.1703,319.6,0.0942,0.5,13.7524,9.84,72.0695,61.8
1645,45.943047,3.470916,164.2703,321.5,0.0942,0.5,13.7469,9.84,72.0685,61.8
1646,45.942223,3.471433,164.3703,322.6,0.0942,0.5,13.7414,9.84,72.0675,61.8
1647,45.941399,3.47195,164.4703,323.8,0.0942,0.5,13.736,9.84,72.0665,61.8
1648,45.940576,3.472467,164.5702,324.1,0.0942,0.5,13.7305,9.84,72.0655,61.8
1649,45.939752,3.472984,164.6702,324.9,0.0942,0.5,13.7251,9.84,72.0646,61.8
1650,45.938928,3.4735,164.7701,324.3,0.0942,0.5,13.7196,9.84,72.0636,61.8
1651,45.938104,3.474017,164.8701,320.6,0.0942,0.5,13.7141,9.84,72.0626,61.8
1652,45.93728,3.474534,164.9701,321.1,0.0942,0.5,13.7087,9.84,72.0616,61.8
1653,45.936457,3.475051,165.07,327.9,0.0942,0.5,13.7032,9.84,72.0606,61.8
1654,45.935633,3.475568,165.17,332.6,0.0942,0.5,13.6977,9.84,72.0596,61.8
1655,45.934809,3.476085,165.27,339.4,0.0942,0.5,13.6923,9.84,72.0586,61.8
1656,45.933985,3.476602,165.37,343.4,0.0942,0.5,13.6868,9.84,72.0576,61.8
1657,45.933162,3.477119,165.4699,348.5,0.0942,0.5,13.6814,9.84,72.0566,61.8
1658,45.932338,3.477636,165.5699,348.0,0.0942,0.5,13.6759,9.84,72.0556,61.8
1659,45.931514,3.478153,165.6699,346.3,0.0942,0.5,13.6704,9.84,72.0546,61.8
1660,45.93069,3.47867,165.7699,346.0,0.0942,0.5,13.665,9.84,72.0536,61.8
1661,45.929866,3.479187,165.8699,348.1,0.0942,0.5,13.6595,9.84,72.0526,61.8
1662,45.929043,3.479704,165.9698,351.2,0.0942,0.5,13.654,9.84,72.0516,61.8
1663,45.928219,3.48022,166.0697,355.1,0.0942,0.5,13.6486,9.84,72.0507,61.8
1664,45.927395,3.480737,166.1697,360.8,0.0942,0.5,13.6431,9.84,72.0497,61.8
1665,45.926571,3.481254,166.2697,367.5,0.0942,0.5,13.6377,9.84,72.0487,61.8
1666,45.925748,3.481771,166.3696,370.5,0.0942,0.5,13.6322,9.84,72.0477,61.8
1667,45.924924,3.482288,166.4696,366.0,0.0942,0.5,13.6267,9.84,72.0467,61.8
1668,45.9241,3.482805,166.5696,362.7,0.0942,0.5,13.6213,9.84,72.0457,61.8
1669,45.923276,3.483322,166.6696,363.1,0.0942,0.5,13.6158,9.84,72.0447,61.8
1670,45.922452,3.483839,166.7696,367.6,0.0942,0.5,13.6103,9.84,72.0437,61.8
1671,45.921629,3.484356,166.8695,362.7,0.0942,0.5,13.6049,9.84,72.0427,61.8
1672,45.920805,3.484873,166.9695,352.7,0.0942,0.5,13.5994,9.84,72.0417,61.8
1673,45.919981,3.48539,167.0695,353.1,0.0942,0.5,13.594,9.84,72.0407,61.8
1674,45.919157,3.485907,167.1695,358.3,0.0942,0.5,13.5885,9.84,72.0397,61.8
1675,45.918334,3.486423,167.2693,358.2,0.0942,0.5,13.583,9.84,72.0387,61.8
1676,45.91751,3.48694,167.3693,353.8,0.0942,0.5,13.5776,9.84,72.0377,61.8
1677,45.916686,3.487457,167.4693,350.8,0.0942,0.5,13.5721,9.84,72.0367,61.8
1678,45.915862,3.487974,167.5693,350.0,0.0942,0.5,13.5666,9.84,72.0358,61.8
1679,45.915038,3.488491,167.6693,345.2,0.0942,0.5,13.5612,9.84,72.0348,61.8
1680,45.914215,3.489008,167.7692,338.6,0.0942,0.5,13.5557,9.84,72.0338,61.8
1681,45.913391,3.489525,167.8692,332.7,0.0942,0.5,13.5503,9.84,72.0328,61.8
1682,45.912567,3.490042,167.9692,333.3,0.0942,0.5,13.5448,9.84,72.0318,61.8
1683,45.911743,3.490559,168.0692,334.1,0.0942,0.5,13.5393,9.84,72.0308,61.8
1684,45.91092,3.491076,168.1691,337.2,0.0942,0.5,13.5339,9.84,72.0298,61.8
1685,45.910096,3.491593,168.2691,341.6,0.0942,0.5,13.5284,9.84,72.0288,61.8
1686,45.909272,3.49211,168.3691,342.2,0.0942,0.5,13.5229,9.84,72.0278,61.8
1687,45.908448,3.492627,168.4691,342.1,0.0942,0.5,13.5175,9.84,72.0268,61.8
1688,45.907624,3.493143,168.569,342.6,0.0942,0.5,13.512,9.84,72.0258,61.8
1689,45.906801,3.49366,168.6689,343.2,0.0942,0.5,13.5066,9.84,72.0248,61.8
1690,45.905977,3.494177,168.7689,344.1,0.0942,0.5,13.5011,9.84,72.0238,61.8
1691,45.905153,3.494694,168.8689,344.9,0.0942,0.5,13.4956,9.84,72.0228,61.8
1692,45.904329,3.495211,168.9689,343.5,0.0942,0.5,13.4902,9.84,72.0219,61.8
1693,45.903506,3.495728,169.0688,331.1,0.0942,0.5,13.4847,9.84,72.0209,61.8
1694,45.902682,3.496245,169.1688,319.2,0.0942,0.5,13.4793,9.84,72.0199,61.8
1695,45.901858,3.496762,169.2688,324.7,0.0942,0.5,13.4738,9.84,72.0189,61.8
1696,45.901034,3.497279,169.3688,335.6,0.0942,0.5,13.4683,9.84,72.0179,61.8
1697,45.90021,3.497796,169.4688,340.7,0.0942,0.5,13.4629,9.84,72.0169,61.8
1698,45.899387,3.498313,169.5687,343.0,0.0942,0.5,13.4574,9.84,72.0159,61.8
1699,45.898563,3.49883,169.6687,338.2,0.0942,0.5,13.4519,9.84,72.0149,61.8
1700,45.897739,3.499347,169.7687,332.8,0.0942,0.5,13.4465,9.84,72.0139,61.8
1701,45.896915,3.499863,169.8686,335.7,0.0942,0.5,13.441,9.84,72.0129,61.8
1702,45.896092,3.50038,169.9685,340.0,0.0942,0.5,13.4356,9.84,72.0119,61.8
1703,45.895268,3.500897,170.0685,342.0,0.0942,0.5,13.4301,9.84,72.0109,61.8
1704,45.894444,3.501414,170.1685,340.3,0.0942,0.5,13.4246,9.84,72.0099,61.8
1705,45.89362,3.501931,170.2685,346.0,0.0942,0.5,13.4192,9.84,72.0089,61.8
1706,45.892796,3.502448,170.3685,354.3,0.0942,0.5,13.4137,9.84,72.0079,61.8
1707,45.891973,3.502965,170.4684,358.9,0.0942,0.5,13.4082,9.84,72.007,61.8
1708,45.891149,3.503482,170.5684,361.8,0.0942,0.5,13.4028,9.84,72.006,61.8
1709,45.890325,3.503999,170.6684,369.4,0.0942,0.5,13.3973,9.84,72.005,61.8
1710,45.889501,3.504516,170.7684,374.9,0.0942,0.5,13.3919,9.84,72.004,61.8
1711,45.888678,3.505033,170.8683,376.5,0.0942,0.5,13.3864,9.84,72.003,61.8
1712,45.887854,3.50555,170.9683,373.5,0.0942,0.5,13.3809,9.84,72.002,61.8
1713,45.88703,3.506066,171.0683,375.3,0.0942,0.5,13.3755,9.84,72.001,61.8
1714,45.886206,3.506583,171.1683,375.2,0.0942,0.5,13.37,9.84,72.0,61.8
1715,45.885382,3.5071,171.2683,369.8,0.0943,0.501,13.371,9.8343,72.0178,61.8089
1716,45.884559,3.507617,171.3682,377.0,0.0944,0.502,13.372,9.8285,72.0356,61.8178
1717,45.883735,3.508134,171.4682,387.9,0.0945,0.503,13.373,9.8228,72.0535,61.8267
1718,45.882911,3.508651,171.5682,403.4,0.0946,0.504,13.374,9.817,72.0713,61.8356
1719,45.882087,3.509168,171.6682,410.7,0.0947,0.505,13.375,9.8113,72.0891,61.8446
1720,45.881263,3.509685,171.7682,406.1,0.0948,0.5059,13.3759,9.8055,72.1069,61.8535
1721,45.88044,3.510202,171.8681,400.3,0.095,0.5069,13.3769,9.7998,72.1247,61.8624
1722,45.879616,3.510719,171.9681,397.8,0.0951,0.5079,13.3779,9.7941,72.1426,61.8713
1723,45.878792,3.511236,172.0681,393.1,0.0952,0.5089,13.3789,9.7883,72.1604,61.8802
1724,45.877968,3.511753,172.1681,383.0,0.0953,0.5099,13.3799,9.7826,72.1782,61.8891
1725,45.877145,3.51227,172.268,377.9,0.0954,0.5109,13.3809,9.7768,72.196,61.898
1726,45.876321,3.512786,172.368,369.2,0.0955,0.5119,13.3819,9.7711,72.2139,61.9069
1727,45.875497,3.513303,172.468,358.1,0.0956,0.5129,13.3829,9.7653,72.2317,61.9158
1728,45.874673,3.51382,172.568,347.8,0.0957,0.5139,13.3839,9.7596,72.2495,61.9248
1729,45.873849,3.514337,172.668,340.1,0.0958,0.5149,13.3849,9.7539,72.2673,61.9337
1730,45.873026,3.514854,172.7679,333.4,0.0959,0.5158,13.3858,9.7481,72.2851,61.9426
1731,45.872202,3.515371,172.8679,327.5,0.096,0.5168,13.3868,9.7424,72.303,61.9515
1732,45.871378,3.515888,172.9679,317.0,0.0961,0.5178,13.3878,9.7366,72.3208,61.9604
1733,45.870554,3.516405,173.0679,313.4,0.0963,0.5188,13.3888,9.7309,72.3386,61.9693
1734,45.869731,3.516922,173.1678,311.9,0.0964,0.5198,13.3898,9.7252,72.3564,61.9782
1735,45.868907,3.517439,173.2678,315.8,0.0965,0.5208,13.3908,9.7194,72.3742,61.9871
1736,45.868083,3.517956,173.3678,327.2,0.0966,0.5218,13.3918,9.7137,72.3921,61.996
1737,45.867259,3.518473,173.4678,331.0,0.0967,0.5228,13.3928,9.7079,72.4099,62.005
1738,45.866435,3.51899,173.5678,338.0,0.0968,0.5238,13.3938,9.7022,72.4277,62.0139
1739,45.865612,3.519506,173.6677,352.8,0.0969,0.5248,13.3948,9.6964,72.4455,62.0228
1740,45.864788,3.520023,173.7677,358.2,0.097,0.5257,13.3957,9.6907,72.4634,62.0317
1741,45.863964,3.52054,173.8677,360.4,0.0971,0.5267,13.3967,9.685,72.4812,62.0406
1742,45.86314,3.521057,173.9677,368.1,0.0972,0.5277,13.3977,9.6792,72.499,62.0495
1743,45.862317,3.521574,174.0676,372.9,0.0973,0.5287,13.3987,9.6735,72.5168,62.0584
1744,45.861493,3.522091,174.1676,381.3,0.0974,0.5297,13.3997,9.6677,72.5346,62.0673
1745,45.860669,3.522608,174.2676,380.9,0.0975,0.5307,13.4007,9.662,72.5525,62.0762
1746,45.859845,3.523125,174.3676,375.4,0.0977,0.5317,13.4017,9.6562,72.5703,62.0851
1747,45.859021,3.523642,174.4676,365.9,0.0978,0.5327,13.4027,9.6505,72.5881,62.0941
1748,45.858198,3.524159,174.5675,357.6,0.0979,0.5337,13.4037,9.6448,72.6059,62.103
1749,45.857374,3.524676,174.6675,351.0,0.098,0.5347,13.4047,9.639,72.6238,62.1119
1750,45.85655,3.525193,174.7675,346.6,0.0981,0.5356,13.4056,9.6333,72.6416,62.1208
1751,45.855726,3.52571,174.8675,341.7,0.0982,0.5366,13.4066,9.6275,72.6594,62.1297
1752,45.854903,3.526226,174.9674,336.9,0.0983,0.5376,13.4076,9.6218,72.6772,62.1386
1753,45.854079,3.526743,175.0674,332.8,0.0984,0.5386,13.4086,9.616,72.695,62.1475
1754,45.853255,3.52726,175.1674,328.2,0.0985,0.5396,13.4096,9.6103,72.7129,62.1564
1755,45.852431,3.527777,175.2674,325.5,0.0986,0.5406,13.4106,9.6046,72.7307,62.1653
1756,45.851607,3.528294,175.3674,316.5,0.0987,0.5416,13.4116,9.5988,72.7485,62.1743
1757,45.850784,3.528811,175.4673,307.1,0.0988,0.5426,13.4126,9.5931,72.7663,62.1832
1758,45.84996,3.529328,175.5673,303.4,0.0989,0.5436,13.4136,9.5873,72.7842,62.1921
1759,45.849136,3.529845,175.6673,303.7,0.0991,0.5446,13.4146,9.5816,72.802,62.201
1760,45.848312,3.530362,175.7673,304.6,0.0992,0.5455,13.4155,9.5758,72.8198,62.2099
1761,45.847489,3.530879,175.8672,306.5,0.0993,0.5465,13.4165,9.5701,72.8376,62.2188
1762,45.846665,3.531396,175.9672,311.2,0.0994,0.5475,13.4175,9.5644,72.8554,62.2277
1763,45.845841,3.531913,176.0672,315.5,0.0995,0.5485,13.4185,9.5586,72.8733,62.2366
1764,45.845017,3.532429,176.1672,319.3,0.0996,0.5495,13.4195,9.5529,72.8911,62.2455
1765,45.844193,3.532946,176.2672,323.2,0.0997,0.5505,13.4205,9.5471,72.9089,62.2545
1766,45.84337,3.533463,176.3671,324.7,0.0998,0.5515,13.4215,9.5414,72.9267,62.2634
1767,45.842546,3.53398,176.4671,329.1,0.0999,0.5525,13.4225,9.5356,72.9445,62.2723
1768,45.841722,3.534497,176.5671,333.8,0.1,0.5535,13.4235,9.5299,72.9624,62.2812
1769,45.840898,3.535014,176.6671,333.5,0.1001,0.5545,13.4245,9.5242,72.9802,62.2901
1770,45.840075,3.535531,176.767,335.7,0.1002,0.5554,13.4254,9.5184,72.998,62.299
1771,45.839251,3.536048,176.867,339.0,0.1004,0.5564,13.4264,9.5127,73.0158,62.3079
1772,45.838427,3.536565,176.967,346.0,0.1005,0.5574,13.4274,9.5069,73.0337,62.3168
1773,45.837603,3.537082,177.067,357.5,0.1006,0.5584,13.4284,9.5012,73.0515,62.3257
1774,45.836779,3.537599,177.167,362.4,0.1007,0.5594,13.4294,9.4954,73.0693,62.3347
1775,45.835956,3.538116,177.2669,362.6,0.1008,0.5604,13.4304,9.4897,73.0871,62.3436
1776,45.835132,3.538633,177.3669,357.7,0.1009,0.5614,13.4314,9.484,73.1049,62.3525
1777,45.834308,3.539149,177.4669,362.3,0.101,0.5624,13.4324,9.4782,73.1228,62.3614
1778,45.833484,3.539666,177.5669,372.1,0.1011,0.5634,13.4334,9.4725,73.1406,62.3703
1779,45.832661,3.540183,177.6668,375.2,0.1012,0.5644,13.4344,9.4667,73.1584,62.3792
1780,45.831837,3.5407,177.7668,374.9,0.1013,0.5653,13.4353,9.461,73.1762,62.3881
1781,45.831013,3.541217,177.8668,371.5,0.1014,0.5663,13.4363,9.4552,73.1941,62.397
1782,45.830189,3.541734,177.9668,369.7,0.1015,0.5673,13.4373,9.4495,73.2119,62.4059
1783,45.829365,3.542251,178.0668,372.7,0.1016,0.5683,13.4383,9.4438,73.2297,62.4149
1784,45.828542,3.542768,178.1667,379.3,0.1018,0.5693,13.4393,9.438,73.2475,62.4238
1785,45.827718,3.543285,178.2667,388.9,0.1019,0.5703,13.4403,9.4323,73.2653,62.4327
1786,45.826894,3.543802,178.3667,394.2,0.102,0.5713,13.4413,9.4265,73.2832,62.4416
1787,45.82607,3.544319,178.4667,398.1,0.1021,0.5723,13.4423,9.4208,73.301,62.4505
1788,45.825246,3.544836,178.5667,397.6,0.1022,0.5733,13.4433,9.415,73.3188,62.4594
1789,45.824423,3.545353,178.6666,398.1,0.1023,0.5743,13.4443,9.4093,73.3366,62.4683
1790,45.823599,3.545869,178.7666,399.1,0.1024,0.5752,13.4452,9.4036,73.3544,62.4772
1791,45.822775,3.546386,178.8666,386.6,0.1025,0.5762,13.4462,9.3978,73.3723,62.4861
1792,45.821951,3.546903,178.9666,385.9,0.1026,0.5772,13.4472,9.3921,73.3901,62.495
1793,45.821128,3.54742,179.0665,393.7,0.1027,0.5782,13.4482,9.3863,73.4079,62.504
1794,45.820304,3.547937,179.1665,391.1,0.1028,0.5792,13.4492,9.3806,73.4257,62.5129
1795,45.81948,3.548454,179.2665,387.1,0.1029,0.5802,13.4502,9.3749,73.4436,62.5218
1796,45.818656,3.548971,179.3665,391.5,0.103,0.5812,13.4512,9.3691,73.4614,62.5307
1797,45.817832,3.549488,179.4665,398.7,0.1032,0.5822,13.4522,9.3634,73.4792,62.5396
1798,45.817009,3.550005,179.5664,401.8,0.1033,0.5832,13.4532,9.3576,73.497,62.5485
1799,45.816185,3.550522,179.6664,401.0,0.1034,0.5842,13.4542,9.3519,73.5148,62.5574
1800,45.815361,3.551039,179.7664,399.8,0.1035,0.5851,13.4551,9.3461,73.5327,62.5663
1801,45.814537,3.551556,179.8664,390.0,0.1036,0.5861,13.4561,9.3404,73.5505,62.5752
1802,45.813714,3.552072,179.9663,383.7,0.1037,0.5871,13.4571,9.3347,73.5683,62.5842
1803,45.81289,3.552589,180.0663,383.9,0.1038,0.5881,13.4581,9.3289,73.5861,62.5931
1804,45.812066,3.553106,180.1663,381.5,0.1039,0.5891,13.4591,9.3232,73.604,62.602
1805,45.811242,3.553623,180.2663,376.3,0.104,0.5901,13.4601,9.3174,73.6218,62.6109
1806,45.810418,3.55414,180.3663,374.1,0.1041,0.5911,13.4611,9.3117,73.6396,62.6198
1807,45.809595,3.554657,180.4662,360.6,0.1042,0.5921,13.4621,9.3059,73.6574,62.6287
1808,45.808771,3.555174,180.5662,348.0,0.1043,0.5931,13.4631,9.3002,73.6752,62.6376
1809,45.807947,3.555691,180.6662,350.7,0.1045,0.5941,13.4641,9.2945,73.6931,62.6465
1810,45.807123,3.556208,180.7662,356.3,0.1046,0.595,13.465,9.2887,73.7109,62.6554
1811,45.8063,3.556725,180.8661,368.7,0.1047,0.596,13.466,9.283,73.7287,62.6643
1812,45.805476,3.557242,180.9661,384.1,0.1048,0.597,13.467,9.2772,73.7465,62.6733
1813,45.804652,3.557759,181.0661,387.1,0.1049,0.598,13.468,9.2715,73.7643,62.6822
1814,45.803828,3.558276,181.1661,387.9,0.105,0.599,13.469,9.2657,73.7822,62.6911
1815,45.803004,3.558792,181.2661,383.0,0.1051,0.6,13.47,9.26,73.8,62.7
1816,45.802181,3.559309,181.366,390.7,0.1051,0.6,13.4581,9.26,73.798,62.7
1817,45.801357,3.559826,181.466,392.2,0.1051,0.6,13.4462,9.26,73.796,62.7
1818,45.800533,3.560343,181.566,391.4,0.1051,0.6,13.4344,9.26,73.7941,62.7
1819,45.799709,3.56086,181.666,392.0,0.1051,0.6,13.4225,9.26,73.7921,62.7
1820,45.798886,3.561377,181.7659,393.6,0.1051,0.6,13.4106,9.26,73.7901,62.7
1821,45.798062,3.561894,181.8659,397.7,0.1051,0.6,13.3987,9.26,73.7881,62.7
1822,45.797238,3.562411,181.9659,402.1,0.1051,0.6,13.3868,9.26,73.7861,62.7
1823,45.796414,3.562928,182.0659,404.1,0.1051,0.6,13.375,9.26,73.7842,62.7
1824,45.79559,3.563445,182.1659,407.9,0.1051,0.6,13.3631,9.26,73.7822,62.7
1825,45.794767,3.563962,182.2658,405.9,0.1051,0.6,13.3512,9.26,73.7802,62.7
1826,45.793943,3.564479,182.3658,398.2,0.1051,0.6,13.3393,9.26,73.7782,62.7
1827,45.793119,3.564996,182.4658,387.8,0.1051,0.6,13.3274,9.26,73.7762,62.7
1828,45.792295,3.565512,182.5658,385.0,0.1051,0.6,13.3155,9.26,73.7743,62.7
1829,45.791472,3.566029,182.6657,380.1,0.1051,0.6,13.3037,9.26,73.7723,62.7
1830,45.790648,3.566546,182.7657,373.6,0.1051,0.6,13.2918,9.26,73.7703,62.7
1831,45.789824,3.567063,182.8657,371.3,0.1051,0.6,13.2799,9.26,73.7683,62.7
1832,45.789,3.56758,182.9657,371.7,0.1051,0.6,13.268,9.26,73.7663,62.7
1833,45.788176,3.568097,183.0657,366.8,0.1051,0.6,13.2561,9.26,73.7644,62.7
1834,45.787353,3.568614,183.1656,352.4,0.1051,0.6,13.2443,9.26,73.7624,62.7
1835,45.786529,3.569131,183.2656,333.0,0.1051,0.6,13.2324,9.26,73.7604,62.7
1836,45.785705,3.569648,183.3656,329.2,0.1051,0.6,13.2205,9.26,73.7584,62.7
1837,45.784881,3.570165,183.4656,329.2,0.1051,0.6,13.2086,9.26,73.7564,62.7
1838,45.784058,3.570682,183.5655,330.6,0.1051,0.6,13.1967,9.26,73.7545,62.7
1839,45.783234,3.571199,183.6655,331.8,0.1051,0.6,13.1849,9.26,73.7525,62.7
1840,45.78241,3.571716,183.7655,343.3,0.1051,0.6,13.173,9.26,73.7505,62.7
1841,45.781586,3.572232,183.8655,350.2,0.1051,0.6,13.1611,9.26,73.7485,62.7
1842,45.780762,3.572749,183.9655,347.3,0.1051,0.6,13.1492,9.26,73.7465,62.7
1843,45.779939,3.573266,184.0654,353.1,0.1051,0.6,13.1373,9.26,73.7446,62.7
1844,45.779115,3.573783,184.1654,361.3,0.1051,0.6,13.1255,9.26,73.7426,62.7
1845,45.778291,3.5743,184.2654,367.2,0.1051,0.6,13.1136,9.26,73.7406,62.7
1846,45.777467,3.574817,184.3654,368.1,0.1051,0.6,13.1017,9.26,73.7386,62.7
1847,45.776644,3.575334,184.4653,371.3,0.1051,0.6,13.0898,9.26,73.7366,62.7
1848,45.77582,3.575851,184.5653,377.2,0.1051,0.6,13.0779,9.26,73.7347,62.7
1849,45.774996,3.576368,184.6653,388.3,0.1051,0.6,13.066,9.26,73.7327,62.7
1850,45.774172,3.576885,184.7653,391.5,0.1051,0.6,13.0542,9.26,73.7307,62.7
1851,45.773348,3.577402,184.8653,393.6,0.1051,0.6,13.0423,9.26,73.7287,62.7
1852,45.772525,3.577919,184.9652,396.4,0.1051,0.6,13.0304,9.26,73.7267,62.7
1853,45.771701,3.578435,185.0652,397.3,0.1051,0.6,13.0185,9.26,73.7248,62.7
1854,45.770877,3.578952,185.1652,404.7,0.1051,0.6,13.0066,9.26,73.7228,62.7
1855,45.770053,3.579469,185.2652,411.7,0.1051,0.6,12.9948,9.26,73.7208,62.7
1856,45.769229,3.579986,185.3652,415.1,0.1051,0.6,12.9829,9.26,73.7188,62.7
1857,45.768406,3.580503,185.4651,419.6,0.1051,0.6,12.971,9.26,73.7168,62.7
1858,45.767582,3.58102,185.5651,425.9,0.1051,0.6,12.9591,9.26,73.7149,62.7
1859,45.766758,3.581537,185.6651,428.9,0.1051,0.6,12.9472,9.26,73.7129,62.7
1860,45.765934,3.582054,185.7651,430.0,0.1051,0.6,12.9353,9.26,73.7109,62.7
1861,45.765111,3.582571,185.865,432.8,0.1051,0.6,12.9235,9.26,73.7089,62.7
1862,45.764287,3.583088,185.965,434.1,0.1051,0.6,12.9116,9.26,73.7069,62.7
1863,45.763463,3.583605,186.065,434.2,0.1051,0.6,12.8997,9.26,73.705,62.7
1864,45.762639,3.584122,186.165,433.9,0.1051,0.6,12.8878,9.26,73.703,62.7
1865,45.761815,3.584639,186.265,430.5,0.1051,0.6,12.8759,9.26,73.701,62.7
1866,45.760992,3.585155,186.3649,427.2,0.1051,0.6,12.8641,9.26,73.699,62.7
1867,45.760168,3.585672,186.4649,425.7,0.1051,0.6,12.8522,9.26,73.697,62.7
1868,45.759344,3.586189,186.5649,425.7,0.1051,0.6,12.8403,9.26,73.695,62.7
1869,45.75852,3.586706,186.6649,427.8,0.1051,0.6,12.8284,9.26,73.6931,62.7
1870,45.757697,3.587223,186.7648,430.3,0.1051,0.6,12.8165,9.26,73.6911,62.7
1871,45.756873,3.58774,186.8648,428.6,0.1051,0.6,12.8047,9.26,73.6891,62.7
1872,45.756049,3.588257,186.9648,424.1,0.1051,0.6,12.7928,9.26,73.6871,62.7
1873,45.755225,3.588774,187.0648,421.1,0.1051,0.6,12.7809,9.26,73.6851,62.7
1874,45.754401,3.589291,187.1648,419.4,0.1051,0.6,12.769,9.26,73.6832,62.7
1875,45.753578,3.589808,187.2647,416.7,0.1051,0.6,12.7571,9.26,73.6812,62.7
1876,45.752754,3.590325,187.3647,414.5,0.1051,0.6,12.7452,9.26,73.6792,62.7
1877,45.75193,3.590842,187.4647,403.7,0.1051,0.6,12.7334,9.26,73.6772,62.7
1878,45.751106,3.591359,187.5647,394.3,0.1051,0.6,12.7215,9.26,73.6752,62.7
1879,45.750283,3.591875,187.6646,407.7,0.1051,0.6,12.7096,9.26,73.6733,62.7
1880,45.749459,3.592392,187.7646,415.6,0.1051,0.6,12.6977,9.26,73.6713,62.7
1881,45.748635,3.592909,187.8646,425.8,0.1051,0.6,12.6858,9.26,73.6693,62.7
1882,45.747811,3.593426,187.9646,436.0,0.1051,0.6,12.674,9.26,73.6673,62.7
1883,45.746987,3.593943,188.0646,441.2,0.1051,0.6,12.6621,9.26,73.6653,62.7
1884,45.746164,3.59446,188.1645,442.7,0.1051,0.6,12.6502,9.26,73.6634,62.7
1885,45.74534,3.594977,188.2645,444.1,0.1051,0.6,12.6383,9.26,73.6614,62.7
1886,45.744516,3.595494,188.3645,448.4,0.1051,0.6,12.6264,9.26,73.6594,62.7
1887,45.743692,3.596011,188.4645,449.3,0.1051,0.6,12.6145,9.26,73.6574,62.7
1888,45.742869,3.596528,188.5644,444.8,0.1051,0.6,12.6027,9.26,73.6554,62.7
1889,45.742045,3.597045,188.6644,437.2,0.1051,0.6,12.5908,9.26,73.6535,62.7
1890,45.741221,3.597562,188.7644,432.8,0.1051,0.6,12.5789,9.26,73.6515,62.7
1891,45.740397,3.598079,188.8644,428.2,0.1051,0.6,12.567,9.26,73.6495,62.7
1892,45.739573,3.598595,188.9644,415.5,0.1051,0.6,12.5551,9.26,73.6475,62.7
1893,45.73875,3.599112,189.0643,403.5,0.1051,0.6,12.5433,9.26,73.6455,62.7
1894,45.737926,3.599629,189.1643,427.9,0.1051,0.6,12.5314,9.26,73.6436,62.7
1895,45.737102,3.600146,189.2643,448.3,0.1051,0.6,12.5195,9.26,73.6416,62.7
1896,45.736278,3.600663,189.3643,454.9,0.1051,0.6,12.5076,9.26,73.6396,62.7
1897,45.735455,3.60118,189.4642,456.3,0.1051,0.6,12.4957,9.26,73.6376,62.7
1898,45.734631,3.601697,189.5642,463.1,0.1051,0.6,12.4839,9.26,73.6356,62.7
1899,45.733807,3.602214,189.6642,460.4,0.1051,0.6,12.472,9.26,73.6337,62.7
1900,45.732983,3.602731,189.7642,462.5,0.1051,0.6,12.4601,9.26,73.6317,62.7
1901,45.732159,3.603248,189.8642,458.6,0.1051,0.6,12.4482,9.26,73.6297,62.7
1902,45.731336,3.603765,189.9641,454.1,0.1051,0.6,12.4363,9.26,73.6277,62.7
1903,45.730512,3.604282,190.0641,465.8,0.1051,0.6,12.4245,9.26,73.6257,62.7
1904,45.729688,3.604798,190.1641,478.1,0.1051,0.6,12.4126,9.26,73.6238,62.7
1905,45.728864,3.605315,190.2641,497.8,0.1051,0.6,12.4007,9.26,73.6218,62.7
1906,45.728041,3.605832,190.364,517.2,0.1051,0.6,12.3888,9.26,73.6198,62.7
1907,45.727217,3.606349,190.464,528.5,0.1051,0.6,12.3769,9.26,73.6178,62.7
1908,45.726393,3.606866,190.564,537.3,0.1051,0.6,12.365,9.26,73.6158,62.7
1909,45.725569,3.607383,190.664,540.3,0.1051,0.6,12.3532,9.26,73.6139,62.7
1910,45.724745,3.6079,190.764,545.0,0.1051,0.6,12.3413,9.26,73.6119,62.7
1911,45.723922,3.608417,190.8639,549.4,0.1051,0.6,12.3294,9.26,73.6099,62.7
1912,45.723098,3.608934,190.9639,551.2,0.1051,0.6,12.3175,9.26,73.6079,62.7
1913,45.722274,3.609451,191.0639,553.0,0.1051,0.6,12.3056,9.26,73.6059,62.7
1914,45.72145,3.609968,191.1639,556.8,0.1051,0.6,12.2938,9.26,73.604,62.7
1915,45.720626,3.610485,191.2639,563.8,0.1051,0.6,12.2819,9.26,73.602,62.7
1916,45.719803,3.611002,191.3638,566.2,0.1051,0.6,12.27,9.26,73.6,62.7
1917,45.718979,3.611518,191.4638,571.7,0.1055,0.602,12.2678,9.2568,73.6297,62.7079
1918,45.718155,3.612035,191.5638,570.8,0.1058,0.604,12.2656,9.2537,73.6594,62.7158
1919,45.717331,3.612552,191.6638,565.7,0.1062,0.6059,12.2635,9.2505,73.6891,62.7238
1920,45.716508,3.613069,191.7637,551.8,0.1066,0.6079,12.2613,9.2473,73.7188,62.7317
1921,45.715684,3.613586,191.8637,539.7,0.1069,0.6099,12.2591,9.2442,73.7485,62.7396
1922,45.71486,3.614103,191.9637,526.1,0.1073,0.6119,12.2569,9.241,73.7782,62.7475
1923,45.714036,3.61462,192.0637,516.1,0.1077,0.6139,12.2548,9.2378,73.8079,62.7554
1924,45.713212,3.615137,192.1637,504.7,0.1081,0.6158,12.2526,9.2347,73.8376,62.7634
1925,45.712389,3.615654,192.2636,500.1,0.1084,0.6178,12.2504,9.2315,73.8673,62.7713
1926,45.711565,3.616171,192.3636,490.0,0.1088,0.6198,12.2482,9.2283,73.897,62.7792
1927,45.710741,3.616688,192.4636,482.6,0.1092,0.6218,12.246,9.2252,73.9267,62.7871
1928,45.709917,3.617205,192.5636,491.6,0.1095,0.6238,12.2439,9.222,73.9564,62.795
1929,45.709094,3.617722,192.6635,494.4,0.1099,0.6257,12.2417,9.2188,73.9861,62.803
1930,45.70827,3.618238,192.7635,487.1,0.1103,0.6277,12.2395,9.2156,74.0158,62.8109
1931,45.707446,3.618755,192.8635,474.1,0.1106,0.6297,12.2373,9.2125,74.0455,62.8188
1932,45.706622,3.619272,192.9635,457.0,0.111,0.6317,12.2352,9.2093,74.0752,62.8267
1933,45.705798,3.619789,193.0635,442.5,0.1114,0.6337,12.233,9.2061,74.1049,62.8346
1934,45.704975,3.620306,193.1634,453.4,0.1117,0.6356,12.2308,9.203,74.1346,62.8426
1935,45.704151,3.620823,193.2634,463.3,0.1121,0.6376,12.2286,9.1998,74.1643,62.8505
1936,45.703327,3.62134,193.3634,477.1,0.1125,0.6396,12.2264,9.1966,74.194,62.8584
1937,45.702503,3.621857,193.4634,487.6,0.1129,0.6416,12.2243,9.1935,74.2237,62.8663
1938,45.70168,3.622374,193.5633,501.8,0.1132,0.6436,12.2221,9.1903,74.2534,62.8742
1939,45.700856,3.622891,193.6633,505.4,0.1136,0.6455,12.2199,9.1871,74.2831,62.8822
1940,45.700032,3.623408,193.7633,502.3,0.114,0.6475,12.2177,9.184,74.3128,62.8901
1941,45.699208,3.623925,193.8633,504.4,0.1143,0.6495,12.2156,9.1808,74.3425,62.898
1942,45.698384,3.624441,193.9633,503.4,0.1147,0.6515,12.2134,9.1776,74.3722,62.9059
1943,45.697561,3.624958,194.0632,504.6,0.1151,0.6535,12.2112,9.1745,74.4019,62.9138
1944,45.696737,3.625475,194.1632,514.1,0.1154,0.6554,12.209,9.1713,74.4316,62.9218
1945,45.695913,3.625992,194.2632,527.4,0.1158,0.6574,12.2068,9.1681,74.4613,62.9297
1946,45.695089,3.626509,194.3632,539.6,0.1162,0.6594,12.2047,9.165,74.491,62.9376
1947,45.694266,3.627026,194.4631,549.8,0.1165,0.6614,12.2025,9.1618,74.5207,62.9455
1948,45.693442,3.627543,194.5631,556.7,0.1169,0.6634,12.2003,9.1586,74.5504,62.9534
1949,45.692618,3.62806,194.6631,562.2,0.1173,0.6653,12.1981,9.1555,74.5801,62.9614
1950,45.691794,3.628577,194.7631,563.3,0.1177,0.6673,12.1959,9.1523,74.6098,62.9693
1951,45.69097,3.629094,194.8631,566.3,0.118,0.6693,12.1938,9.1491,74.6395,62.9772
1952,45.690147,3.629611,194.963,574.5,0.1184,0.6713,12.1916,9.146,74.6692,62.9851
1953,45.689323,3.630128,195.063,588.6,0.1188,0.6733,12.1894,9.1428,74.6989,62.993
1954,45.688499,3.630645,195.163,598.0,0.1191,0.6752,12.1872,9.1396,74.7286,63.001
1955,45.687675,3.631161,195.263,603.5,0.1195,0.6772,12.1851,9.1365,74.7583,63.0089
1956,45.686852,3.631678,195.3629,603.0,0.1199,0.6792,12.1829,9.1333,74.7879,63.0168
1957,45.686028,3.632195,195.4629,601.4,0.1202,0.6812,12.1807,9.1301,74.8177,63.0247
1958,45.685204,3.632712,195.5629,600.9,0.1206,0.6832,12.1785,9.1269,74.8474,63.0326
1959,45.68438,3.633229,195.6629,600.4,0.121,0.6851,12.1763,9.1238,74.8771,63.0405
1960,45.683556,3.633746,195.7629,594.1,0.1213,0.6871,12.1742,9.1206,74.9068,63.0485
1961,45.682733,3.634263,195.8628,580.0,0.1217,0.6891,12.172,9.1174,74.9364,63.0564
1962,45.681909,3.63478,195.9628,558.2,0.1221,0.6911,12.1698,9.1143,74.9661,63.0643
1963,45.681085,3.635297,196.0628,541.1,0.1225,0.6931,12.1676,9.1111,74.9959,63.0722
1964,45.680261,3.635814,196.1628,524.0,0.1228,0.695,12.1655,9.1079,75.0256,63.0801
1965,45.679438,3.636331,196.2627,506.8,0.1232,0.697,12.1633,9.1048,75.0552,63.0881
1966,45.678614,3.636848,196.3627,491.5,0.1236,0.699,12.1611,9.1016,75.0849,63.096
1967,45.67779,3.637365,196.4627,469.0,0.1239,0.701,12.1589,9.0984,75.1146,63.1039
1968,45.676966,3.637881,196.5627,455.3,0.1243,0.703,12.1567,9.0953,75.1444,63.1118
1969,45.676142,3.638398,196.6627,461.3,0.1247,0.7049,12.1546,9.0921,75.1741,63.1197
1970,45.675319,3.638915,196.7626,477.0,0.125,0.7069,12.1524,9.0889,75.2037,63.1277
1971,45.674495,3.639432,196.8626,480.3,0.1254,0.7089,12.1502,9.0858,75.2334,63.1356
1972,45.673671,3.639949,196.9626,475.4,0.1258,0.7109,12.148,9.0826,75.2631,63.1435
1973,45.672847,3.640466,197.0626,469.7,0.1261,0.7129,12.1459,9.0794,75.2928,63.1514
1974,45.672024,3.640983,197.1625,469.6,0.1265,0.7148,12.1437,9.0763,75.3225,63.1593
1975,45.6712,3.6415,197.2625,460.9,0.1269,0.7168,12.1415,9.0731,75.3522,63.1673
1976,45.670376,3.642017,197.3625,449.2,0.1273,0.7188,12.1393,9.0699,75.3819,63.1752
1977,45.669552,3.642534,197.4625,472.4,0.1276,0.7208,12.1371,9.0668,75.4116,63.1831
1978,45.668728,3.643051,197.5625,467.3,0.128,0.7228,12.135,9.0636,75.4413,63.191
1979,45.667905,3.643568,197.6624,453.9,0.1284,0.7247,12.1328,9.0604,75.471,63.1989
1980,45.667081,3.644085,197.7624,454.4,0.1287,0.7267,12.1306,9.0573,75.5007,63.2069
1981,45.666257,3.644601,197.8624,459.0,0.1291,0.7287,12.1284,9.0541,75.5304,63.2148
1982,45.665433,3.645118,197.9624,464.5,0.1295,0.7307,12.1263,9.0509,75.5601,63.2227
1983,45.664609,3.645635,198.0624,477.9,0.1298,0.7327,12.1241,9.0478,75.5898,63.2306
1984,45.663786,3.646152,198.1623,489.9,0.1302,0.7346,12.1219,9.0446,75.6195,63.2385
1985,45.662962,3.646669,198.2623,493.0,0.1306,0.7366,12.1197,9.0414,75.6492,63.2465
1986,45.662138,3.647186,198.3623,496.8,0.1309,0.7386,12.1175,9.0382,75.6789,63.2544
1987,45.661314,3.647703,198.4623,506.0,0.1313,0.7406,12.1154,9.0351,75.7086,63.2623
1988,45.660491,3.64822,198.5622,508.7,0.1317,0.7426,12.1132,9.0319,75.7383,63.2702
1989,45.659667,3.648737,198.6622,512.0,0.1321,0.7445,12.111,9.0287,75.768,63.2781
1990,45.658843,3.649254,198.7622,525.4,0.1324,0.7465,12.1088,9.0256,75.7977,63.2861
1991,45.658019,3.649771,198.8622,549.0,0.1328,0.7485,12.1067,9.0224,75.8274,63.294
1992,45.657195,3.650288,198.9622,573.0,0.1332,0.7505,12.1045,9.0192,75.8571,63.3019
1993,45.656372,3.650804,199.0621,597.3,0.1335,0.7525,12.1023,9.0161,75.8868,63.3098
1994,45.655548,3.651321,199.1621,622.0,0.1339,0.7544,12.1001,9.0129,75.9165,63.3177
1995,45.654724,3.651838,199.2621,636.5,0.1343,0.7564,12.0979,9.0097,75.9462,63.3257
1996,45.6539,3.652355,199.3621,628.8,0.1346,0.7584,12.0958,9.0066,75.9759,63.3336
1997,45.653077,3.652872,199.462,633.6,0.135,0.7604,12.0936,9.0034,76.0056,63.3415
1998,45.652253,3.653389,199.562,642.7,0.1354,0.7624,12.0914,9.0002,76.0353,63.3494
1999,45.651429,3.653906,199.662,633.0,0.1357,0.7643,12.0892,8.9971,76.065,63.3573
2000,45.650605,3.654423,199.762,623.1,0.1361,0.7663,12.0871,8.9939,76.0947,63.3653
2001,45.649781,3.65494,199.862,632.0,0.1365,0.7683,12.0849,8.9907,76.1244,63.3732
2002,45.648958,3.655457,199.9619,637.6,0.1369,0.7703,12.0827,8.9876,76.1541,63.3811
2003,45.648134,3.655974,200.062,620.4,0.1372,0.7723,12.0805,8.9844,76.1838,63.389
2004,45.64731,3.656491,200.1621,605.6,0.1376,0.7742,12.0783,8.9812,76.2136,63.397
2005,45.646486,3.657008,200.2622,615.7,0.138,0.7762,12.0762,8.978,76.2433,63.4049
2006,45.645663,3.657524,200.3621,613.6,0.1383,0.7782,12.074,8.9749,76.273,63.4128
2007,45.644839,3.658041,200.4622,593.6,0.1387,0.7802,12.0718,8.9717,76.3027,63.4207
2008,45.644015,3.658558,200.5623,577.4,0.1391,0.7822,12.0696,8.9685,76.3324,63.4287
2009,45.643191,3.659075,200.6624,576.8,0.1394,0.7841,12.0674,8.9654,76.3622,63.4366
2010,45.642367,3.659592,200.7625,583.1,0.1398,0.7861,12.0653,8.9622,76.3919,63.4445
2011,45.641544,3.660109,200.8625,583.3,0.1402,0.7881,12.0631,8.959,76.4216,63.4524
2012,45.64072,3.660626,200.9626,574.2,0.1406,0.7901,12.0609,8.9559,76.4514,63.4604
2013,45.639896,3.661143,201.0627,569.8,0.1409,0.7921,12.0587,8.9527,76.4811,63.4683
2014,45.639072,3.66166,201.1628,582.3,0.1413,0.7941,12.0565,8.9495,76.5108,63.4762
2015,45.638249,3.662177,201.2628,584.7,0.1417,0.796,12.0544,8.9463,76.5405,63.4841
2016,45.637425,3.662694,201.3629,577.0,0.142,0.798,12.0522,8.9432,76.5703,63.4921
2017,45.636601,3.663211,201.463,574.0,0.1424,0.8,12.05,8.94,76.6,63.5
2018,45.635777,3.663728,201.5631,576.8,0.1422,0.799,12.054,8.9414,76.586,63.499
2019,45.634953,3.664244,201.6631,564.9,0.1419,0.798,12.058,8.9428,76.572,63.498
2020,45.63413,3.664761,201.7631,532.0,0.1417,0.797,12.062,8.9442,76.558,63.497
2021,45.633306,3.665278,201.8632,541.0,0.1415,0.796,12.066,8.9456,76.544,63.496
2022,45.632482,3.665795,201.9633,585.7,0.1413,0.795,12.07,8.947,76.53,63.495
2023,45.631658,3.666312,202.0634,627.8,0.141,0.794,12.074,8.9484,76.516,63.494
2024,45.630835,3.666829,202.1634,645.4,0.1408,0.793,12.078,8.9498,76.502,63.493
2025,45.630011,3.667346,202.2635,657.5,0.1406,0.792,12.082,8.9512,76.488,63.492
2026,45.629187,3.667863,202.3636,678.9,0.1403,0.791,12.086,8.9526,76.474,63.491
2027,45.628363,3.66838,202.4637,706.2,0.1401,0.79,12.09,8.954,76.46,63.49
2028,45.627539,3.668897,202.5638,722.4,0.1399,0.789,12.094,8.9554,76.446,63.489
2029,45.626716,3.669414,202.6638,730.2,0.1396,0.788,12.098,8.9568,76.432,63.488
2030,45.625892,3.669931,202.7639,739.3,0.1394,0.787,12.102,8.9582,76.418,63.487
2031,45.625068,3.670447,202.8639,737.9,0.1392,0.786,12.106,8.9596,76.404,63.486
2032,45.624244,3.670964,202.964,727.5,0.139,0.785,12.11,8.961,76.39,63.485
2033,45.623421,3.671481,203.064,714.2,0.1387,0.784,12.114,8.9624,76.376,63.484
2034,45.622597,3.671998,203.1641,714.2,0.1385,0.783,12.118,8.9638,76.362,63.483
2035,45.621773,3.672515,203.2642,716.3,0.1383,0.782,12.122,8.9652,76.348,63.482
2036,45.620949,3.673032,203.3643,723.2,0.138,0.781,12.126,8.9666,76.334,63.481
2037,45.620125,3.673549,203.4644,729.2,0.1378,0.78,12.13,8.968,76.32,63.48
2038,45.619302,3.674066,203.5644,729.1,0.1376,0.779,12.134,8.9694,76.306,63.479
2039,45.618478,3.674583,203.6645,723.8,0.1373,0.778,12.138,8.9708,76.292,63.478
2040,45.617654,3.6751,203.7646,723.6,0.1371,0.777,12.142,8.9722,76.278,63.477
2041,45.61683,3.675617,203.8647,731.0,0.1369,0.776,12.146,8.9736,76.264,63.476
2042,45.616007,3.676134,203.9647,738.4,0.1367,0.775,12.15,8.975,76.25,63.475
2043,45.615183,3.676651,204.0648,747.9,0.1364,0.774,12.154,8.9764,76.236,63.474
2044,45.614359,3.677167,204.1648,759.0,0.1362,0.773,12.158,8.9778,76.222,63.473
2045,45.613535,3.677684,204.2649,768.9,0.136,0.772,12.162,8.9792,76.208,63.472
2046,45.612711,3.678201,204.365,784.5,0.1357,0.771,12.166,8.9806,76.194,63.471
2047,45.611888,3.678718,204.465,795.3,0.1355,0.77,12.17,8.982,76.18,63.47
2048,45.611064,3.679235,204.5651,809.1,0.1353,0.769,12.174,8.9834,76.166,63.469
2049,45.61024,3.679752,204.6652,818.9,0.135,0.768,12.178,8.9848,76.152,63.468
2050,45.609416,3.680269,204.7653,829.1,0.1348,0.767,12.182,8.9862,76.138,63.467
2051,45.608592,3.680786,204.8654,838.8,0.1346,0.766,12.186,8.9876,76.124,63.466
2052,45.607769,3.681303,204.9654,835.4,0.1344,0.765,12.19,8.989,76.11,63.465
2053,45.606945,3.68182,205.0655,828.7,0.1341,0.764,12.194,8.9904,76.096,63.464
2054,45.606121,3.682337,205.1656,837.4,0.1339,0.763,12.198,8.9918,76.082,63.463
2055,45.605297,3.682854,205.2657,841.1,0.1337,0.762,12.202,8.9932,76.068,63.462
2056,45.604474,3.683371,205.3657,838.5,0.1334,0.761,12.206,8.9946,76.054,63.461
2057,45.60365,3.683887,205.4657,818.5,0.1332,0.76,12.21,8.996,76.04,63.46
2058,45.602826,3.684404,205.5658,790.8,0.133,0.759,12.214,8.9974,76.026,63.459
2059,45.602002,3.684921,205.6659,785.4,0.1327,0.758,12.218,8.9988,76.012,63.458
2060,45.601178,3.685438,205.766,763.9,0.1325,0.757,12.222,9.0002,75.998,63.457
2061,45.600355,3.685955,205.866,743.4,0.1323,0.756,12.226,9.0016,75.984,63.456
2062,45.599531,3.686472,205.9661,731.9,0.1321,0.755,12.23,9.003,75.97,63.455
2063,45.598707,3.686989,206.0662,722.0,0.1318,0.754,12.234,9.0044,75.956,63.454
2064,45.597883,3.687506,206.1663,716.8,0.1316,0.753,12.238,9.0058,75.942,63.453
2065,45.59706,3.688023,206.2663,711.0,0.1314,0.752,12.242,9.0072,75.928,63.452
2066,45.596236,3.68854,206.3664,706.1,0.1311,0.751,12.246,9.0086,75.914,63.451
2067,45.595412,3.689057,206.4665,707.5,0.1309,0.75,12.25,9.01,75.9,63.45
2068,45.594588,3.689574,206.5666,713.8,0.1307,0.749,12.254,9.0114,75.886,63.449
2069,45.593764,3.690091,206.6667,724.4,0.1304,0.748,12.258,9.0128,75.872,63.448
2070,45.592941,3.690607,206.7666,737.5,0.1302,0.747,12.262,9.0142,75.858,63.447
2071,45.592117,3.691124,206.8667,760.8,0.13,0.746,12.266,9.0156,75.844,63.446
2072,45.591293,3.691641,206.9668,783.4,0.1298,0.745,12.27,9.017,75.83,63.445
2073,45.590469,3.692158,207.0669,789.2,0.1295,0.744,12.274,9.0184,75.816,63.444
2074,45.589646,3.692675,207.1669,792.6,0.1293,0.743,12.278,9.0198,75.802,63.443
2075,45.588822,3.693192,207.267,788.6,0.1291,0.742,12.282,9.0212,75.788,63.442
2076,45.587998,3.693709,207.3671,777.0,0.1288,0.741,12.286,9.0226,75.774,63.441
2077,45.587174,3.694226,207.4672,762.5,0.1286,0.74,12.29,9.024,75.76,63.44
2078,45.58635,3.694743,207.5673,769.2,0.1284,0.739,12.294,9.0254,75.746,63.439
2079,45.585527,3.69526,207.6673,773.3,0.1281,0.738,12.298,9.0268,75.732,63.438
2080,45.584703,3.695777,207.7674,767.8,0.1279,0.737,12.302,9.0282,75.718,63.437
2081,45.583879,3.696294,207.8675,755.0,0.1277,0.736,12.306,9.0296,75.704,63.436
2082,45.583055,3.69681,207.9675,739.2,0.1275,0.735,12.31,9.031,75.69,63.435
2083,45.582232,3.697327,208.0675,725.1,0.1272,0.734,12.314,9.0324,75.676,63.434
2084,45.581408,3.697844,208.1676,710.9,0.127,0.733,12.318,9.0338,75.662,63.433
2085,45.580584,3.698361,208.2677,700.8,0.1268,0.732,12.322,9.0352,75.648,63.432
2086,45.57976,3.698878,208.3678,704.6,0.1265,0.731,12.326,9.0366,75.634,63.431
2087,45.578936,3.699395,208.4679,706.9,0.1263,0.73,12.33,9.038,75.62,63.43
2088,45.578113,3.699912,208.5679,701.9,0.1261,0.729,12.334,9.0394,75.606,63.429
2089,45.577289,3.700429,208.668,699.7,0.1258,0.728,12.338,9.0408,75.592,63.428
2090,45.576465,3.700946,208.7681,706.4,0.1256,0.727,12.342,9.0422,75.578,63.427
2091,45.575641,3.701463,208.8682,706.7,0.1254,0.726,12.346,9.0436,75.564,63.426
2092,45.574818,3.70198,208.9682,703.5,0.1252,0.725,12.35,9.045,75.55,63.425
2093,45.573994,3.702497,209.0683,695.2,0.1249,0.724,12.354,9.0464,75.536,63.424
2094,45.57317,3.703014,209.1684,689.0,0.1247,0.723,12.358,9.0478,75.522,63.423
2095,45.572346,3.70353,209.2684,695.9,0.1245,0.722,12.362,9.0492,75.508,63.422
2096,45.571522,3.704047,209.3685,707.0,0.1242,0.721,12.366,9.0506,75.494,63.421
2097,45.570699,3.704564,209.4685,708.3,0.124,0.72,12.37,9.052,75.48,63.42
2098,45.569875,3.705081,209.5686,702.4,0.1238,0.719,12.374,9.0534,75.466,63.419
2099,45.569051,3.705598,209.6687,690.6,0.1235,0.718,12.378,9.0548,75.452,63.418
2100,45.568227,3.706115,209.7688,682.2,0.1233,0.717,12.382,9.0562,75.438,63.417
2101,45.567404,3.706632,209.8688,687.3,0.1231,0.716,12.386,9.0576,75.424,63.416
2102,45.56658,3.707149,209.9689,684.6,0.1229,0.715,12.39,9.059,75.41,63.415
2103,45.565756,3.707666,210.069,674.8,0.1226,0.714,12.394,9.0604,75.396,63.414
2104,45.564932,3.708183,210.1691,663.9,0.1224,0.713,12.398,9.0618,75.382,63.413
2105,45.564108,3.7087,210.2692,653.2,0.1222,0.712,12.402,9.0632,75.368,63.412
2106,45.563285,3.709217,210.3692,646.9,0.1219,0.711,12.406,9.0646,75.354,63.411
2107,45.562461,3.709734,210.4693,643.7,0.1217,0.71,12.41,9.066,75.34,63.41
2108,45.561637,3.71025,210.5693,638.8,0.1215,0.709,12.414,9.0674,75.326,63.409
2109,45.560813,3.710767,210.6694,635.6,0.1212,0.708,12.418,9.0688,75.312,63.408
2110,45.55999,3.711284,210.7694,630.7,0.121,0.707,12.422,9.0702,75.298,63.407
2111,45.559166,3.711801,210.8695,621.4,0.1208,0.706,12.426,9.0716,75.284,63.406
2112,45.558342,3.712318,210.9696,614.6,0.1206,0.705,12.43,9.073,75.27,63.405
2113,45.557518,3.712835,211.0697,615.0,0.1203,0.704,12.434,9.0744,75.256,63.404
2114,45.556694,3.713352,211.1698,611.0,0.1201,0.703,12.438,9.0758,75.242,63.403
2115,45.555871,3.713869,211.2698,597.7,0.1199,0.702,12.442,9.0772,75.228,63.402
2116,45.555047,3.714386,211.3699,581.1,0.1196,0.701,12.446,9.0786,75.214,63.401
2117,45.554223,3.714903,211.47,594.5,0.1194,0.7,12.45,9.08,75.2,63.4
2118,45.553399,3.71542,211.5701,604.2,0.1194,0.7,12.4525,9.08,75.2,63.4
2119,45.552575,3.715937,211.6702,604.1,0.1194,0.7,12.455,9.08,75.2,63.4
2120,45.551752,3.716453,211.7701,608.0,0.1194,0.7,12.4574,9.08,75.2,63.4
2121,45.550928,3.71697,211.8702,606.8,0.1194,0.7,12.4599,9.08,75.2,63.4
2122,45.550104,3.717487,211.9703,598.7,0.1194,0.7,12.4624,9.08,75.2,63.4
2123,45.54928,3.718004,212.0704,588.5,0.1194,0.7,12.4649,9.08,75.2,63.4
2124,45.548457,3.718521,212.1704,591.2,0.1194,0.7,12.4673,9.08,75.2,63.4
2125,45.547633,3.719038,212.2705,599.4,0.1194,0.7,12.4698,9.08,75.2,63.4
2126,45.546809,3.719555,212.3706,605.6,0.1194,0.7,12.4723,9.08,75.2,63.4
2127,45.545985,3.720072,212.4707,612.6,0.1194,0.7,12.4748,9.08,75.2,63.4
2128,45.545161,3.720589,212.5708,605.3,0.1194,0.7,12.4773,9.08,75.2,63.4
2129,45.544338,3.721106,212.6708,594.5,0.1194,0.7,12.4797,9.08,75.2,63.4
2130,45.543514,3.721623,212.7709,591.3,0.1194,0.7,12.4822,9.08,75.2,63.4
2131,45.54269,3.72214,212.871,587.3,0.1194,0.7,12.4847,9.08,75.2,63.4
2132,45.541866,3.722657,212.9711,571.0,0.1194,0.7,12.4872,9.08,75.2,63.4
2133,45.541043,3.723173,213.071,551.0,0.1194,0.7,12.4896,9.08,75.2,63.4
2134,45.540219,3.72369,213.1711,543.1,0.1194,0.7,12.4921,9.08,75.2,63.4
2135,45.539395,3.724207,213.2712,542.7,0.1194,0.7,12.4946,9.08,75.2,63.4
2136,45.538571,3.724724,213.3713,541.3,0.1194,0.7,12.4971,9.08,75.2,63.4
2137,45.537747,3.725241,213.4714,537.9,0.1194,0.7,12.4995,9.08,75.2,63.4
2138,45.536924,3.725758,213.5714,533.9,0.1194,0.7,12.502,9.08,75.2,63.4
2139,45.5361,3.726275,213.6715,533.9,0.1194,0.7,12.5045,9.08,75.2,63.4
2140,45.535276,3.726792,213.7716,535.9,0.1194,0.7,12.507,9.08,75.2,63.4
2141,45.534452,3.727309,213.8717,535.1,0.1194,0.7,12.5095,9.08,75.2,63.4
2142,45.533629,3.727826,213.9717,533.8,0.1194,0.7,12.5119,9.08,75.2,63.4
2143,45.532805,3.728343,214.0718,531.5,0.1194,0.7,12.5144,9.08,75.2,63.4
2144,45.531981,3.72886,214.1719,529.6,0.1194,0.7,12.5169,9.08,75.2,63.4
2145,45.531157,3.729377,214.272,530.8,0.1194,0.7,12.5194,9.08,75.2,63.4
2146,45.530333,3.729893,214.3721,533.7,0.1194,0.7,12.5218,9.08,75.2,63.4
2147,45.52951,3.73041,214.4721,535.9,0.1194,0.7,12.5243,9.08,75.2,63.4
2148,45.528686,3.730927,214.5722,530.3,0.1194,0.7,12.5268,9.08,75.2,63.4
2149,45.527862,3.731444,214.6723,529.3,0.1194,0.7,12.5293,9.08,75.2,63.4
2150,45.527038,3.731961,214.7724,528.3,0.1194,0.7,12.5318,9.08,75.2,63.4
2151,45.526215,3.732478,214.8724,529.6,0.1194,0.7,12.5342,9.08,75.2,63.4
2152,45.525391,3.732995,214.9725,530.6,0.1194,0.7,12.5367,9.08,75.2,63.4
2153,45.524567,3.733512,215.0726,533.4,0.1194,0.7,12.5392,9.08,75.2,63.4
2154,45.523754,3.733882,215.1675,531.0,0.1194,0.7,12.5415,9.08,75.2,63.4
2155,45.523025,3.733131,215.2675,533.2,0.1194,0.7,12.544,9.08,75.2,63.4
2156,45.522295,3.732381,215.3675,533.5,0.1194,0.7,12.5465,9.08,75.2,63.4
2157,45.521566,3.73163,215.4675,533.3,0.1194,0.7,12.549,9.08,75.2,63.4
2158,45.520836,3.730879,215.5676,531.8,0.1194,0.7,12.5514,9.08,75.2,63.4
2159,45.520106,3.730129,215.6676,529.9,0.1194,0.7,12.5539,9.08,75.2,63.4
2160,45.519377,3.729378,215.7676,530.2,0.1194,0.7,12.5564,9.08,75.2,63.4
2161,45.518647,3.728628,215.8676,531.7,0.1194,0.7,12.5589,9.08,75.2,63.4
2162,45.517918,3.727877,215.9676,533.1,0.1194,0.7,12.5613,9.08,75.2,63.4
2163,45.517182,3.727144,216.0674,532.7,0.1194,0.7,12.5638,9.08,75.2,63.4
2164,45.516362,3.726619,216.1673,534.6,0.1194,0.7,12.5663,9.08,75.2,63.4
2165,45.515492,3.726311,216.267,535.0,0.1194,0.7,12.5688,9.08,75.2,63.4
2166,45.514597,3.726191,216.367,535.8,0.1194,0.7,12.5712,9.08,75.2,63.4
2167,45.513698,3.726148,216.467,534.5,0.1194,0.7,12.5737,9.08,75.2,63.4
2168,45.512799,3.726115,216.567,533.2,0.1194,0.7,12.5762,9.08,75.2,63.4
2169,45.5119,3.726083,216.667,533.2,0.1194,0.7,12.5787,9.08,75.2,63.4
2170,45.511001,3.72605,216.767,534.1,0.1194,0.7,12.5811,9.08,75.2,63.4
2171,45.510102,3.726001,216.867,535.4,0.1194,0.7,12.5836,9.08,75.2,63.4
2172,45.509204,3.725939,216.967,536.4,0.1194,0.7,12.5861,9.08,75.2,63.4
2173,45.508306,3.725878,217.067,536.5,0.1194,0.7,12.5886,9.08,75.2,63.4
2174,45.507407,3.725816,217.1671,536.9,0.1194,0.7,12.591,9.08,75.2,63.4
2175,45.506509,3.725755,217.2671,537.7,0.1194,0.7,12.5935,9.08,75.2,63.4
2176,45.505611,3.725693,217.3671,538.9,0.1194,0.7,12.596,9.08,75.2,63.4
2177,45.504713,3.725632,217.4671,538.3,0.1194,0.7,12.5985,9.08,75.2,63.4
2178,45.503814,3.72557,217.5672,539.6,0.1194,0.7,12.6009,9.08,75.2,63.4
2179,45.502916,3.725509,217.6672,538.0,0.1194,0.7,12.6034,9.08,75.2,63.4
2180,45.502018,3.725447,217.7672,538.0,0.1194,0.7,12.6059,9.08,75.2,63.4
2181,45.50112,3.725386,217.8672,539.0,0.1194,0.7,12.6084,9.08,75.2,63.4
2182,45.500221,3.725324,217.9673,539.1,0.1194,0.7,12.6109,9.08,75.2,63.4
2183,45.499323,3.725263,218.0673,539.7,0.1194,0.7,12.6133,9.08,75.2,63.4
2184,45.498425,3.725201,218.1673,540.3,0.1194,0.7,12.6158,9.08,75.2,63.4
2185,45.497526,3.72514,218.2674,539.6,0.1194,0.7,12.6183,9.08,75.2,63.4
2186,45.496628,3.725078,218.3674,539.3,0.1194,0.7,12.6208,9.08,75.2,63.4
2187,45.49573,3.725017,218.4674,539.9,0.1194,0.7,12.6232,9.08,75.2,63.4
2188,45.494832,3.724955,218.5674,538.8,0.1194,0.7,12.6257,9.08,75.2,63.4
2189,45.493933,3.724894,218.6675,541.0,0.1194,0.7,12.6282,9.08,75.2,63.4
2190,45.493035,3.724832,218.7675,541.1,0.1194,0.7,12.6307,9.08,75.2,63.4
2191,45.492137,3.724771,218.8675,541.2,0.1194,0.7,12.6331,9.08,75.2,63.4
2192,45.491238,3.724709,218.9676,541.8,0.1194,0.7,12.6356,9.08,75.2,63.4
2193,45.49034,3.724647,219.0676,541.9,0.1194,0.7,12.6381,9.08,75.2,63.4
2194,45.489442,3.724586,219.1676,542.6,0.1194,0.7,12.6406,9.08,75.2,63.4
2195,45.488544,3.724524,219.2676,543.4,0.1194,0.7,12.643,9.08,75.2,63.4
2196,45.487645,3.724463,219.3677,544.5,0.1194,0.7,12.6455,9.08,75.2,63.4
2197,45.486747,3.724401,219.4677,544.5,0.1194,0.7,12.648,9.08,75.2,63.4
2198,45.485849,3.72434,219.5677,544.4,0.1194,0.7,12.6505,9.08,75.2,63.4
2199,45.48495,3.724278,219.6678,546.9,0.1194,0.7,12.653,9.08,75.2,63.4
2200,45.484052,3.724217,219.7678,548.3,0.1194,0.7,12.6554,9.08,75.2,63.4
2201,45.483154,3.724155,219.8678,548.7,0.1194,0.7,12.6579,9.08,75.2,63.4
2202,45.482256,3.724094,219.9678,549.4,0.1194,0.7,12.6604,9.08,75.2,63.4
2203,45.481357,3.724032,220.0679,549.7,0.1194,0.7,12.6629,9.08,75.2,63.4
2204,45.480459,3.723971,220.1679,547.9,0.1194,0.7,12.6653,9.08,75.2,63.4
2205,45.479561,3.723909,220.2679,547.1,0.1194,0.7,12.6678,9.08,75.2,63.4
2206,45.478662,3.723848,220.368,546.8,0.1194,0.7,12.6703,9.08,75.2,63.4
2207,45.477764,3.723786,220.468,546.7,0.1194,0.7,12.6728,9.08,75.2,63.4
2208,45.476866,3.723725,220.568,546.2,0.1194,0.7,12.6752,9.08,75.2,63.4
2209,45.475968,3.723663,220.668,545.5,0.1194,0.7,12.6777,9.08,75.2,63.4
2210,45.475069,3.723602,220.7681,546.1,0.1194,0.7,12.6802,9.08,75.2,63.4
2211,45.474171,3.72354,220.8681,545.7,0.1194,0.7,12.6827,9.08,75.2,63.4
2212,45.473273,3.723479,220.9681,546.5,0.1194,0.7,12.6851,9.08,75.2,63.4
2213,45.472374,3.723417,221.0682,547.5,0.1194,0.7,12.6876,9.08,75.2,63.4
2214,45.471476,3.723356,221.1682,547.9,0.1194,0.7,12.6901,9.08,75.2,63.4
2215,45.470578,3.723294,221.2682,548.2,0.1194,0.7,12.6926,9.08,75.2,63.4
2216,45.46968,3.723233,221.3682,547.9,0.1194,0.7,12.695,9.08,75.2,63.4
2217,45.468781,3.723171,221.4683,545.6,0.1194,0.7,12.6975,9.08,75.2,63.4
2218,45.467883,3.723109,221.5683,545.3,0.1194,0.7,12.7,9.08,75.2,63.4
2219,45.466985,3.723048,221.6683,546.7,0.1194,0.7,12.6865,9.08,75.198,63.4
2220,45.466086,3.722986,221.7684,549.0,0.1194,0.7,12.673,9.08,75.196,63.4
2221,45.465188,3.722925,221.8684,546.9,0.1194,0.7,12.6595,9.08,75.194,63.4
2222,45.46429,3.722863,221.9684,546.0,0.1194,0.7,12.646,9.08,75.192,63.4
2223,45.463392,3.722802,222.0684,546.8,0.1194,0.7,12.6325,9.08,75.19,63.4
2224,45.462493,3.72274,222.1685,546.6,0.1194,0.7,12.619,9.08,75.188,63.4
2225,45.461595,3.722679,222.2685,547.1,0.1194,0.7,12.6055,9.08,75.186,63.4
2226,45.460697,3.722617,222.3685,548.2,0.1194,0.7,12.592,9.08,75.184,63.4
2227,45.459798,3.722556,222.4686,549.4,0.1194,0.7,12.5785,9.08,75.182,63.4
2228,45.4589,3.722494,222.5686,551.2,0.1194,0.7,12.565,9.08,75.18,63.4
2229,45.458002,3.722433,222.6686,553.9,0.1194,0.7,12.5515,9.08,75.178,63.4
2230,45.457104,3.722371,222.7686,554.2,0.1194,0.7,12.538,9.08,75.176,63.4
2231,45.456205,3.72231,222.8687,553.8,0.1194,0.7,12.5245,9.08,75.174,63.4
2232,45.455307,3.722248,222.9687,553.2,0.1194,0.7,12.511,9.08,75.172,63.4
2233,45.454409,3.722187,223.0687,552.7,0.1194,0.7,12.4975,9.08,75.17,63.4
2234,45.45351,3.722125,223.1688,553.0,0.1194,0.7,12.484,9.08,75.168,63.4
2235,45.452612,3.722064,223.2688,554.3,0.1194,0.7,12.4705,9.08,75.166,63.4
2236,45.451714,3.722002,223.3688,556.4,0.1194,0.7,12.457,9.08,75.164,63.4
2237,45.450816,3.721941,223.4688,557.5,0.1194,0.7,12.4435,9.08,75.162,63.4
2238,45.449917,3.721879,223.5689,557.5,0.1194,0.7,12.43,9.08,75.16,63.4
2239,45.449019,3.721818,223.6689,558.3,0.1194,0.7,12.4165,9.08,75.158,63.4
2240,45.448121,3.721756,223.7689,560.3,0.1194,0.7,12.403,9.08,75.156,63.4
2241,45.447223,3.721695,223.8689,562.6,0.1194,0.7,12.3895,9.08,75.154,63.4
2242,45.446324,3.721633,223.969,563.9,0.1194,0.7,12.376,9.08,75.152,63.4
2243,45.445426,3.721571,224.069,567.5,0.1194,0.7,12.3625,9.08,75.15,63.4
2244,45.444528,3.72151,224.169,567.2,0.1194,0.7,12.349,9.08,75.148,63.4
2245,45.443629,3.721448,224.2691,565.7,0.1194,0.7,12.3355,9.08,75.146,63.4
2246,45.442731,3.721387,224.3691,565.8,0.1194,0.7,12.322,9.08,75.144,63.4
2247,45.441833,3.721325,224.4691,567.5,0.1194,0.7,12.3085,9.08,75.142,63.4
2248,45.440935,3.721264,224.5691,572.4,0.1194,0.7,12.295,9.08,75.14,63.4
2249,45.440036,3.721202,224.6692,579.9,0.1194,0.7,12.2815,9.08,75.138,63.4
2250,45.439138,3.721141,224.7692,585.0,0.1194,0.7,12.268,9.08,75.136,63.4
2251,45.43824,3.721079,224.8692,588.3,0.1194,0.7,12.2545,9.08,75.134,63.4
2252,45.437341,3.721018,224.9693,588.3,0.1194,0.7,12.241,9.08,75.132,63.4
2253,45.436443,3.720956,225.0693,586.3,0.1194,0.7,12.2275,9.08,75.13,63.4
2254,45.435545,3.720895,225.1693,585.7,0.1194,0.7,12.214,9.08,75.128,63.4
2255,45.434647,3.720833,225.2693,586.9,0.1194,0.7,12.2005,9.08,75.126,63.4
2256,45.433748,3.720772,225.3694,589.9,0.1194,0.7,12.187,9.08,75.124,63.4
2257,45.43285,3.72071,225.4694,591.2,0.1194,0.7,12.1735,9.08,75.122,63.4
2258,45.431952,3.720649,225.5694,592.2,0.1194,0.7,12.16,9.08,75.12,63.4
2259,45.431053,3.720587,225.6695,591.0,0.1194,0.7,12.1465,9.08,75.118,63.4
2260,45.430155,3.720526,225.7695,588.0,0.1194,0.7,12.133,9.08,75.116,63.4
2261,45.429257,3.720464,225.8695,584.2,0.1194,0.7,12.1195,9.08,75.114,63.4
2262,45.428359,3.720403,225.9695,580.0,0.1194,0.7,12.106,9.08,75.112,63.4
2263,45.42746,3.720341,226.0696,581.2,0.1194,0.7,12.0925,9.08,75.11,63.4
2264,45.426562,3.72028,226.1696,586.0,0.1194,0.7,12.079,9.08,75.108,63.4
2265,45.425664,3.720218,226.2696,588.5,0.1194,0.7,12.0655,9.08,75.106,63.4
2266,45.424765,3.720156,226.3697,586.3,0.1194,0.7,12.052,9.08,75.104,63.4
2267,45.423867,3.720095,226.4697,585.0,0.1194,0.7,12.0385,9.08,75.102,63.4
2268,45.422969,3.720033,226.5697,583.9,0.1194,0.7,12.025,9.08,75.1,63.4
2269,45.422071,3.719972,226.6697,579.1,0.1194,0.7,12.0115,9.08,75.098,63.4
2270,45.421172,3.71991,226.7698,577.0,0.1194,0.7,11.998,9.08,75.096,63.4
2271,45.420274,3.719849,226.8698,576.0,0.1194,0.7,11.9845,9.08,75.094,63.4
2272,45.419376,3.719787,226.9698,574.3,0.1194,0.7,11.971,9.08,75.092,63.4
2273,45.418477,3.719726,227.0699,573.4,0.1194,0.7,11.9575,9.08,75.09,63.4
2274,45.417579,3.719664,227.1699,573.1,0.1194,0.7,11.944,9.08,75.088,63.4
2275,45.416681,3.719603,227.2699,574.6,0.1194,0.7,11.9305,9.08,75.086,63.4
2276,45.415783,3.719541,227.3699,576.2,0.1194,0.7,11.917,9.08,75.084,63.4
2277,45.414884,3.71948,227.47,580.1,0.1194,0.7,11.9035,9.08,75.082,63.4
2278,45.413986,3.719418,227.57,579.1,0.1194,0.7,11.89,9.08,75.08,63.4
2279,45.413088,3.719357,227.67,578.0,0.1194,0.7,11.8765,9.08,75.078,63.4
2280,45.412189,3.719295,227.7701,579.3,0.1194,0.7,11.863,9.08,75.076,63.4
2281,45.411291,3.719234,227.8701,580.2,0.1194,0.7,11.8495,9.08,75.074,63.4
2282,45.410393,3.719172,227.9701,581.2,0.1194,0.7,11.836,9.08,75.072,63.4
2283,45.409495,3.719111,228.0701,581.7,0.1194,0.7,11.8225,9.08,75.07,63.4
2284,45.408596,3.719049,228.1702,583.0,0.1194,0.7,11.809,9.08,75.068,63.4
2285,45.407698,3.718988,228.2702,586.0,0.1194,0.7,11.7955,9.08,75.066,63.4
2286,45.4068,3.718926,228.3702,589.6,0.1194,0.7,11.782,9.08,75.064,63.4
2287,45.405901,3.718865,228.4703,592.9,0.1194,0.7,11.7685,9.08,75.062,63.4
2288,45.405003,3.718803,228.5703,600.4,0.1194,0.7,11.755,9.08,75.06,63.4
2289,45.404105,3.718742,228.6703,605.4,0.1194,0.7,11.7415,9.08,75.058,63.4
2290,45.403207,3.71868,228.7703,611.6,0.1194,0.7,11.728,9.08,75.056,63.4
2291,45.402308,3.718618,228.8704,620.7,0.1194,0.7,11.7145,9.08,75.054,63.4
2292,45.40141,3.718557,228.9704,627.1,0.1194,0.7,11.701,9.08,75.052,63.4
2293,45.400512,3.718495,229.0704,630.4,0.1194,0.7,11.6875,9.08,75.05,63.4
2294,45.399613,3.718434,229.1705,635.8,0.1194,0.7,11.674,9.08,75.048,63.4
2295,45.398715,3.718372,229.2705,637.6,0.1194,0.7,11.6605,9.08,75.046,63.4
2296,45.397817,3.718311,229.3705,640.3,0.1194,0.7,11.647,9.08,75.044,63.4
2297,45.396919,3.718249,229.4705,641.6,0.1194,0.7,11.6335,9.08,75.042,63.4
2298,45.39602,3.718188,229.5706,643.6,0.1194,0.7,11.62,9.08,75.04,63.4
2299,45.395122,3.718126,229.6706,641.1,0.1194,0.7,11.6065,9.08,75.038,63.4
2300,45.394224,3.718065,229.7706,635.8,0.1194,0.7,11.593,9.08,75.036,63.4
2301,45.393325,3.718003,229.8707,644.0,0.1194,0.7,11.5795,9.08,75.034,63.4
2302,45.392427,3.717942,229.9707,653.0,0.1194,0.7,11.566,9.08,75.032,63.4
2303,45.391529,3.71788,230.0707,664.1,0.1194,0.7,11.5525,9.08,75.03,63.4
2304,45.390631,3.717819,230.1707,670.0,0.1194,0.7,11.539,9.08,75.028,63.4
2305,45.389732,3.717757,230.2708,677.0,0.1194,0.7,11.5255,9.08,75.026,63.4
2306,45.388834,3.717696,230.3708,684.2,0.1194,0.7,11.512,9.08,75.024,63.4
2307,45.387936,3.717634,230.4708,690.7,0.1194,0.7,11.4985,9.08,75.022,63.4
2308,45.387038,3.717573,230.5708,689.6,0.1194,0.7,11.485,9.08,75.02,63.4
2309,45.386139,3.717511,230.6709,685.9,0.1194,0.7,11.4715,9.08,75.018,63.4
2310,45.385241,3.71745,230.7709,693.0,0.1194,0.7,11.458,9.08,75.016,63.4
2311,45.384343,3.717388,230.8709,702.7,0.1194,0.7,11.4445,9.08,75.014,63.4
2312,45.383444,3.717327,230.971,715.5,0.1194,0.7,11.431,9.08,75.012,63.4
2313,45.382546,3.717265,231.071,723.2,0.1194,0.7,11.4175,9.08,75.01,63.4
2314,45.381648,3.717204,231.171,732.9,0.1194,0.7,11.404,9.08,75.008,63.4
2315,45.38075,3.717142,231.271,741.0,0.1194,0.7,11.3905,9.08,75.006,63.4
2316,45.379851,3.71708,231.3711,748.3,0.1194,0.7,11.377,9.08,75.004,63.4
2317,45.378953,3.717019,231.4711,748.4,0.1194,0.7,11.3635,9.08,75.002,63.4
2318,45.378055,3.716957,231.5711,753.1,0.1194,0.7,11.35,9.08,75.0,63.4
2319,45.377156,3.716896,231.6712,760.8,0.1192,0.698,11.3284,9.0882,74.98,63.39
2320,45.376258,3.716834,231.7712,763.9,0.1189,0.696,11.3068,9.0964,74.96,63.38
2321,45.37536,3.716773,231.8712,758.3,0.1187,0.694,11.2852,9.1046,74.94,63.37
2322,45.374462,3.716711,231.9712,726.4,0.1185,0.692,11.2636,9.1128,74.92,63.36
2323,45.373563,3.71665,232.0713,678.3,0.1182,0.69,11.242,9.121,74.9,63.35
2324,45.372665,3.716588,232.1713,656.6,0.118,0.688,11.2204,9.1292,74.88,63.34
2325,45.371767,3.716527,232.2713,675.3,0.1178,0.686,11.1988,9.1374,74.86,63.33
2326,45.370868,3.716465,232.3714,715.4,0.1175,0.684,11.1772,9.1456,74.84,63.32
2327,45.36997,3.716404,232.4714,756.8,0.1173,0.682,11.1556,9.1538,74.82,63.31
2328,45.369072,3.716342,232.5714,765.6,0.1171,0.68,11.134,9.162,74.8,63.3
2329,45.368174,3.716281,232.6714,771.2,0.1168,0.678,11.1124,9.1702,74.78,63.29
2330,45.367275,3.716219,232.7715,788.9,0.1166,0.676,11.0908,9.1784,74.76,63.28
2331,45.366377,3.716158,232.8715,805.4,0.1164,0.674,11.0692,9.1866,74.74,63.27
2332,45.365479,3.716096,232.9715,822.6,0.1161,0.672,11.0476,9.1948,74.72,63.26
2333,45.36458,3.716035,233.0716,834.2,0.1159,0.67,11.026,9.203,74.7,63.25
2334,45.363682,3.715973,233.1716,846.2,0.1157,0.668,11.0044,9.2112,74.68,63.24
2335,45.362784,3.715912,233.2716,846.9,0.1154,0.666,10.9828,9.2194,74.66,63.23
2336,45.361886,3.71585,233.3716,829.8,0.1152,0.664,10.9612,9.2276,74.64,63.22
2337,45.360987,3.715789,233.4717,795.6,0.115,0.662,10.9396,9.2358,74.62,63.21
2338,45.360089,3.715727,233.5717,793.1,0.1147,0.66,10.918,9.244,74.6,63.2
2339,45.359191,3.715666,233.6717,818.6,0.1145,0.658,10.8964,9.2522,74.58,63.19
2340,45.358292,3.715604,233.7718,843.0,0.1143,0.656,10.8748,9.2604,74.56,63.18
2341,45.357394,3.715542,233.8718,851.0,0.114,0.654,10.8532,9.2686,74.54,63.17
2342,45.356496,3.715481,233.9718,857.2,0.1138,0.652,10.8316,9.2768,74.52,63.16
2343,45.355598,3.715419,234.0718,869.3,0.1136,0.65,10.81,9.285,74.5,63.15
2344,45.354699,3.715358,234.1719,881.9,0.1133,0.648,10.7884,9.2932,74.48,63.14
2345,45.353801,3.715296,234.2719,893.5,0.1131,0.646,10.7668,9.3014,74.46,63.13
2346,45.352903,3.715235,234.3719,905.7,0.1128,0.644,10.7452,9.3096,74.44,63.12
2347,45.352004,3.715173,234.472,899.4,0.1126,0.642,10.7236,9.3178,74.42,63.11
2348,45.351106,3.715112,234.572,886.5,0.1124,0.64,10.702,9.326,74.4,63.1
2349,45.350208,3.71505,234.672,904.0,0.1121,0.638,10.6804,9.3342,74.38,63.09
2350,45.34931,3.714989,234.772,928.5,0.1119,0.636,10.6588,9.3424,74.36,63.08
2351,45.348411,3.714927,234.8721,935.0,0.1117,0.634,10.6372,9.3506,74.34,63.07
2352,45.347513,3.714866,234.9721,943.8,0.1114,0.632,10.6156,9.3588,74.32,63.06
2353,45.346615,3.714804,235.0721,955.1,0.1112,0.63,10.594,9.367,74.3,63.05
2354,45.345716,3.714743,235.1722,972.0,0.111,0.628,10.5724,9.3752,74.28,63.04
2355,45.344818,3.714681,235.2722,986.5,0.1107,0.626,10.5508,9.3834,74.26,63.03
2356,45.34392,3.71462,235.3722,1000.3,0.1105,0.624,10.5292,9.3916,74.24,63.02
2357,45.343022,3.714558,235.4722,1013.3,0.1103,0.622,10.5076,9.3998,74.22,63.01
2358,45.342123,3.714497,235.5723,1020.0,0.11,0.62,10.486,9.408,74.2,63.0
2359,45.341225,3.714435,235.6723,1027.0,0.1098,0.618,10.4644,9.4162,74.18,62.99
2360,45.340327,3.714374,235.7723,1034.4,0.1096,0.616,10.4428,9.4244,74.16,62.98
2361,45.339428,3.714312,235.8724,1049.4,0.1093,0.614,10.4212,9.4326,74.14,62.97
2362,45.33853,3.714251,235.9724,1051.8,0.1091,0.612,10.3996,9.4408,74.12,62.96
2363,45.337632,3.714189,236.0724,1051.1,0.1089,0.61,10.378,9.449,74.1,62.95
2364,45.336734,3.714127,236.1724,1058.3,0.1086,0.608,10.3564,9.4572,74.08,62.94
2365,45.335835,3.714066,236.2725,1069.2,0.1084,0.606,10.3348,9.4654,74.06,62.93
2366,45.334937,3.714004,236.3725,1073.5,0.1082,0.604,10.3132,9.4736,74.04,62.92
2367,45.334039,3.713943,236.4725,1073.6,0.1079,0.602,10.2916,9.4818,74.02,62.91
2368,45.333141,3.713881,236.5725,1068.7,0.1077,0.6,10.27,9.49,74.0,62.9
2369,45.332242,3.71382,236.6726,1066.4,0.1075,0.598,10.2484,9.4982,73.98,62.89
2370,45.331344,3.713758,236.7726,1067.9,0.1072,0.596,10.2268,9.5064,73.96,62.88
2371,45.330446,3.713697,236.8726,1061.7,0.107,0.594,10.2052,9.5146,73.94,62.87
2372,45.329547,3.713635,236.9727,1056.3,0.1068,0.592,10.1836,9.5228,73.92,62.86
2373,45.328649,3.713574,237.0727,1053.3,0.1065,0.59,10.162,9.531,73.9,62.85
2374,45.327751,3.713512,237.1727,1048.9,0.1063,0.588,10.1404,9.5392,73.88,62.84
2375,45.326853,3.713451,237.2727,1047.4,0.1061,0.586,10.1188,9.5474,73.86,62.83
2376,45.325954,3.713389,237.3728,1045.1,0.1058,0.584,10.0972,9.5556,73.84,62.82
2377,45.325056,3.713328,237.4728,1045.9,0.1056,0.582,10.0756,9.5638,73.82,62.81
2378,45.324158,3.713266,237.5728,1040.3,0.1054,0.58,10.054,9.572,73.8,62.8
2379,45.323259,3.713205,237.6729,1037.2,0.1051,0.578,10.0324,9.5802,73.78,62.79
2380,45.322361,3.713143,237.7729,1036.1,0.1049,0.576,10.0108,9.5884,73.76,62.78
2381,45.321463,3.713082,237.8729,1036.0,0.1047,0.574,9.9892,9.5966,73.74,62.77
2382,45.320565,3.71302,237.9729,1037.3,0.1044,0.572,9.9676,9.6048,73.72,62.76
2383,45.319666,3.712959,238.073,1039.6,0.1042,0.57,9.946,9.613,73.7,62.75
2384,45.318768,3.712897,238.173,1042.0,0.104,0.568,9.9244,9.6212,73.68,62.74
2385,45.31787,3.712836,238.273,1044.5,0.1037,0.566,9.9028,9.6294,73.66,62.73
2386,45.316971,3.712774,238.3731,1049.3,0.1035,0.564,9.8812,9.6376,73.64,62.72
2387,45.316073,3.712713,238.4731,1052.6,0.1033,0.562,9.8596,9.6458,73.62,62.71
2388,45.315175,3.712651,238.5731,1048.3,0.103,0.56,9.838,9.654,73.6,62.7
2389,45.314277,3.712589,238.6731,1047.0,0.1028,0.558,9.8164,9.6622,73.58,62.69
2390,45.313378,3.712528,238.7732,1048.7,0.1026,0.556,9.7948,9.6704,73.56,62.68
2391,45.31248,3.712466,238.8732,1051.5,0.1023,0.554,9.7732,9.6786,73.54,62.67
2392,45.311582,3.712405,238.9732,1047.3,0.1021,0.552,9.7516,9.6868,73.52,62.66
2393,45.310683,3.712343,239.0733,1043.9,0.1018,0.55,9.73,9.695,73.5,62.65
2394,45.309785,3.712282,239.1733,1044.7,0.1016,0.548,9.7084,9.7032,73.48,62.64
2395,45.308887,3.71222,239.2733,1045.9,0.1014,0.546,9.6868,9.7114,73.46,62.63
2396,45.307989,3.712159,239.3733,1048.0,0.1011,0.544,9.6652,9.7196,73.44,62.62
2397,45.30709,3.712097,239.4734,1051.1,0.1009,0.542,9.6436,9.7278,73.42,62.61
2398,45.306192,3.712036,239.5734,1053.4,0.1007,0.54,9.622,9.736,73.4,62.6
2399,45.305294,3.711974,239.6734,1060.4,0.1004,0.538,9.6004,9.7442,73.38,62.59
2400,45.304395,3.711913,239.7735,1066.5,0.1002,0.536,9.5788,9.7524,73.36,62.58
2401,45.303497,3.711851,239.8735,1069.4,0.1,0.534,9.5572,9.7606,73.34,62.57
2402,45.302599,3.71179,239.9735,1071.5,0.0997,0.532,9.5356,9.7688,73.32,62.56
2403,45.301701,3.711728,240.0735,1075.2,0.0995,0.53,9.514,9.777,73.3,62.55
2404,45.300802,3.711667,240.1736,1076.6,0.0993,0.528,9.4924,9.7852,73.28,62.54
2405,45.299904,3.711605,240.2736,1074.8,0.099,0.526,9.4708,9.7934,73.26,62.53
2406,45.299006,3.711544,240.3736,1076.1,0.0988,0.524,9.4492,9.8016,73.24,62.52
2407,45.298107,3.711482,240.4737,1078.3,0.0986,0.522,9.4276,9.8098,73.22,62.51
2408,45.297209,3.711421,240.5737,1080.4,0.0983,0.52,9.406,9.818,73.2,62.5
2409,45.296311,3.711359,240.6737,1088.0,0.0981,0.518,9.3844,9.8262,73.18,62.49
2410,45.295413,3.711298,240.7737,1091.8,0.0979,0.516,9.3628,9.8344,73.16,62.48
2411,45.294514,3.711236,240.8738,1095.4,0.0976,0.514,9.3412,9.8426,73.14,62.47
2412,45.293616,3.711175,240.9738,1097.3,0.0974,0.512,9.3196,9.8508,73.12,62.46
2413,45.292718,3.711113,241.0738,1098.7,0.0972,0.51,9.298,9.859,73.1,62.45
2414,45.291819,3.711051,241.1739,1103.6,0.0969,0.508,9.2764,9.8672,73.08,62.44
2415,45.290921,3.71099,241.2739,1110.2,0.0967,0.506,9.2548,9.8754,73.06,62.43
2416,45.290023,3.710928,241.3739,1114.7,0.0965,0.504,9.2332,9.8836,73.04,62.42
2417,45.289125,3.710867,241.4739,1118.8,0.0962,0.502,9.2116,9.8918,73.02,62.41
2418,45.288226,3.710805,241.574,1118.3,0.096,0.5,9.19,9.9,73.0,62.4
2419,45.287328,3.710744,241.674,1112.9,0.096,0.5,9.1969,9.9,73.001,62.4
2420,45.28643,3.710682,241.774,1106.1,0.096,0.5,9.2039,9.9,73.002,62.4
2421,45.285531,3.710621,241.8741,1100.4,0.096,0.5,9.2108,9.9,73.003,62.4
2422,45.284633,3.710559,241.9741,1093.0,0.096,0.5,9.2178,9.9,73.004,62.4
2423,45.283735,3.710498,242.0741,1088.0,0.096,0.5,9.2247,9.9,73.005,62.4
2424,45.282837,3.710436,242.1741,1083.7,0.096,0.5,9.2317,9.9,73.006,62.4
2425,45.281938,3.710375,242.2742,1083.0,0.096,0.5,9.2386,9.9,73.0069,62.4
2426,45.28104,3.710313,242.3742,1088.4,0.096,0.5,9.2456,9.9,73.0079,62.4
2427,45.280142,3.710252,242.4742,1091.1,0.096,0.5,9.2525,9.9,73.0089,62.4
2428,45.279249,3.710313,242.5736,1089.9,0.096,0.5,9.2594,9.9,73.0099,62.4
2429,45.278396,3.710685,242.6728,1086.7,0.096,0.5,9.2663,9.9,73.0109,62.4
2430,45.277676,3.711445,242.7725,1085.9,0.096,0.5,9.2732,9.9,73.0119,62.4
2431,45.277171,3.712468,242.8703,1089.8,0.096,0.5,9.28,9.9,73.0129,62.4
2432,45.276864,3.713665,242.97,1091.7,0.096,0.5,9.2869,9.9,73.0138,62.4
2433,45.276652,3.714907,243.07,1088.7,0.096,0.5,9.2939,9.9,73.0148,62.4
2434,45.27644,3.716149,243.17,1087.1,0.096,0.5,9.3008,9.9,73.0158,62.4
2435,45.276227,3.717391,243.27,1088.9,0.096,0.5,9.3078,9.9,73.0168,62.4
2436,45.276085,3.718648,243.3696,1090.9,0.096,0.5,9.3147,9.9,73.0178,62.4
2437,45.276123,3.719914,243.4688,1092.6,0.096,0.5,9.3216,9.9,73.0188,62.4
2438,45.276409,3.72112,243.5684,1091.7,0.096,0.5,9.3285,9.9,73.0198,62.4
2439,45.276615,3.722342,243.6667,1089.3,0.096,0.5,9.3353,9.9,73.0208,62.4
2440,45.276525,3.723608,243.7663,1088.9,0.096,0.5,9.3422,9.9,73.0217,62.4
2441,45.276092,3.724698,243.8642,1088.5,0.096,0.5,9.349,9.9,73.0227,62.4
2442,45.275327,3.725353,243.9635,1090.6,0.096,0.5,9.3559,9.9,73.0237,62.4
2443,45.27448,3.725752,244.0627,1091.7,0.096,0.5,9.3628,9.9,73.0247,62.4
2444,45.273584,3.725629,244.1628,1087.6,0.096,0.5,9.3698,9.9,73.0257,62.4
2445,45.272703,3.72538,244.2627,1082.6,0.096,0.5,9.3767,9.9,73.0267,62.4
2446,45.271815,3.725176,244.3627,1081.8,0.096,0.5,9.3836,9.9,73.0277,62.4
2447,45.270927,3.724972,244.4627,1080.7,0.096,0.5,9.3906,9.9,73.0287,62.4
2448,45.27004,3.724763,244.5627,1081.8,0.096,0.5,9.3975,9.9,73.0296,62.4
2449,45.269153,3.724548,244.6628,1083.6,0.096,0.5,9.4045,9.9,73.0306,62.4
2450,45.268267,3.724332,244.7628,1084.3,0.096,0.5,9.4114,9.9,73.0316,62.4
2451,45.267374,3.724198,244.8626,1077.7,0.096,0.5,9.4184,9.9,73.0326,62.4
2452,45.266474,3.724185,244.9627,1074.7,0.096,0.5,9.4253,9.9,73.0336,62.4
2453,45.265575,3.724204,245.0627,1075.1,0.096,0.5,9.4323,9.9,73.0346,62.4
2454,45.264696,3.724017,245.1615,1075.4,0.096,0.5,9.4391,9.9,73.0356,62.4
2455,45.263823,3.723717,245.2614,1075.2,0.096,0.5,9.4461,9.9,73.0366,62.4
2456,45.263014,3.723157,245.3615,1074.7,0.096,0.5,9.453,9.9,73.0376,62.4
2457,45.262193,3.72264,245.4614,1069.4,0.096,0.5,9.4599,9.9,73.0386,62.4
2458,45.261318,3.722402,245.5605,1067.6,0.096,0.5,9.4668,9.9,73.0395,62.4
2459,45.260418,3.722379,245.6606,1067.5,0.096,0.5,9.4738,9.9,73.0405,62.4
2460,45.259551,3.722074,245.7599,1066.4,0.096,0.5,9.4807,9.9,73.0415,62.4
2461,45.258694,3.721696,245.8597,1064.3,0.096,0.5,9.4876,9.9,73.0425,62.4
2462,45.257796,3.72161,245.9598,1064.0,0.096,0.5,9.4945,9.9,73.0435,62.4
2463,45.256917,3.721874,246.0597,1065.4,0.096,0.5,9.5015,9.9,73.0445,62.4
2464,45.256027,3.721993,246.1591,1065.5,0.096,0.5,9.5084,9.9,73.0455,62.4
2465,45.255214,3.721497,246.2575,1067.2,0.096,0.5,9.5152,9.9,73.0465,62.4
2466,45.254495,3.72073,246.3575,1069.5,0.096,0.5,9.5222,9.9,73.0475,62.4
2467,45.25375,3.720016,246.4574,1072.9,0.096,0.5,9.5291,9.9,73.0484,62.4
2468,45.252922,3.719534,246.5569,1069.9,0.096,0.5,9.536,9.9,73.0494,62.4
2469,45.252051,3.719218,246.6569,1067.4,0.096,0.5,9.543,9.9,73.0504,62.4
2470,45.251161,3.719094,246.7563,1066.2,0.096,0.5,9.5499,9.9,73.0514,62.4
2471,45.250262,3.719077,246.8563,1066.1,0.096,0.5,9.5568,9.9,73.0524,62.4
2472,45.249363,3.719061,246.9563,1067.9,0.096,0.5,9.5637,9.9,73.0534,62.4
2473,45.248464,3.719044,247.0563,1066.9,0.096,0.5,9.5707,9.9,73.0544,62.4
2474,45.247564,3.719028,247.1564,1064.7,0.096,0.5,9.5776,9.9,73.0554,62.4
2475,45.246665,3.719011,247.2564,1060.2,0.096,0.5,9.5846,9.9,73.0564,62.4
2476,45.245766,3.71898,247.3564,1060.9,0.096,0.5,9.5915,9.9,73.0574,62.4
2477,45.244876,3.718826,247.4561,1066.0,0.096,0.5,9.5985,9.9,73.0584,62.4
2478,45.244046,3.718348,247.5557,1066.0,0.096,0.5,9.6054,9.9,73.0593,62.4
2479,45.243242,3.717774,247.6558,1066.3,0.096,0.5,9.6123,9.9,73.0603,62.4
2480,45.242439,3.7172,247.7558,1065.8,0.096,0.5,9.6193,9.9,73.0613,62.4
2481,45.24163,3.716642,247.8558,1065.2,0.096,0.5,9.6262,9.9,73.0623,62.4
2482,45.240819,3.71609,247.9558,1062.1,0.096,0.5,9.6331,9.9,73.0633,62.4
2483,45.239996,3.715576,248.0558,1065.2,0.096,0.5,9.6401,9.9,73.0643,62.4
2484,45.23919,3.71501,248.1558,1066.5,0.096,0.5,9.647,9.9,73.0653,62.4
2485,45.238374,3.714474,248.2558,1062.5,0.096,0.5,9.654,9.9,73.0663,62.4
2486,45.237526,3.714047,248.3558,1060.5,0.096,0.5,9.6609,9.9,73.0673,62.4
2487,45.236695,3.713559,248.4558,1060.9,0.096,0.5,9.6679,9.9,73.0683,62.4
2488,45.235862,3.713077,248.5558,1063.9,0.096,0.5,9.6748,9.9,73.0693,62.4
2489,45.235028,3.712601,248.6557,1059.5,0.096,0.5,9.6818,9.9,73.0703,62.4
2490,45.234197,3.712112,248.7557,1054.6,0.096,0.5,9.6887,9.9,73.0712,62.4
2491,45.233359,3.711648,248.8557,1047.9,0.096,0.5,9.6956,9.9,73.0722,62.4
2492,45.232506,3.711258,248.9553,1052.2,0.096,0.5,9.7026,9.9,73.0732,62.4
2493,45.23161,3.711141,249.0554,1050.9,0.096,0.5,9.7095,9.9,73.0742,62.4
2494,45.230717,3.710999,249.1553,1048.6,0.096,0.5,9.7164,9.9,73.0752,62.4
2495,45.229823,3.710857,249.2553,1050.7,0.096,0.5,9.7234,9.9,73.0762,62.4
2496,45.228929,3.710715,249.3553,1047.3,0.096,0.5,9.7303,9.9,73.0772,62.4
2497,45.228036,3.710564,249.4553,1044.4,0.096,0.5,9.7373,9.9,73.0782,62.4
2498,45.227144,3.710408,249.5552,1044.7,0.096,0.5,9.7442,9.9,73.0792,62.4
2499,45.226251,3.710252,249.6552,1039.2,0.096,0.5,9.7512,9.9,73.0802,62.4
2500,45.225359,3.710092,249.7552,1034.7,0.096,0.5,9.7581,9.9,73.0812,62.4
2501,45.224467,3.709931,249.8552,1031.6,0.096,0.5,9.765,9.9,73.0821,62.4
2502,45.223574,3.709771,249.9553,1029.2,0.096,0.5,9.772,9.9,73.0831,62.4
2503,45.222682,3.709609,250.0553,1030.3,0.096,0.5,9.7789,9.9,73.0841,62.4
2504,45.22179,3.709446,250.1553,1032.2,0.096,0.5,9.7859,9.9,73.0851,62.4
2505,45.220897,3.709299,250.2553,1026.5,0.096,0.5,9.7928,9.9,73.0861,62.4
2506,45.220002,3.709176,250.3553,1021.9,0.096,0.5,9.7998,9.9,73.0871,62.4
2507,45.219109,3.709033,250.4552,1023.5,0.096,0.5,9.8067,9.9,73.0881,62.4
2508,45.218218,3.708859,250.5552,1028.5,0.096,0.5,9.8137,9.9,73.0891,62.4
2509,45.217361,3.708475,250.6551,1026.0,0.096,0.5,9.8206,9.9,73.0901,62.4
2510,45.216523,3.708013,250.7551,1024.0,0.096,0.5,9.8275,9.9,73.0911,62.4
2511,45.215712,3.707463,250.855,1024.1,0.096,0.5,9.8345,9.9,73.0921,62.4
2512,45.214902,3.706907,250.955,1022.8,0.096,0.5,9.8414,9.9,73.0931,62.4
2513,45.214092,3.706351,251.055,1020.7,0.096,0.5,9.8484,9.9,73.0941,62.4
2514,45.213283,3.705795,251.1549,1019.9,0.096,0.5,9.8553,9.9,73.095,62.4
2515,45.212473,3.70524,251.2549,1018.0,0.096,0.5,9.8622,9.9,73.096,62.4
2516,45.211663,3.704684,251.3549,1015.0,0.096,0.5,9.8692,9.9,73.097,62.4
2517,45.210854,3.704128,251.4548,1018.0,0.096,0.5,9.8761,9.9,73.098,62.4
2518,45.210044,3.703572,251.5548,1020.3,0.096,0.5,9.8831,9.9,73.099,62.4
2519,45.209235,3.703017,251.6547,1017.1,0.096,0.5,9.89,9.9,73.1,62.4
2520,45.208425,3.702461,251.7547,1014.3,0.096,0.5,9.8984,9.9,73.101,62.4
2521,45.207615,3.701905,251.8547,1018.3,0.096,0.5,9.9069,9.9,73.102,62.4
2522,45.206779,3.701438,251.9546,1027.1,0.096,0.5,9.9153,9.9,73.103,62.4
2523,45.205898,3.701226,252.054,1027.6,0.096,0.5,9.9237,9.9,73.104,62.4
2524,45.205007,3.701054,252.154,1024.0,0.096,0.5,9.9321,9.9,73.105,62.4
2525,45.204113,3.700913,252.254,1013.0,0.096,0.5,9.9406,9.9,73.1059,62.4
2526,45.203219,3.700773,252.354,1007.9,0.096,0.5,9.949,9.9,73.1069,62.4
2527,45.202325,3.700636,252.454,1010.4,0.096,0.5,9.9574,9.9,73.1079,62.4
2528,45.201431,3.700507,252.5539,1010.6,0.096,0.5,9.9659,9.9,73.1089,62.4
2529,45.200569,3.700791,252.6523,1007.7,0.096,0.5,9.9742,9.9,73.1099,62.4
2530,45.199766,3.701366,252.7523,1004.2,0.096,0.5,9.9826,9.9,73.1109,62.4
2531,45.19899,3.70201,252.8523,1002.1,0.096,0.5,9.991,9.9,73.1119,62.4
2532,45.198223,3.702675,252.9522,1006.4,0.096,0.5,9.9995,9.9,73.1129,62.4
2533,45.197565,3.703533,253.0516,1008.0,0.096,0.5,10.0078,9.9,73.1139,62.4
2534,45.197129,3.704643,253.1512,1001.8,0.096,0.5,10.0162,9.9,73.1149,62.4
2535,45.196787,3.705822,253.2511,1001.1,0.096,0.5,10.0247,9.9,73.1158,62.4
2536,45.196461,3.707012,253.3511,1004.8,0.096,0.5,10.0331,9.9,73.1168,62.4
2537,45.196032,3.708126,253.4506,1001.3,0.096,0.5,10.0415,9.9,73.1178,62.4
2538,45.195365,3.708981,253.5505,1001.5,0.096,0.5,10.0499,9.9,73.1188,62.4
2539,45.194605,3.709646,253.6498,1001.4,0.096,0.5,10.0583,9.9,73.1198,62.4
2540,45.193736,3.709974,253.7498,1000.5,0.096,0.5,10.0667,9.9,73.1208,62.4
2541,45.192843,3.710082,253.8495,997.7,0.096,0.5,10.0751,9.9,73.1218,62.4
2542,45.191945,3.710138,253.9494,994.4,0.096,0.5,10.0836,9.9,73.1228,62.4
2543,45.191046,3.710185,254.0494,994.5,0.096,0.5,10.092,9.9,73.1238,62.4
2544,45.190147,3.710226,254.1494,992.7,0.096,0.5,10.1004,9.9,73.1248,62.4
2545,45.189248,3.710267,254.2494,991.0,0.096,0.5,10.1089,9.9,73.1258,62.4
2546,45.18835,3.710309,254.3493,991.1,0.096,0.5,10.1173,9.9,73.1267,62.4
2547,45.187451,3.710351,254.4493,991.6,0.096,0.5,10.1257,9.9,73.1277,62.4
2548,45.186552,3.710393,254.5493,985.7,0.096,0.5,10.1342,9.9,73.1287,62.4
2549,45.185653,3.710434,254.6493,977.9,0.096,0.5,10.1426,9.9,73.1297,62.4
2550,45.184754,3.71045,254.7493,974.5,0.096,0.5,10.151,9.9,73.1307,62.4
2551,45.183867,3.71057,254.8484,971.7,0.096,0.5,10.1594,9.9,73.1317,62.4
2552,45.183083,3.711166,254.9473,977.0,0.096,0.5,10.1678,9.9,73.1327,62.4
2553,45.182497,3.712116,255.0462,983.2,0.096,0.5,10.1761,9.9,73.1337,62.4
2554,45.182168,3.713298,255.1458,973.9,0.096,0.5,10.1845,9.9,73.1346,62.4
2555,45.182159,3.714551,255.244,961.0,0.096,0.5,10.1928,9.9,73.1356,62.4
2556,45.182413,3.71576,255.3429,967.2,0.096,0.5,10.2011,9.9,73.1366,62.4
2557,45.182847,3.716874,255.4427,968.1,0.096,0.5,10.2095,9.9,73.1376,62.4
2558,45.183554,3.717654,255.5423,965.8,0.096,0.5,10.2179,9.9,73.1386,62.4
2559,45.184407,3.718024,255.6415,961.8,0.096,0.5,10.2263,9.9,73.1396,62.4
2560,45.1853,3.718164,255.7414,959.7,0.096,0.5,10.2347,9.9,73.1406,62.4
2561,45.186186,3.718382,255.8414,962.9,0.096,0.5,10.2432,9.9,73.1415,62.4
2562,45.187006,3.718872,255.9403,960.2,0.096,0.5,10.2515,9.9,73.1425,62.4
2563,45.187613,3.71979,256.0389,950.6,0.096,0.5,10.2598,9.9,73.1435,62.4
2564,45.18791,3.72098,256.1378,945.8,0.096,0.5,10.2682,9.9,73.1445,62.4
2565,45.187873,3.722238,256.2365,943.0,0.096,0.5,10.2765,9.9,73.1455,62.4
2566,45.187485,3.723381,256.3359,941.9,0.096,0.5,10.2849,9.9,73.1465,62.4
2567,45.186909,3.724361,256.4359,940.3,0.096,0.5,10.2933,9.9,73.1474,62.4
2568,45.186333,3.72534,256.5358,937.6,0.096,0.5,10.3018,9.9,73.1484,62.4
2569,45.185757,3.72632,256.6358,935.4,0.096,0.5,10.3102,9.9,73.1494,62.4
2570,45.18518,3.727299,256.7358,932.3,0.096,0.5,10.3186,9.9,73.1504,62.4
2571,45.184604,3.728279,256.8358,927.0,0.096,0.5,10.3271,9.9,73.1514,62.4
2572,45.184028,3.729259,256.9358,923.5,0.096,0.5,10.3355,9.9,73.1524,62.4
2573,45.183442,3.730226,257.0357,922.7,0.096,0.5,10.3439,9.9,73.1534,62.4
2574,45.18284,3.731175,257.1358,922.3,0.096,0.5,10.3524,9.9,73.1544,62.4
2575,45.182239,3.732123,257.2357,921.5,0.096,0.5,10.3608,9.9,73.1554,62.4
2576,45.181631,3.733062,257.3356,919.2,0.096,0.5,10.3692,9.9,73.1564,62.4
2577,45.180961,3.733913,257.4356,916.0,0.096,0.5,10.3777,9.9,73.1574,62.4
2578,45.180237,3.734668,257.5355,911.6,0.096,0.5,10.3861,9.9,73.1584,62.4
2579,45.179427,3.735202,257.6348,905.9,0.096,0.5,10.3945,9.9,73.1593,62.4
2580,45.178583,3.735644,257.7348,903.1,0.096,0.5,10.4029,9.9,73.1603,62.4
2581,45.177738,3.736078,257.8347,901.6,0.096,0.5,10.4113,9.9,73.1613,62.4
2582,45.176891,3.736506,257.9347,899.5,0.096,0.5,10.4198,9.9,73.1623,62.4
2583,45.176035,3.736896,258.0347,898.5,0.096,0.5,10.4282,9.9,73.1633,62.4
2584,45.175162,3.737148,258.1338,897.0,0.096,0.5,10.4366,9.9,73.1643,62.4
2585,45.174269,3.737065,258.2333,896.1,0.096,0.5,10.4449,9.9,73.1653,62.4
2586,45.173462,3.736519,258.3327,894.8,0.096,0.5,10.4533,9.9,73.1663,62.4
2587,45.172731,3.735774,258.4328,894.5,0.096,0.5,10.4618,9.9,73.1673,62.4
2588,45.172006,3.73502,258.5328,894.5,0.096,0.5,10.4702,9.9,73.1683,62.4
2589,45.171281,3.734266,258.6328,892.9,0.096,0.5,10.4786,9.9,73.1693,62.4
2590,45.170556,3.733512,258.7328,891.1,0.096,0.5,10.4871,9.9,73.1702,62.4
2591,45.16983,3.732757,258.8329,892.3,0.096,0.5,10.4955,9.9,73.1712,62.4
2592,45.169105,3.732003,258.9329,892.4,0.096,0.5,10.504,9.9,73.1722,62.4
2593,45.16838,3.731249,259.0329,891.3,0.096,0.5,10.5124,9.9,73.1732,62.4
2594,45.167655,3.730494,259.1329,890.7,0.096,0.5,10.5208,9.9,73.1742,62.4
2595,45.16693,3.729739,259.2329,889.7,0.096,0.5,10.5293,9.9,73.1752,62.4
2596,45.166205,3.728984,259.3329,887.2,0.096,0.5,10.5377,9.9,73.1762,62.4
2597,45.16548,3.728229,259.4329,883.5,0.096,0.5,10.5461,9.9,73.1772,62.4
2598,45.164755,3.727475,259.5329,880.6,0.096,0.5,10.5546,9.9,73.1782,62.4
2599,45.16403,3.72672,259.6329,879.8,0.096,0.5,10.563,9.9,73.1792,62.4
2600,45.163305,3.725965,259.7329,879.8,0.096,0.5,10.5714,9.9,73.1802,62.4
2601,45.16258,3.72521,259.8329,878.4,0.096,0.5,10.5799,9.9,73.1812,62.4
2602,45.161851,3.724463,259.9329,872.3,0.096,0.5,10.5883,9.9,73.1822,62.4
2603,45.161121,3.723718,260.0329,870.9,0.096,0.5,10.5968,9.9,73.1831,62.4
2604,45.160393,3.72297,260.1329,873.4,0.096,0.5,10.6052,9.9,73.1841,62.4
2605,45.159665,3.722222,260.2329,873.7,0.096,0.5,10.6136,9.9,73.1851,62.4
2606,45.158936,3.721474,260.333,876.2,0.096,0.5,10.6221,9.9,73.1861,62.4
2607,45.158142,3.720885,260.4326,876.6,0.096,0.5,10.6305,9.9,73.1871,62.4
2608,45.1573,3.720441,260.5325,877.0,0.096,0.5,10.6389,9.9,73.1881,62.4
2609,45.15642,3.720179,260.6325,877.5,0.096,0.5,10.6473,9.9,73.1891,62.4
2610,45.155527,3.720045,260.7324,878.0,0.096,0.5,10.6558,9.9,73.1901,62.4
2611,45.154637,3.719864,260.8324,877.5,0.096,0.5,10.6642,9.9,73.1911,62.4
2612,45.153743,3.719718,260.9325,876.5,0.096,0.5,10.6726,9.9,73.1921,62.4
2613,45.15285,3.719573,261.0324,875.6,0.096,0.5,10.6811,9.9,73.1931,62.4
2614,45.151956,3.719428,261.1325,876.7,0.096,0.5,10.6895,9.9,73.1941,62.4
2615,45.151063,3.719282,261.2325,878.3,0.096,0.5,10.6979,9.9,73.1951,62.4
2616,45.150169,3.719139,261.3325,881.2,0.096,0.5,10.7064,9.9,73.196,62.4
2617,45.149276,3.718996,261.4324,882.1,0.096,0.5,10.7148,9.9,73.197,62.4
2618,45.148378,3.718909,261.5325,882.3,0.096,0.5,10.7233,9.9,73.198,62.4
2619,45.147492,3.71906,261.6317,882.7,0.096,0.5,10.7316,9.9,73.199,62.4
2620,45.146665,3.719538,261.731,884.4,0.096,0.5,10.74,9.9,73.2,62.4
2621,45.145916,3.720239,261.8308,885.8,0.096,0.5,10.7331,9.9,73.199,62.4
2622,45.145249,3.721095,261.9308,887.0,0.096,0.5,10.7261,9.9,73.198,62.4
2623,45.144601,3.721979,262.0308,887.6,0.096,0.5,10.7192,9.9,73.197,62.4
2624,45.143953,3.722863,262.1308,889.3,0.096,0.5,10.7122,9.9,73.196,62.4
2625,45.143458,3.723909,262.2296,892.2,0.096,0.5,10.7054,9.9,73.1951,62.4
2626,45.143272,3.725145,262.3287,895.5,0.096,0.5,10.6985,9.9,73.1941,62.4
2627,45.143423,3.726374,262.4265,898.4,0.096,0.5,10.6917,9.9,73.1931,62.4
2628,45.143815,3.727521,262.5265,897.7,0.096,0.5,10.6848,9.9,73.1921,62.4
2629,45.14419,3.72868,262.6265,895.0,0.096,0.5,10.6778,9.9,73.1911,62.4
2630,45.14432,3.729936,262.7261,893.1,0.096,0.5,10.6709,9.9,73.1901,62.4
2631,45.144289,3.730943,262.8052,891.1,0.096,0.5,10.6654,9.9,73.1893,62.4
2632,45.145162,3.730639,262.9052,893.1,0.096,0.5,10.6585,9.9,73.1884,62.4
2633,45.146036,3.730335,263.0053,896.9,0.096,0.5,10.6515,9.9,73.1874,62.4
2634,45.14691,3.730031,263.1054,903.1,0.096,0.5,10.6446,9.9,73.1864,62.4
2635,45.147783,3.729727,263.2054,913.1,0.096,0.5,10.6376,9.9,73.1854,62.4
2636,45.148657,3.729423,263.3055,926.0,0.096,0.5,10.6307,9.9,73.1844,62.4
2637,45.149531,3.729119,263.4056,937.8,0.096,0.5,10.6237,9.9,73.1834,62.4
2638,45.150405,3.728815,263.5057,932.8,0.096,0.5,10.6168,9.9,73.1824,62.4
2639,45.151278,3.728511,263.6057,915.3,0.096,0.5,10.6098,9.9,73.1814,62.4
2640,45.152152,3.728207,263.7058,899.2,0.096,0.5,10.6029,9.9,73.1804,62.4
2641,45.153026,3.727903,263.8059,884.2,0.096,0.5,10.5959,9.9,73.1794,62.4
2642,45.153899,3.727599,263.9059,874.4,0.096,0.5,10.589,9.9,73.1784,62.4
2643,45.154773,3.727295,264.006,872.1,0.096,0.5,10.582,9.9,73.1774,62.4
2644,45.155647,3.726991,264.1061,871.4,0.096,0.5,10.5751,9.9,73.1764,62.4
2645,45.15652,3.726687,264.2061,871.8,0.096,0.5,10.5681,9.9,73.1754,62.4
2646,45.157394,3.726383,264.3062,872.4,0.096,0.5,10.5612,9.9,73.1745,62.4
2647,45.158268,3.726079,264.4063,871.7,0.096,0.5,10.5542,9.9,73.1735,62.4
2648,45.159142,3.725774,264.5064,869.8,0.096,0.5,10.5473,9.9,73.1725,62.4
2649,45.160015,3.72547,264.6064,869.2,0.096,0.5,10.5403,9.9,73.1715,62.4
2650,45.160889,3.725166,264.7065,869.3,0.096,0.5,10.5334,9.9,73.1705,62.4
2651,45.161763,3.724862,264.8066,871.4,0.096,0.5,10.5264,9.9,73.1695,62.4
2652,45.162636,3.724558,264.9066,877.7,0.096,0.5,10.5195,9.9,73.1685,62.4
2653,45.16351,3.724254,265.0067,878.6,0.096,0.5,10.5125,9.9,73.1675,62.4
2654,45.164384,3.72395,265.1068,876.8,0.096,0.5,10.5056,9.9,73.1665,62.4
2655,45.165258,3.723646,265.2069,876.4,0.096,0.5,10.4986,9.9,73.1655,62.4
2656,45.166131,3.723342,265.3069,877.1,0.096,0.5,10.4917,9.9,73.1645,62.4
2657,45.167005,3.723038,265.407,876.6,0.096,0.5,10.4847,9.9,73.1635,62.4
2658,45.167879,3.722734,265.5071,876.2,0.096,0.5,10.4778,9.9,73.1625,62.4
2659,45.168752,3.72243,265.6071,878.9,0.096,0.5,10.4708,9.9,73.1615,62.4
2660,45.169626,3.722126,265.7072,883.6,0.096,0.5,10.4639,9.9,73.1606,62.4
2661,45.1705,3.721822,265.8073,887.3,0.096,0.5,10.4569,9.9,73.1596,62.4
2662,45.171373,3.721518,265.9073,889.4,0.096,0.5,10.45,9.9,73.1586,62.4
2663,45.172247,3.721214,266.0074,891.3,0.096,0.5,10.443,9.9,73.1576,62.4
2664,45.173121,3.72091,266.1075,893.8,0.096,0.5,10.4361,9.9,73.1566,62.4
2665,45.173995,3.720606,266.2076,894.6,0.096,0.5,10.4291,9.9,73.1556,62.4
2666,45.174868,3.720302,266.3076,888.1,0.096,0.5,10.4222,9.9,73.1546,62.4
2667,45.175742,3.719998,266.4077,886.3,0.096,0.5,10.4152,9.9,73.1536,62.4
2668,45.176616,3.719694,266.5078,893.7,0.096,0.5,10.4083,9.9,73.1526,62.4
2669,45.177489,3.71939,266.6078,897.0,0.096,0.5,10.4014,9.9,73.1516,62.4
2670,45.178363,3.719086,266.7079,902.1,0.096,0.5,10.3944,9.9,73.1506,62.4
2671,45.179237,3.718782,266.808,908.0,0.096,0.5,10.3874,9.9,73.1496,62.4
2672,45.18011,3.718478,266.908,918.8,0.096,0.5,10.3805,9.9,73.1486,62.4
2673,45.180984,3.718174,267.0081,930.5,0.096,0.5,10.3736,9.9,73.1477,62.4
2674,45.181858,3.71787,267.1082,940.1,0.096,0.5,10.3666,9.9,73.1467,62.4
2675,45.182732,3.717566,267.2083,955.9,0.096,0.5,10.3597,9.9,73.1457,62.4
2676,45.183605,3.717262,267.3083,973.4,0.096,0.5,10.3527,9.9,73.1447,62.4
2677,45.184479,3.716958,267.4084,982.5,0.096,0.5,10.3458,9.9,73.1437,62.4
2678,45.185353,3.716654,267.5085,978.6,0.096,0.5,10.3388,9.9,73.1427,62.4
2679,45.186226,3.71635,267.6085,984.2,0.096,0.5,10.3319,9.9,73.1417,62.4
2680,45.1871,3.716046,267.7086,995.2,0.096,0.5,10.3249,9.9,73.1407,62.4
2681,45.187974,3.715742,267.8087,996.6,0.096,0.5,10.318,9.9,73.1397,62.4
2682,45.188848,3.715438,267.9088,994.7,0.096,0.5,10.311,9.9,73.1387,62.4
2683,45.189721,3.715134,268.0088,988.8,0.096,0.5,10.3041,9.9,73.1377,62.4
2684,45.190595,3.71483,268.1089,976.6,0.096,0.5,10.2971,9.9,73.1367,62.4
2685,45.191469,3.714526,268.209,973.5,0.096,0.5,10.2902,9.9,73.1357,62.4
2686,45.192342,3.714222,268.309,981.7,0.096,0.5,10.2832,9.9,73.1347,62.4
2687,45.193216,3.713918,268.4091,990.2,0.096,0.5,10.2763,9.9,73.1338,62.4
2688,45.19409,3.713614,268.5092,993.4,0.096,0.5,10.2693,9.9,73.1328,62.4
2689,45.194963,3.71331,268.6092,994.1,0.096,0.5,10.2624,9.9,73.1318,62.4
2690,45.195837,3.713006,268.7093,990.4,0.096,0.5,10.2554,9.9,73.1308,62.4
2691,45.196711,3.712702,268.8094,992.3,0.096,0.5,10.2485,9.9,73.1298,62.4
2692,45.197585,3.712398,268.9095,1002.7,0.096,0.5,10.2415,9.9,73.1288,62.4
2693,45.198458,3.712093,269.0095,1017.7,0.096,0.5,10.2346,9.9,73.1278,62.4
2694,45.199332,3.711789,269.1096,1037.8,0.096,0.5,10.2276,9.9,73.1268,62.4
2695,45.200206,3.711485,269.2097,1061.3,0.096,0.5,10.2207,9.9,73.1258,62.4
2696,45.201079,3.711181,269.3097,1081.0,0.096,0.5,10.2137,9.9,73.1248,62.4
2697,45.201953,3.710877,269.4098,1086.8,0.096,0.5,10.2068,9.9,73.1238,62.4
2698,45.202827,3.710573,269.5099,1081.3,0.096,0.5,10.1998,9.9,73.1228,62.4
2699,45.203701,3.710269,269.61,1078.1,0.096,0.5,10.1929,9.9,73.1218,62.4
2700,45.204574,3.709965,269.71,1081.2,0.096,0.5,10.1859,9.9,73.1208,62.4
2701,45.205448,3.709661,269.8101,1091.5,0.096,0.5,10.179,9.9,73.1199,62.4
2702,45.206322,3.709357,269.9102,1103.4,0.096,0.5,10.172,9.9,73.1189,62.4
2703,45.207195,3.709053,270.0102,1098.6,0.096,0.5,10.1651,9.9,73.1179,62.4
2704,45.208069,3.708749,270.1103,1078.5,0.096,0.5,10.1581,9.9,73.1169,62.4
2705,45.208943,3.708445,270.2104,1060.6,0.096,0.5,10.1512,9.9,73.1159,62.4
2706,45.209816,3.708141,270.3104,1051.4,0.096,0.5,10.1442,9.9,73.1149,62.4
2707,45.21069,3.707837,270.4105,1043.8,0.096,0.5,10.1373,9.9,73.1139,62.4
2708,45.211564,3.707533,270.5106,1037.3,0.096,0.5,10.1303,9.9,73.1129,62.4
2709,45.212438,3.707229,270.6107,1033.0,0.096,0.5,10.1234,9.9,73.1119,62.4
2710,45.213311,3.706925,270.7107,1028.9,0.096,0.5,10.1164,9.9,73.1109,62.4
2711,45.214185,3.706621,270.8108,1022.4,0.096,0.5,10.1095,9.9,73.1099,62.4
2712,45.215059,3.706317,270.9109,1015.8,0.096,0.5,10.1025,9.9,73.1089,62.4
2713,45.215932,3.706013,271.0109,1009.9,0.096,0.5,10.0956,9.9,73.1079,62.4
2714,45.216806,3.705709,271.111,1003.3,0.096,0.5,10.0886,9.9,73.1069,62.4
2715,45.21768,3.705405,271.2111,993.8,0.096,0.5,10.0817,9.9,73.106,62.4
2716,45.218553,3.705101,271.3111,983.0,0.096,0.5,10.0747,9.9,73.105,62.4
2717,45.219427,3.704797,271.4112,976.9,0.096,0.5,10.0678,9.9,73.104,62.4
2718,45.220301,3.704493,271.5113,972.0,0.096,0.5,10.0608,9.9,73.103,62.4
2719,45.221175,3.704189,271.6114,973.4,0.096,0.5,10.0539,9.9,73.102,62.4
2720,45.222048,3.703885,271.7114,976.2,0.096,0.5,10.047,9.9,73.101,62.4
2721,45.222922,3.703581,271.8115,980.9,0.096,0.5,10.04,9.9,73.1,62.4
2722,45.223796,3.703277,271.9116,981.4,0.096,0.5,10.045,9.9,73.101,62.4
2723,45.224669,3.702973,272.0116,984.0,0.096,0.5,10.05,9.9,73.102,62.4
2724,45.225543,3.702669,272.1117,987.4,0.096,0.5,10.055,9.9,73.103,62.4
2725,45.226417,3.702365,272.2118,990.2,0.096,0.5,10.06,9.9,73.104,62.4
2726,45.227291,3.702061,272.3119,994.0,0.096,0.5,10.065,9.9,73.105,62.4
2727,45.228164,3.701757,272.4118,996.1,0.096,0.5,10.07,9.9,73.106,62.4
2728,45.229038,3.701453,272.5119,994.7,0.096,0.5,10.075,9.9,73.107,62.4
2729,45.229912,3.701149,272.612,996.1,0.096,0.5,10.08,9.9,73.108,62.4
2730,45.230785,3.700845,272.7119,996.9,0.096,0.5,10.085,9.9,73.109,62.4
2731,45.231659,3.700541,272.812,997.8,0.096,0.5,10.09,9.9,73.11,62.4
2732,45.232533,3.700237,272.9121,1000.8,0.096,0.5,10.095,9.9,73.111,62.4
2733,45.233406,3.699933,273.012,1002.7,0.096,0.5,10.1,9.9,73.112,62.4
2734,45.23428,3.699629,273.1121,1002.2,0.096,0.5,10.105,9.9,73.113,62.4
2735,45.235154,3.699325,273.2122,998.9,0.096,0.5,10.11,9.9,73.114,62.4
2736,45.236028,3.699021,273.3123,983.3,0.096,0.5,10.115,9.9,73.115,62.4
2737,45.236901,3.698717,273.4122,969.5,0.096,0.5,10.12,9.9,73.116,62.4
2738,45.237775,3.698412,273.5123,969.5,0.096,0.5,10.125,9.9,73.117,62.4
2739,45.238649,3.698108,273.6124,983.4,0.096,0.5,10.13,9.9,73.118,62.4
2740,45.239522,3.697804,273.7123,997.5,0.096,0.5,10.135,9.9,73.119,62.4
2741,45.240396,3.6975,273.8124,995.1,0.096,0.5,10.14,9.9,73.12,62.4
2742,45.24127,3.697196,273.9125,975.9,0.096,0.5,10.145,9.9,73.121,62.4
2743,45.242143,3.696892,274.0124,955.9,0.096,0.5,10.15,9.9,73.122,62.4
2744,45.243017,3.696588,274.1125,941.6,0.096,0.5,10.155,9.9,73.123,62.4
2745,45.243891,3.696284,274.2126,949.0,0.096,0.5,10.16,9.9,73.124,62.4
2746,45.244765,3.69598,274.3127,981.5,0.096,0.5,10.165,9.9,73.125,62.4
2747,45.245638,3.695676,274.4126,996.4,0.096,0.5,10.17,9.9,73.126,62.4
2748,45.246512,3.695372,274.5127,1005.9,0.096,0.5,10.175,9.9,73.127,62.4
2749,45.247386,3.695068,274.6128,996.8,0.096,0.5,10.18,9.9,73.128,62.4
2750,45.248259,3.694764,274.7127,971.5,0.096,0.5,10.185,9.9,73.129,62.4
2751,45.249133,3.69446,274.8128,954.6,0.096,0.5,10.19,9.9,73.13,62.4
2752,45.250007,3.694156,274.9129,959.9,0.096,0.5,10.195,9.9,73.131,62.4
2753,45.250881,3.693852,275.013,979.7,0.096,0.5,10.2,9.9,73.132,62.4
2754,45.251754,3.693548,275.1129,998.2,0.096,0.5,10.205,9.9,73.133,62.4
2755,45.252628,3.693244,275.213,1012.9,0.096,0.5,10.21,9.9,73.134,62.4
2756,45.253502,3.69294,275.3131,1025.1,0.096,0.5,10.215,9.9,73.135,62.4
2757,45.254375,3.692636,275.413,1034.8,0.096,0.5,10.22,9.9,73.136,62.4
2758,45.255249,3.692332,275.5131,1036.2,0.096,0.5,10.225,9.9,73.137,62.4
2759,45.256123,3.692028,275.6132,1029.3,0.096,0.5,10.23,9.9,73.138,62.4
2760,45.256996,3.691724,275.7131,1019.2,0.096,0.5,10.235,9.9,73.139,62.4
2761,45.25787,3.69142,275.8132,1011.4,0.096,0.5,10.24,9.9,73.14,62.4
2762,45.258744,3.691116,275.9133,1005.1,0.096,0.5,10.245,9.9,73.141,62.4
2763,45.259618,3.690812,276.0134,981.5,0.096,0.5,10.25,9.9,73.142,62.4
2764,45.260491,3.690508,276.1133,958.5,0.096,0.5,10.255,9.9,73.143,62.4
2765,45.261365,3.690204,276.2134,947.8,0.096,0.5,10.26,9.9,73.144,62.4
2766,45.262239,3.6899,276.3135,947.7,0.096,0.5,10.265,9.9,73.145,62.4
2767,45.263112,3.689596,276.4134,960.3,0.096,0.5,10.27,9.9,73.146,62.4
2768,45.263986,3.689292,276.5135,976.8,0.096,0.5,10.275,9.9,73.147,62.4
2769,45.26486,3.688988,276.6136,991.5,0.096,0.5,10.28,9.9,73.148,62.4
2770,45.265733,3.688684,276.7135,1014.7,0.096,0.5,10.285,9.9,73.149,62.4
2771,45.266607,3.68838,276.8136,1028.2,0.096,0.5,10.29,9.9,73.15,62.4
2772,45.267481,3.688076,276.9137,1033.9,0.096,0.5,10.295,9.9,73.151,62.4
2773,45.268355,3.687772,277.0138,1038.0,0.096,0.5,10.3,9.9,73.152,62.4
2774,45.269228,3.687468,277.1137,1043.3,0.096,0.5,10.305,9.9,73.153,62.4
2775,45.270102,3.687164,277.2138,1045.8,0.096,0.5,10.31,9.9,73.154,62.4
2776,45.270976,3.68686,277.3139,1047.9,0.096,0.5,10.315,9.9,73.155,62.4
2777,45.271849,3.686556,277.4138,1051.4,0.096,0.5,10.32,9.9,73.156,62.4
2778,45.272723,3.686252,277.5139,1056.0,0.096,0.5,10.325,9.9,73.157,62.4
2779,45.273597,3.685948,277.614,1062.1,0.096,0.5,10.33,9.9,73.158,62.4
2780,45.274471,3.685644,277.7141,1069.2,0.096,0.5,10.335,9.9,73.159,62.4
2781,45.275344,3.68534,277.814,1075.6,0.096,0.5,10.34,9.9,73.16,62.4
2782,45.276218,3.685036,277.9141,1080.8,0.096,0.5,10.345,9.9,73.161,62.4
2783,45.277092,3.684731,278.0142,1085.4,0.096,0.5,10.35,9.9,73.162,62.4
2784,45.277965,3.684427,278.1141,1085.9,0.096,0.5,10.355,9.9,73.163,62.4
2785,45.278839,3.684123,278.2142,1085.4,0.096,0.5,10.36,9.9,73.164,62.4
2786,45.279713,3.683819,278.3143,1088.6,0.096,0.5,10.365,9.9,73.165,62.4
2787,45.280586,3.683515,278.4142,1091.0,0.096,0.5,10.37,9.9,73.166,62.4
2788,45.28146,3.683211,278.5143,1091.1,0.096,0.5,10.375,9.9,73.167,62.4
2789,45.282334,3.682907,278.6144,1092.9,0.096,0.5,10.38,9.9,73.168,62.4
2790,45.283208,3.682603,278.7145,1095.6,0.096,0.5,10.385,9.9,73.169,62.4
2791,45.284081,3.682299,278.8144,1100.3,0.096,0.5,10.39,9.9,73.17,62.4
2792,45.284955,3.681995,278.9145,1095.8,0.096,0.5,10.395,9.9,73.171,62.4
2793,45.285829,3.681691,279.0146,1081.7,0.096,0.5,10.4,9.9,73.172,62.4
2794,45.286702,3.681387,279.1145,1064.0,0.096,0.5,10.405,9.9,73.173,62.4
2795,45.287576,3.681083,279.2146,1049.9,0.096,0.5,10.41,9.9,73.174,62.4
2796,45.28845,3.680779,279.3147,1043.9,0.096,0.5,10.415,9.9,73.175,62.4
2797,45.289323,3.680475,279.4146,1038.0,0.096,0.5,10.42,9.9,73.176,62.4
2798,45.290197,3.680171,279.5147,1030.6,0.096,0.5,10.425,9.9,73.177,62.4
2799,45.291071,3.679867,279.6148,1027.7,0.096,0.5,10.43,9.9,73.178,62.4
2800,45.291945,3.679563,279.7149,1023.6,0.096,0.5,10.435,9.9,73.179,62.4
2801,45.292818,3.679259,279.8148,1020.4,0.096,0.5,10.44,9.9,73.18,62.4
2802,45.293692,3.678955,279.9149,1016.2,0.096,0.5,10.445,9.9,73.181,62.4
2803,45.294566,3.678651,280.015,1007.7,0.096,0.5,10.45,9.9,73.182,62.4
2804,45.295439,3.678347,280.1149,1000.7,0.096,0.5,10.455,9.9,73.183,62.4
2805,45.296313,3.678043,280.215,1005.3,0.096,0.5,10.46,9.9,73.184,62.4
2806,45.297187,3.677739,280.3151,1009.7,0.096,0.5,10.465,9.9,73.185,62.4
2807,45.298061,3.677435,280.4152,1001.0,0.096,0.5,10.47,9.9,73.186,62.4
2808,45.298934,3.677131,280.5151,972.4,0.096,0.5,10.475,9.9,73.187,62.4
2809,45.299808,3.676827,280.6152,963.9,0.096,0.5,10.48,9.9,73.188,62.4
2810,45.300682,3.676523,280.7153,965.8,0.096,0.5,10.485,9.9,73.189,62.4
2811,45.301555,3.676219,280.8152,956.4,0.096,0.5,10.49,9.9,73.19,62.4
2812,45.302429,3.675915,280.9153,937.9,0.096,0.5,10.495,9.9,73.191,62.4
2813,45.303303,3.675611,281.0154,929.1,0.096,0.5,10.5,9.9,73.192,62.4
2814,45.304176,3.675307,281.1153,932.5,0.096,0.5,10.505,9.9,73.193,62.4
2815,45.30505,3.675003,281.2154,933.3,0.096,0.5,10.51,9.9,73.194,62.4
2816,45.305924,3.674699,281.3155,934.8,0.096,0.5,10.515,9.9,73.195,62.4
2817,45.306798,3.674395,281.4156,930.8,0.096,0.5,10.52,9.9,73.196,62.4
2818,45.307671,3.674091,281.5155,925.2,0.096,0.5,10.525,9.9,73.197,62.4
2819,45.308545,3.673787,281.6155,918.9,0.096,0.5,10.53,9.9,73.198,62.4
2820,45.309419,3.673483,281.7155,915.0,0.096,0.5,10.535,9.9,73.199,62.4
2821,45.310292,3.673179,281.8154,915.6,0.096,0.5,10.54,9.9,73.2,62.4
2822,45.311166,3.672875,281.9154,921.8,0.0962,0.502,10.5371,9.8919,73.2158,62.4099
2823,45.31204,3.672571,282.0154,925.5,0.0965,0.504,10.5343,9.8838,73.2317,62.4198
2824,45.312913,3.672267,282.1153,933.1,0.0967,0.5059,10.5314,9.8756,73.2475,62.4297
2825,45.313787,3.671963,282.2153,936.7,0.0969,0.5079,10.5285,9.8675,73.2634,62.4396
2826,45.314661,3.671659,282.3153,933.3,0.0972,0.5099,10.5256,9.8594,73.2792,62.4495
2827,45.315535,3.671355,282.4153,930.4,0.0974,0.5119,10.5228,9.8513,73.2951,62.4594
2828,45.316408,3.67105,282.5153,939.4,0.0976,0.5139,10.5199,9.8432,73.3109,62.4693
2829,45.317282,3.670746,282.6153,945.5,0.0979,0.5158,10.517,9.835,73.3268,62.4792
2830,45.318156,3.670442,282.7153,949.6,0.0981,0.5178,10.5142,9.8269,73.3426,62.4891
2831,45.319029,3.670138,282.8152,952.0,0.0983,0.5198,10.5113,9.8188,73.3584,62.499
2832,45.319903,3.669834,282.9152,955.3,0.0985,0.5218,10.5084,9.8107,73.3743,62.5089
2833,45.320777,3.66953,283.0152,955.0,0.0988,0.5238,10.5055,9.8026,73.3901,62.5188
2834,45.321651,3.669226,283.1152,949.1,0.099,0.5257,10.5027,9.7944,73.406,62.5287
2835,45.322524,3.668922,283.2151,939.6,0.0992,0.5277,10.4998,9.7863,73.4218,62.5386
2836,45.323398,3.668618,283.3151,934.9,0.0995,0.5297,10.4969,9.7782,73.4376,62.5485
2837,45.324272,3.668314,283.4151,941.6,0.0997,0.5317,10.4941,9.7701,73.4535,62.5584
2838,45.325145,3.66801,283.515,942.2,0.0999,0.5337,10.4912,9.762,73.4693,62.5683
2839,45.326019,3.667706,283.615,946.1,0.1002,0.5356,10.4883,9.7539,73.4852,62.5782
2840,45.326893,3.667402,283.715,949.9,0.1004,0.5376,10.4854,9.7457,73.501,62.5881
2841,45.327766,3.667098,283.8149,951.8,0.1006,0.5396,10.4826,9.7376,73.5168,62.598
2842,45.32864,3.666794,283.9149,951.3,0.1009,0.5416,10.4797,9.7295,73.5327,62.6079
2843,45.329514,3.66649,284.0149,951.4,0.1011,0.5436,10.4768,9.7214,73.5485,62.6178
2844,45.330388,3.666186,284.1149,948.7,0.1013,0.5455,10.474,9.7133,73.5644,62.6277
2845,45.331261,3.665882,284.2148,946.3,0.1016,0.5475,10.4711,9.7051,73.5802,62.6376
2846,45.332135,3.665578,284.3148,942.0,0.1018,0.5495,10.4682,9.697,73.5961,62.6475
2847,45.333009,3.665274,284.4148,942.6,0.102,0.5515,10.4653,9.6889,73.6119,62.6574
2848,45.333882,3.66497,284.5147,944.9,0.1023,0.5535,10.4625,9.6808,73.6277,62.6673
2849,45.334756,3.664666,284.6147,944.5,0.1025,0.5554,10.4596,9.6727,73.6436,62.6772
2850,45.33563,3.664362,284.7147,944.1,0.1027,0.5574,10.4567,9.6645,73.6594,62.6871
2851,45.336504,3.664058,284.8147,949.0,0.103,0.5594,10.4539,9.6564,73.6753,62.697
2852,45.337377,3.663754,284.9146,950.7,0.1032,0.5614,10.451,9.6483,73.6911,62.7069
2853,45.338251,3.66345,285.0146,956.8,0.1034,0.5634,10.4481,9.6402,73.7069,62.7168
2854,45.339125,3.663146,285.1146,968.0,0.1036,0.5653,10.4452,9.6321,73.7228,62.7267
2855,45.339998,3.662842,285.2145,979.6,0.1039,0.5673,10.4424,9.624,73.7386,62.7366
2856,45.340872,3.662538,285.3145,995.6,0.1041,0.5693,10.4395,9.6158,73.7545,62.7465
2857,45.341746,3.662234,285.4145,998.3,0.1043,0.5713,10.4366,9.6077,73.7703,62.7564
2858,45.342619,3.66193,285.5144,1001.9,0.1046,0.5733,10.4338,9.5996,73.7861,62.7663
2859,45.343493,3.661626,285.6144,1000.8,0.1048,0.5752,10.4309,9.5915,73.802,62.7762
2860,45.344367,3.661322,285.7144,1002.1,0.105,0.5772,10.428,9.5834,73.8178,62.7861
2861,45.345241,3.661018,285.8144,1001.9,0.1053,0.5792,10.4251,9.5752,73.8337,62.796
2862,45.346114,3.660714,285.9143,998.1,0.1055,0.5812,10.4223,9.5671,73.8495,62.8059
2863,45.346988,3.66041,286.0143,995.5,0.1057,0.5832,10.4194,9.559,73.8654,62.8158
2864,45.347862,3.660106,286.1143,987.5,0.106,0.5851,10.4165,9.5509,73.8812,62.8257
2865,45.348735,3.659802,286.2142,980.8,0.1062,0.5871,10.4137,9.5428,73.897,62.8356
2866,45.349609,3.659498,286.3142,986.3,0.1064,0.5891,10.4108,9.5347,73.9129,62.8455
2867,45.350483,3.659194,286.4142,991.3,0.1067,0.5911,10.4079,9.5265,73.9287,62.8554
2868,45.351356,3.65889,286.5141,989.8,0.1069,0.5931,10.4051,9.5184,73.9445,62.8653
2869,45.35223,3.658586,286.6141,982.3,0.1071,0.595,10.4022,9.5103,73.9604,62.8752
2870,45.353104,3.658282,286.7141,978.0,0.1074,0.597,10.3993,9.5022,73.9762,62.8851
2871,45.353978,3.657978,286.8141,975.3,0.1076,0.599,10.3964,9.4941,73.9921,62.8951
2872,45.354851,3.657674,286.914,972.3,0.1078,0.601,10.3936,9.4859,74.0079,62.9049
2873,45.355725,3.657369,287.0141,969.8,0.108,0.603,10.3907,9.4778,74.0238,62.9149
2874,45.356599,3.657065,287.1141,967.4,0.1083,0.605,10.3878,9.4697,74.0396,62.9248
2875,45.357472,3.656761,287.214,966.6,0.1085,0.6069,10.3849,9.4616,74.0555,62.9347
2876,45.358346,3.656457,287.314,966.3,0.1087,0.6089,10.3821,9.4535,74.0713,62.9446
2877,45.35922,3.656153,287.414,963.9,0.109,0.6109,10.3792,9.4453,74.0871,62.9545
2878,45.360094,3.655849,287.514,969.6,0.1092,0.6129,10.3763,9.4372,74.103,62.9644
2879,45.360967,3.655545,287.6139,968.3,0.1094,0.6149,10.3735,9.4291,74.1188,62.9743
2880,45.361841,3.655241,287.7139,964.4,0.1097,0.6168,10.3706,9.421,74.1347,62.9842
2881,45.362715,3.654937,287.8139,957.8,0.1099,0.6188,10.3677,9.4129,74.1505,62.9941
2882,45.363588,3.654633,287.9138,950.3,0.1101,0.6208,10.3649,9.4047,74.1663,63.004
2883,45.364462,3.654329,288.0138,949.8,0.1104,0.6228,10.362,9.3966,74.1822,63.0139
2884,45.365336,3.654025,288.1138,946.6,0.1106,0.6248,10.3591,9.3885,74.198,63.0238
2885,45.366209,3.653721,288.2137,944.6,0.1108,0.6267,10.3562,9.3804,74.2139,63.0337
2886,45.367083,3.653417,288.3137,939.7,0.1111,0.6287,10.3534,9.3723,74.2297,63.0436
2887,45.367957,3.653113,288.4137,932.1,0.1113,0.6307,10.3505,9.3642,74.2456,63.0535
2888,45.368831,3.652809,288.5137,934.1,0.1115,0.6327,10.3476,9.356,74.2614,63.0634
2889,45.369704,3.652505,288.6136,935.7,0.1118,0.6347,10.3448,9.3479,74.2772,63.0733
2890,45.370578,3.652201,288.7136,932.0,0.112,0.6366,10.3419,9.3398,74.2931,63.0832
2891,45.371452,3.651897,288.8136,927.5,0.1122,0.6386,10.339,9.3317,74.3089,63.0931
2892,45.372325,3.651593,288.9135,919.9,0.1124,0.6406,10.3361,9.3236,74.3248,63.103
2893,45.373199,3.651289,289.0135,914.6,0.1127,0.6426,10.3333,9.3154,74.3406,63.1129
2894,45.374073,3.650985,289.1135,904.0,0.1129,0.6446,10.3304,9.3073,74.3564,63.1228
2895,45.374946,3.650681,289.2134,901.0,0.1131,0.6465,10.3275,9.2992,74.3723,63.1327
2896,45.37582,3.650377,289.3134,904.7,0.1134,0.6485,10.3247,9.2911,74.3881,63.1426
2897,45.376694,3.650073,289.4134,908.0,0.1136,0.6505,10.3218,9.283,74.404,63.1525
2898,45.377568,3.649769,289.5134,905.9,0.1138,0.6525,10.3189,9.2748,74.4198,63.1624
2899,45.378441,3.649465,289.6133,898.8,0.1141,0.6545,10.316,9.2667,74.4356,63.1723
2900,45.379315,3.649161,289.7133,896.8,0.1143,0.6564,10.3132,9.2586,74.4515,63.1822
2901,45.380189,3.648857,289.8133,895.0,0.1145,0.6584,10.3103,9.2505,74.4673,63.1921
2902,45.381062,3.648553,289.9132,895.5,0.1148,0.6604,10.3074,9.2424,74.4832,63.202
2903,45.381936,3.648249,290.0132,879.7,0.115,0.6624,10.3046,9.2343,74.499,63.2119
2904,45.38281,3.647945,290.1132,849.0,0.1152,0.6644,10.3017,9.2261,74.5149,63.2218
2905,45.383684,3.647641,290.2132,834.5,0.1155,0.6663,10.2988,9.218,74.5307,63.2317
2906,45.384557,3.647337,290.3131,834.8,0.1157,0.6683,10.2959,9.2099,74.5465,63.2416
2907,45.385431,3.647033,290.4131,834.7,0.1159,0.6703,10.2931,9.2018,74.5624,63.2515
2908,45.386305,3.646729,290.5131,828.9,0.1162,0.6723,10.2902,9.1937,74.5782,63.2614
2909,45.387178,3.646425,290.613,831.4,0.1164,0.6743,10.2873,9.1855,74.5941,63.2713
2910,45.388052,3.646121,290.713,842.5,0.1166,0.6762,10.2845,9.1774,74.6099,63.2812
2911,45.388926,3.645817,290.813,840.4,0.1169,0.6782,10.2816,9.1693,74.6257,63.2911
2912,45.389799,3.645513,290.9129,844.0,0.1171,0.6802,10.2787,9.1612,74.6416,63.301
2913,45.390673,3.645209,291.0129,859.2,0.1173,0.6822,10.2758,9.1531,74.6574,63.3109
2914,45.391547,3.644905,291.1129,865.5,0.1175,0.6842,10.273,9.145,74.6733,63.3208
2915,45.392421,3.644601,291.2129,870.1,0.1178,0.6861,10.2701,9.1368,74.6891,63.3307
2916,45.393294,3.644297,291.3128,875.6,0.118,0.6881,10.2672,9.1287,74.7049,63.3406
2917,45.394168,3.643993,291.4128,882.3,0.1182,0.6901,10.2644,9.1206,74.7208,63.3505
2918,45.395042,3.643688,291.5129,887.5,0.1185,0.6921,10.2615,9.1125,74.7366,63.3604
2919,45.395915,3.643384,291.6128,891.5,0.1187,0.6941,10.2586,9.1044,74.7525,63.3703
2920,45.396789,3.64308,291.7128,900.9,0.1189,0.696,10.2557,9.0962,74.7683,63.3802
2921,45.397663,3.642776,291.8128,911.3,0.1192,0.698,10.2529,9.0881,74.7842,63.3901
2922,45.398536,3.642472,291.9127,923.7,0.1194,0.7,10.25,9.08,74.8,63.4
2923,45.39941,3.642168,292.0127,926.0,0.1192,0.699,10.2488,9.0811,74.7851,63.401
2924,45.400284,3.641864,292.1127,928.6,0.1191,0.698,10.2476,9.0822,74.7703,63.402
2925,45.401158,3.64156,292.2127,930.1,0.1189,0.697,10.2464,9.0833,74.7554,63.403
2926,45.402031,3.641256,292.3126,932.0,0.1188,0.696,10.2452,9.0844,74.7406,63.404
2927,45.402905,3.640952,292.4126,935.1,0.1186,0.695,10.2441,9.0854,74.7257,63.405
2928,45.403779,3.640648,292.5126,938.7,0.1185,0.6941,10.2429,9.0865,74.7109,63.4059
2929,45.404652,3.640344,292.6125,938.3,0.1183,0.6931,10.2417,9.0876,74.696,63.4069
2930,45.405526,3.64004,292.7125,943.1,0.1181,0.6921,10.2405,9.0887,74.6812,63.4079
2931,45.4064,3.639736,292.8125,952.3,0.118,0.6911,10.2393,9.0898,74.6663,63.4089
2932,45.407274,3.639432,292.9125,964.2,0.1178,0.6901,10.2381,9.0909,74.6515,63.4099
2933,45.408147,3.639128,293.0124,972.0,0.1177,0.6891,10.2369,9.092,74.6366,63.4109
2934,45.409021,3.638824,293.1124,978.8,0.1175,0.6881,10.2357,9.0931,74.6218,63.4119
2935,45.409895,3.63852,293.2124,980.0,0.1174,0.6871,10.2346,9.0942,74.6069,63.4129
2936,45.410768,3.638216,293.3123,976.8,0.1172,0.6861,10.2334,9.0952,74.5921,63.4139
2937,45.411642,3.637912,293.4123,965.0,0.117,0.6851,10.2322,9.0963,74.5772,63.4149
2938,45.412516,3.637608,293.5123,956.3,0.1169,0.6842,10.231,9.0974,74.5624,63.4158
2939,45.413389,3.637304,293.6122,949.2,0.1167,0.6832,10.2298,9.0985,74.5475,63.4168
2940,45.414263,3.637,293.7122,942.1,0.1166,0.6822,10.2286,9.0996,74.5327,63.4178
2941,45.415137,3.636696,293.8122,933.6,0.1164,0.6812,10.2274,9.1007,74.5178,63.4188
2942,45.416011,3.636392,293.9122,924.4,0.1163,0.6802,10.2262,9.1018,74.503,63.4198
2943,45.416884,3.636088,294.0121,921.7,0.1161,0.6792,10.225,9.1029,74.4881,63.4208
2944,45.417758,3.635784,294.1121,927.9,0.1159,0.6782,10.2239,9.104,74.4733,63.4218
2945,45.418632,3.63548,294.2121,934.3,0.1158,0.6772,10.2227,9.105,74.4584,63.4228
2946,45.419505,3.635176,294.312,938.1,0.1156,0.6762,10.2215,9.1061,74.4436,63.4238
2947,45.420379,3.634872,294.412,939.3,0.1155,0.6752,10.2203,9.1072,74.4287,63.4248
2948,45.421253,3.634568,294.512,934.6,0.1153,0.6743,10.2191,9.1083,74.4139,63.4257
2949,45.422126,3.634264,294.6119,931.6,0.1151,0.6733,10.2179,9.1094,74.399,63.4267
2950,45.423,3.63396,294.7119,926.7,0.115,0.6723,10.2167,9.1105,74.3842,63.4277
2951,45.423874,3.633656,294.8119,928.4,0.1148,0.6713,10.2155,9.1116,74.3693,63.4287
2952,45.424748,3.633352,294.9119,922.8,0.1147,0.6703,10.2144,9.1127,74.3545,63.4297
2953,45.425621,3.633048,295.0118,920.0,0.1145,0.6693,10.2132,9.1138,74.3396,63.4307
2954,45.426495,3.632744,295.1118,914.9,0.1144,0.6683,10.212,9.1149,74.3248,63.4317
2955,45.427369,3.63244,295.2118,917.3,0.1142,0.6673,10.2108,9.1159,74.3099,63.4327
2956,45.428242,3.632136,295.3117,929.1,0.114,0.6663,10.2096,9.117,74.2951,63.4337
2957,45.429116,3.631832,295.4117,949.3,0.1139,0.6653,10.2084,9.1181,74.2802,63.4347
2958,45.42999,3.631528,295.5117,966.5,0.1137,0.6644,10.2072,9.1192,74.2653,63.4356
2959,45.430864,3.631224,295.6117,968.8,0.1136,0.6634,10.206,9.1203,74.2505,63.4366
2960,45.431737,3.63092,295.7116,961.4,0.1134,0.6624,10.2049,9.1214,74.2357,63.4376
2961,45.432611,3.630616,295.8116,951.5,0.1133,0.6614,10.2037,9.1225,74.2208,63.4386
2962,45.433485,3.630312,295.9116,942.1,0.1131,0.6604,10.2025,9.1236,74.2059,63.4396
2963,45.434358,3.630007,296.0115,933.2,0.1129,0.6594,10.2013,9.1247,74.1911,63.4406
2964,45.435232,3.629703,296.1115,927.5,0.1128,0.6584,10.2001,9.1257,74.1762,63.4416
2965,45.436106,3.629399,296.2115,921.5,0.1126,0.6574,10.1989,9.1268,74.1614,63.4426
2966,45.436979,3.629095,296.3114,917.6,0.1125,0.6564,10.1977,9.1279,74.1465,63.4436
2967,45.437853,3.628791,296.4114,909.9,0.1123,0.6554,10.1965,9.129,74.1317,63.4446
2968,45.438727,3.628487,296.5114,892.8,0.1122,0.6545,10.1953,9.1301,74.1168,63.4455
2969,45.439601,3.628183,296.6114,878.8,0.112,0.6535,10.1942,9.1312,74.102,63.4465
2970,45.440474,3.627879,296.7113,867.3,0.1118,0.6525,10.193,9.1323,74.0871,63.4475
2971,45.441348,3.627575,296.8113,859.1,0.1117,0.6515,10.1918,9.1334,74.0723,63.4485
2972,45.442222,3.627271,296.9113,853.5,0.1115,0.6505,10.1906,9.1345,74.0574,63.4495
2973,45.443095,3.626967,297.0112,851.4,0.1114,0.6495,10.1894,9.1355,74.0426,63.4505
2974,45.443969,3.626663,297.1112,849.4,0.1112,0.6485,10.1882,9.1366,74.0277,63.4515
2975,45.444843,3.626359,297.2112,844.4,0.1111,0.6475,10.187,9.1377,74.0129,63.4525
2976,45.445716,3.626055,297.3111,838.6,0.1109,0.6465,10.1858,9.1388,73.998,63.4535
2977,45.44659,3.625751,297.4111,841.9,0.1107,0.6455,10.1847,9.1399,73.9832,63.4545
2978,45.447464,3.625447,297.5111,855.4,0.1106,0.6446,10.1835,9.141,73.9683,63.4554
2979,45.448338,3.625143,297.6111,866.3,0.1104,0.6436,10.1823,9.1421,73.9535,63.4564
2980,45.449211,3.624839,297.711,870.7,0.1103,0.6426,10.1811,9.1432,73.9386,63.4574
2981,45.450085,3.624535,297.811,877.2,0.1101,0.6416,10.1799,9.1443,73.9238,63.4584
2982,45.450959,3.624231,297.911,880.5,0.11,0.6406,10.1787,9.1453,73.9089,63.4594
2983,45.451832,3.623927,298.0109,879.3,0.1098,0.6396,10.1775,9.1464,73.8941,63.4604
2984,45.452706,3.623623,298.1109,878.4,0.1096,0.6386,10.1763,9.1475,73.8792,63.4614
2985,45.45358,3.623319,298.2109,876.7,0.1095,0.6376,10.1751,9.1486,73.8644,63.4624
2986,45.454454,3.623015,298.3109,877.8,0.1093,0.6366,10.174,9.1497,73.8495,63.4634
2987,45.455327,3.622711,298.4108,883.8,0.1092,0.6356,10.1728,9.1508,73.8347,63.4644
2988,45.456201,3.622407,298.5108,887.6,0.109,0.6347,10.1716,9.1519,73.8198,63.4653
2989,45.457075,3.622103,298.6108,892.2,0.1089,0.6337,10.1704,9.153,73.805,63.4663
2990,45.457948,3.621799,298.7107,905.4,0.1087,0.6327,10.1692,9.1541,73.7901,63.4673
2991,45.458822,3.621495,298.8107,917.5,0.1085,0.6317,10.168,9.1551,73.7753,63.4683
2992,45.459696,3.621191,298.9107,928.4,0.1084,0.6307,10.1668,9.1562,73.7604,63.4693
2993,45.460569,3.620887,299.0106,925.5,0.1082,0.6297,10.1656,9.1573,73.7456,63.4703
2994,45.461443,3.620583,299.1106,924.6,0.1081,0.6287,10.1645,9.1584,73.7307,63.4713
2995,45.462317,3.620279,299.2106,913.2,0.1079,0.6277,10.1633,9.1595,73.7159,63.4723
2996,45.463191,3.619975,299.3106,904.4,0.1078,0.6267,10.1621,9.1606,73.701,63.4733
2997,45.464064,3.619671,299.4105,910.2,0.1076,0.6257,10.1609,9.1617,73.6862,63.4743
2998,45.464938,3.619367,299.5105,917.9,0.1074,0.6248,10.1597,9.1628,73.6713,63.4752
2999,45.465812,3.619063,299.6105,921.3,0.1073,0.6238,10.1585,9.1639,73.6564,63.4762
3000,45.466685,3.618759,299.7104,920.8,0.1071,0.6228,10.1573,9.1649,73.6416,63.4772
3001,45.467559,3.618455,299.8104,905.6,0.107,0.6218,10.1561,9.166,73.6267,63.4782
3002,45.468433,3.618151,299.9104,890.0,0.1068,0.6208,10.155,9.1671,73.6119,63.4792
3003,45.469307,3.617847,300.0104,883.0,0.1066,0.6198,10.1538,9.1682,73.597,63.4802
3004,45.47018,3.617543,300.1103,877.7,0.1065,0.6188,10.1526,9.1693,73.5822,63.4812
3005,45.471054,3.617239,300.2103,875.1,0.1063,0.6178,10.1514,9.1704,73.5673,63.4822
3006,45.471928,3.616935,300.3103,876.9,0.1062,0.6168,10.1502,9.1715,73.5525,63.4832
3007,45.472801,3.616631,300.4102,886.5,0.106,0.6158,10.149,9.1726,73.5376,63.4842
3008,45.473675,3.616326,300.5103,899.1,0.1059,0.6149,10.1478,9.1737,73.5228,63.4851
3009,45.474549,3.616022,300.6103,906.5,0.1057,0.6139,10.1466,9.1748,73.5079,63.4861
3010,45.475422,3.615718,300.7102,905.2,0.1055,0.6129,10.1454,9.1758,73.4931,63.4871
3011,45.476296,3.615414,300.8102,906.0,0.1054,0.6119,10.1443,9.1769,73.4782,63.4881
3012,45.47717,3.61511,300.9102,905.8,0.1052,0.6109,10.1431,9.178,73.4634,63.4891
3013,45.478044,3.614806,301.0102,901.3,0.1051,0.6099,10.1419,9.1791,73.4485,63.4901
3014,45.478917,3.614502,301.1101,894.8,0.1049,0.6089,10.1407,9.1802,73.4337,63.4911
3015,45.479791,3.614198,301.2101,893.4,0.1048,0.6079,10.1395,9.1813,73.4188,63.4921
3016,45.480665,3.613894,301.3101,903.7,0.1046,0.6069,10.1383,9.1824,73.404,63.4931
3017,45.481538,3.61359,301.41,913.8,0.1044,0.6059,10.1371,9.1835,73.3891,63.4941
3018,45.482412,3.613286,301.51,923.0,0.1043,0.605,10.1359,9.1846,73.3743,63.495
3019,45.483286,3.612982,301.61,931.0,0.1041,0.604,10.1348,9.1856,73.3594,63.496
3020,45.484159,3.612678,301.7099,934.1,0.104,0.603,10.1336,9.1867,73.3446,63.497
3021,45.485033,3.612374,301.8099,936.2,0.1038,0.602,10.1324,9.1878,73.3297,63.498
3022,45.485907,3.61207,301.9099,934.8,0.1037,0.601,10.1312,9.1889,73.3149,63.499
3023,45.486781,3.611766,302.0099,924.1,0.1035,0.6,10.13,9.19,73.3,63.5
3024,45.487654,3.611462,302.1098,917.8,0.1035,0.6,10.1236,9.19,73.299,63.5
3025,45.488528,3.611158,302.2098,919.9,0.1035,0.6,10.1171,9.19,73.298,63.5
3026,45.489402,3.610854,302.3098,923.2,0.1035,0.6,10.1107,9.19,73.297,63.5
3027,45.490275,3.61055,302.4097,926.4,0.1035,0.6,10.1043,9.19,73.296,63.5
3028,45.491149,3.610246,302.5097,927.6,0.1035,0.6,10.0978,9.19,73.2951,63.5
3029,45.492023,3.609942,302.6097,930.9,0.1035,0.6,10.0914,9.19,73.2941,63.5
3030,45.492897,3.609638,302.7097,939.6,0.1035,0.6,10.0849,9.19,73.2931,63.5
3031,45.49377,3.609334,302.8096,945.1,0.1035,0.6,10.0785,9.19,73.2921,63.5
3032,45.494644,3.60903,302.9096,943.0,0.1035,0.6,10.0721,9.19,73.2911,63.5
3033,45.495518,3.608726,303.0096,938.2,0.1035,0.6,10.0656,9.19,73.2901,63.5
3034,45.496391,3.608422,303.1095,934.6,0.1035,0.6,10.0592,9.19,73.2891,63.5
3035,45.497265,3.608118,303.2095,932.9,0.1035,0.6,10.0528,9.19,73.2881,63.5
3036,45.498139,3.607814,303.3095,935.9,0.1035,0.6,10.0463,9.19,73.2871,63.5
3037,45.499012,3.60751,303.4094,943.8,0.1035,0.6,10.0399,9.19,73.2861,63.5
3038,45.499886,3.607206,303.5094,945.0,0.1035,0.6,10.0335,9.19,73.2851,63.5
3039,45.50076,3.606902,303.6094,947.7,0.1035,0.6,10.027,9.19,73.2842,63.5
3040,45.501634,3.606598,303.7094,945.2,0.1035,0.6,10.0206,9.19,73.2832,63.5
3041,45.502507,3.606294,303.8093,946.5,0.1035,0.6,10.0142,9.19,73.2822,63.5
3042,45.503381,3.60599,303.9093,961.8,0.1035,0.6,10.0077,9.19,73.2812,63.5
3043,45.504255,3.605686,304.0093,975.1,0.1035,0.6,10.0013,9.19,73.2802,63.5
3044,45.505128,3.605382,304.1092,979.4,0.1035,0.6,9.9949,9.19,73.2792,63.5
3045,45.506002,3.605078,304.2092,980.0,0.1035,0.6,9.9884,9.19,73.2782,63.5
3046,45.506876,3.604774,304.3092,979.9,0.1035,0.6,9.982,9.19,73.2772,63.5
3047,45.507749,3.60447,304.4091,971.7,0.1035,0.6,9.9756,9.19,73.2762,63.5
3048,45.508623,3.604166,304.5091,962.2,0.1035,0.6,9.9691,9.19,73.2752,63.5
3049,45.509497,3.603862,304.6091,959.8,0.1035,0.6,9.9627,9.19,73.2743,63.5
3050,45.510371,3.603558,304.7091,956.6,0.1035,0.6,9.9562,9.19,73.2733,63.5
3051,45.511244,3.603254,304.809,954.8,0.1035,0.6,9.9498,9.19,73.2723,63.5
3052,45.512118,3.60295,304.909,956.4,0.1035,0.6,9.9434,9.19,73.2713,63.5
3053,45.512992,3.602645,305.009,957.7,0.1035,0.6,9.9369,9.19,73.2703,63.5
3054,45.513865,3.602341,305.1089,960.1,0.1035,0.6,9.9305,9.19,73.2693,63.5
3055,45.514739,3.602037,305.2089,960.6,0.1035,0.6,9.9241,9.19,73.2683,63.5
3056,45.515613,3.601733,305.3089,962.3,0.1035,0.6,9.9176,9.19,73.2673,63.5
3057,45.516487,3.601429,305.4089,963.2,0.1035,0.6,9.9112,9.19,73.2663,63.5
3058,45.51736,3.601125,305.5088,967.6,0.1035,0.6,9.9048,9.19,73.2653,63.5
3059,45.518234,3.600821,305.6088,966.5,0.1035,0.6,9.8983,9.19,73.2644,63.5
3060,45.519108,3.600517,305.7088,966.9,0.1035,0.6,9.8919,9.19,73.2634,63.5
3061,45.519981,3.600213,305.8087,969.2,0.1035,0.6,9.8855,9.19,73.2624,63.5
3062,45.520855,3.599909,305.9087,972.1,0.1035,0.6,9.879,9.19,73.2614,63.5
3063,45.521729,3.599605,306.0087,975.1,0.1035,0.6,9.8726,9.19,73.2604,63.5
3064,45.522602,3.599301,306.1086,979.4,0.1035,0.6,9.8661,9.19,73.2594,63.5
3065,45.523476,3.598997,306.2086,983.1,0.1035,0.6,9.8597,9.19,73.2584,63.5
3066,45.52435,3.598693,306.3086,984.3,0.1035,0.6,9.8533,9.19,73.2574,63.5
3067,45.525224,3.598389,306.4086,988.8,0.1035,0.6,9.8468,9.19,73.2564,63.5
3068,45.526097,3.598085,306.5085,984.0,0.1035,0.6,9.8404,9.19,73.2554,63.5
3069,45.526971,3.597781,306.6085,984.8,0.1035,0.6,9.834,9.19,73.2545,63.5
3070,45.527845,3.597477,306.7085,995.7,0.1035,0.6,9.8275,9.19,73.2535,63.5
3071,45.528718,3.597173,306.8084,998.6,0.1035,0.6,9.8211,9.19,73.2525,63.5
3072,45.529592,3.596869,306.9084,1004.6,0.1035,0.6,9.8147,9.19,73.2515,63.5
3073,45.530466,3.596565,307.0084,1007.6,0.1035,0.6,9.8082,9.19,73.2505,63.5
3074,45.531339,3.596261,307.1083,1005.4,0.1035,0.6,9.8018,9.19,73.2495,63.5
3075,45.532213,3.595957,307.2083,1004.7,0.1035,0.6,9.7954,9.19,73.2485,63.5
3076,45.533087,3.595653,307.3083,1009.0,0.1035,0.6,9.7889,9.19,73.2475,63.5
3077,45.533961,3.595349,307.4083,1011.0,0.1035,0.6,9.7825,9.19,73.2465,63.5
3078,45.534834,3.595045,307.5082,1007.3,0.1035,0.6,9.776,9.19,73.2455,63.5
3079,45.535708,3.594741,307.6082,1005.4,0.1035,0.6,9.7696,9.19,73.2446,63.5
3080,45.536582,3.594437,307.7082,1009.1,0.1035,0.6,9.7632,9.19,73.2436,63.5
3081,45.537455,3.594133,307.8081,1012.4,0.1035,0.6,9.7567,9.19,73.2426,63.5
3082,45.538329,3.593829,307.9081,1015.8,0.1035,0.6,9.7503,9.19,73.2416,63.5
3083,45.539203,3.593525,308.0081,1016.6,0.1035,0.6,9.7439,9.19,73.2406,63.5
3084,45.540077,3.593221,308.1081,1017.0,0.1035,0.6,9.7374,9.19,73.2396,63.5
3085,45.54095,3.592917,308.208,1018.0,0.1035,0.6,9.731,9.19,73.2386,63.5
3086,45.541824,3.592613,308.308,1018.8,0.1035,0.6,9.7246,9.19,73.2376,63.5
3087,45.542698,3.592309,308.408,1015.8,0.1035,0.6,9.7181,9.19,73.2366,63.5
3088,45.543571,3.592005,308.5079,1015.2,0.1035,0.6,9.7117,9.19,73.2356,63.5
3089,45.544445,3.591701,308.6079,1018.1,0.1035,0.6,9.7053,9.19,73.2347,63.5
3090,45.545319,3.591397,308.7079,1021.9,0.1035,0.6,9.6988,9.19,73.2337,63.5
3091,45.546192,3.591093,308.8078,1024.2,0.1035,0.6,9.6924,9.19,73.2327,63.5
3092,45.547066,3.590789,308.9078,1024.5,0.1035,0.6,9.6859,9.19,73.2317,63.5
3093,45.54794,3.590485,309.0078,1036.5,0.1035,0.6,9.6795,9.19,73.2307,63.5
3094,45.548814,3.590181,309.1078,1038.1,0.1035,0.6,9.6731,9.19,73.2297,63.5
3095,45.549687,3.589877,309.2077,1036.5,0.1035,0.6,9.6666,9.19,73.2287,63.5
3096,45.550561,3.589573,309.3077,1040.7,0.1035,0.6,9.6602,9.19,73.2277,63.5
3097,45.551435,3.589269,309.4077,1046.4,0.1035,0.6,9.6538,9.19,73.2267,63.5
3098,45.552308,3.588964,309.5076,1043.6,0.1035,0.6,9.6473,9.19,73.2257,63.5
3099,45.553182,3.58866,309.6076,1043.1,0.1035,0.6,9.6409,9.19,73.2248,63.5
3100,45.554056,3.588356,309.7076,1052.4,0.1035,0.6,9.6345,9.19,73.2238,63.5
3101,45.554929,3.588052,309.8075,1056.0,0.1035,0.6,9.628,9.19,73.2228,63.5
3102,45.555803,3.587748,309.9075,1054.1,0.1035,0.6,9.6216,9.19,73.2218,63.5
3103,45.556677,3.587444,310.0075,1057.0,0.1035,0.6,9.6152,9.19,73.2208,63.5
3104,45.557551,3.58714,310.1075,1057.8,0.1035,0.6,9.6087,9.19,73.2198,63.5
3105,45.558424,3.586836,310.2074,1058.7,0.1035,0.6,9.6023,9.19,73.2188,63.5
3106,45.559298,3.586532,310.3074,1059.3,0.1035,0.6,9.5958,9.19,73.2178,63.5
3107,45.560172,3.586228,310.4074,1057.0,0.1035,0.6,9.5894,9.19,73.2168,63.5
3108,45.561045,3.585924,310.5073,1066.4,0.1035,0.6,9.583,9.19,73.2158,63.5
3109,45.561919,3.58562,310.6073,1065.4,0.1035,0.6,9.5765,9.19,73.2149,63.5
3110,45.562793,3.585316,310.7073,1057.5,0.1035,0.6,9.5701,9.19,73.2139,63.5
3111,45.563667,3.585012,310.8073,1056.2,0.1035,0.6,9.5637,9.19,73.2129,63.5
3112,45.56454,3.584708,310.9072,1067.5,0.1035,0.6,9.5572,9.19,73.2119,63.5
3113,45.565414,3.584404,311.0072,1078.2,0.1035,0.6,9.5508,9.19,73.2109,63.5
3114,45.566288,3.5841,311.1072,1081.4,0.1035,0.6,9.5444,9.19,73.2099,63.5
3115,45.567161,3.583796,311.2071,1082.3,0.1035,0.6,9.5379,9.19,73.2089,63.5
3116,45.568035,3.583492,311.3071,1083.5,0.1035,0.6,9.5315,9.19,73.2079,63.5
3117,45.568909,3.583188,311.4071,1080.0,0.1035,0.6,9.5251,9.19,73.2069,63.5
3118,45.569782,3.582884,311.507,1081.4,0.1035,0.6,9.5186,9.19,73.2059,63.5
3119,45.570656,3.58258,311.607,1086.6,0.1035,0.6,9.5122,9.19,73.205,63.5
3120,45.57153,3.582276,311.707,1085.9,0.1035,0.6,9.5057,9.19,73.204,63.5
3121,45.572404,3.581972,311.807,1081.1,0.1035,0.6,9.4993,9.19,73.203,63.5
3122,45.573277,3.581668,311.9069,1068.2,0.1035,0.6,9.4929,9.19,73.202,63.5
3123,45.574151,3.581364,312.0069,1050.5,0.1035,0.6,9.4864,9.19,73.201,63.5
3124,45.575025,3.58106,312.1069,1033.4,0.1035,0.6,9.48,9.19,73.2,63.5
3125,45.575898,3.580756,312.2068,1019.8,0.1035,0.6,9.5027,9.1907,73.203,63.4921
3126,45.576772,3.580452,312.3068,1012.6,0.1035,0.6,9.5253,9.1914,73.2059,63.4842
3127,45.577646,3.580148,312.4068,1018.1,0.1035,0.6,9.548,9.1921,73.2089,63.4762
3128,45.57852,3.579844,312.5068,1025.8,0.1036,0.6,9.5707,9.1928,73.2119,63.4683
3129,45.579393,3.57954,312.6067,1035.4,0.1036,0.6,9.5934,9.1935,73.2148,63.4604
3130,45.580267,3.579236,312.7067,1035.0,0.1036,0.6,9.616,9.1942,73.2178,63.4525
3131,45.581141,3.578932,312.8067,1026.5,0.1036,0.6,9.6387,9.1949,73.2208,63.4446
3132,45.582014,3.578628,312.9066,1017.0,0.1036,0.6,9.6614,9.1955,73.2238,63.4366
3133,45.582888,3.578324,313.0066,1012.0,0.1036,0.6,9.6841,9.1962,73.2267,63.4287
3134,45.583762,3.57802,313.1066,1011.2,0.1037,0.6,9.7067,9.1969,73.2297,63.4208
3135,45.584635,3.577716,313.2065,1013.6,0.1037,0.6,9.7294,9.1976,73.2327,63.4129
3136,45.585509,3.577412,313.3065,1020.5,0.1037,0.6,9.7521,9.1983,73.2356,63.405
3137,45.586383,3.577108,313.4065,1029.4,0.1037,0.6,9.7747,9.199,73.2386,63.397
3138,45.587257,3.576804,313.5065,1034.8,0.1037,0.6,9.7974,9.1997,73.2416,63.3891
3139,45.58813,3.5765,313.6064,1035.2,0.1037,0.6,9.8201,9.2004,73.2446,63.3812
3140,45.589004,3.576196,313.7064,1035.8,0.1038,0.6,9.8428,9.2011,73.2475,63.3733
3141,45.589878,3.575892,313.8064,1036.3,0.1038,0.6,9.8654,9.2018,73.2505,63.3653
3142,45.590751,3.575588,313.9063,1038.9,0.1038,0.6,9.8881,9.2025,73.2535,63.3574
3143,45.591625,3.575283,314.0063,1038.9,0.1038,0.6,9.9108,9.2032,73.2564,63.3495
3144,45.592499,3.574979,314.1063,1035.8,0.1038,0.6,9.9335,9.2039,73.2594,63.3416
3145,45.593372,3.574675,314.2062,1033.4,0.1038,0.6,9.9561,9.2046,73.2624,63.3337
3146,45.594246,3.574371,314.3062,1027.0,0.1038,0.6,9.9788,9.2052,73.2653,63.3257
3147,45.59512,3.574067,314.4062,1013.5,0.1039,0.6,10.0015,9.2059,73.2683,63.3178
3148,45.595994,3.573763,314.5062,986.5,0.1039,0.6,10.0242,9.2066,73.2713,63.3099
3149,45.596867,3.573459,314.6061,970.5,0.1039,0.6,10.0468,9.2073,73.2743,63.302
3150,45.597741,3.573155,314.7061,943.5,0.1039,0.6,10.0695,9.208,73.2772,63.2941
3151,45.598615,3.572851,314.8061,910.6,0.1039,0.6,10.0922,9.2087,73.2802,63.2861
3152,45.599488,3.572547,314.906,889.8,0.1039,0.6,10.1148,9.2094,73.2832,63.2782
3153,45.600362,3.572243,315.006,868.8,0.104,0.6,10.1375,9.2101,73.2861,63.2703
3154,45.601236,3.571939,315.106,853.6,0.104,0.6,10.1602,9.2108,73.2891,63.2624
3155,45.60211,3.571635,315.206,842.7,0.104,0.6,10.1829,9.2115,73.2921,63.2545
3156,45.602983,3.571331,315.3059,828.8,0.104,0.6,10.2055,9.2122,73.295,63.2465
3157,45.603857,3.571027,315.4059,816.9,0.104,0.6,10.2282,9.2129,73.298,63.2386
3158,45.604731,3.570723,315.5059,805.0,0.104,0.6,10.2509,9.2136,73.301,63.2307
3159,45.605604,3.570419,315.6058,795.0,0.1041,0.6,10.2736,9.2143,73.304,63.2228
3160,45.606478,3.570115,315.7058,788.7,0.1041,0.6,10.2962,9.215,73.3069,63.2149
3161,45.607352,3.569811,315.8058,767.7,0.1041,0.6,10.3189,9.2156,73.3099,63.2069
3162,45.608225,3.569507,315.9057,753.5,0.1041,0.6,10.3416,9.2163,73.3129,63.199
3163,45.609099,3.569203,316.0057,748.6,0.1041,0.6,10.3642,9.217,73.3158,63.1911
3164,45.609973,3.568899,316.1057,746.9,0.1041,0.6,10.3869,9.2177,73.3188,63.1832
3165,45.610847,3.568595,316.2057,743.7,0.1041,0.6,10.4096,9.2184,73.3218,63.1752
3166,45.61172,3.568291,316.3056,740.3,0.1042,0.6,10.4323,9.2191,73.3248,63.1673
3167,45.612594,3.567987,316.4056,736.7,0.1042,0.6,10.4549,9.2198,73.3277,63.1594
3168,45.613468,3.567683,316.5056,731.6,0.1042,0.6,10.4776,9.2205,73.3307,63.1515
3169,45.614341,3.567379,316.6055,726.9,0.1042,0.6,10.5003,9.2212,73.3337,63.1436
3170,45.615215,3.567075,316.7055,719.0,0.1042,0.6,10.523,9.2219,73.3366,63.1356
3171,45.616089,3.566771,316.8055,712.8,0.1042,0.6,10.5456,9.2226,73.3396,63.1277
3172,45.616962,3.566467,316.9054,708.5,0.1043,0.6,10.5683,9.2233,73.3426,63.1198
3173,45.617836,3.566163,317.0054,700.7,0.1043,0.6,10.591,9.224,73.3455,63.1119
3174,45.61871,3.565859,317.1054,697.4,0.1043,0.6,10.6137,9.2247,73.3485,63.104
3175,45.619584,3.565555,317.2054,693.2,0.1043,0.6,10.6363,9.2253,73.3515,63.096
3176,45.620457,3.565251,317.3053,693.2,0.1043,0.6,10.659,9.226,73.3545,63.0881
3177,45.621331,3.564947,317.4053,694.6,0.1043,0.6,10.6817,9.2267,73.3574,63.0802
3178,45.622205,3.564643,317.5053,696.8,0.1044,0.6,10.7044,9.2274,73.3604,63.0723
3179,45.623078,3.564339,317.6052,698.5,0.1044,0.6,10.727,9.2281,73.3634,63.0644
3180,45.623952,3.564035,317.7052,696.5,0.1044,0.6,10.7497,9.2288,73.3663,63.0564
3181,45.624826,3.563731,317.8052,689.0,0.1044,0.6,10.7724,9.2295,73.3693,63.0485
3182,45.6257,3.563427,317.9052,689.9,0.1044,0.6,10.7951,9.2302,73.3723,63.0406
3183,45.626573,3.563123,318.0051,694.4,0.1044,0.6,10.8177,9.2309,73.3752,63.0327
3184,45.627447,3.562819,318.1051,699.4,0.1045,0.6,10.8404,9.2316,73.3782,63.0248
3185,45.628321,3.562515,318.2051,703.6,0.1045,0.6,10.8631,9.2323,73.3812,63.0168
3186,45.629194,3.562211,318.305,709.4,0.1045,0.6,10.8857,9.233,73.3842,63.0089
3187,45.630068,3.561907,318.405,714.4,0.1045,0.6,10.9084,9.2337,73.3871,63.001
3188,45.630942,3.561602,318.505,713.1,0.1045,0.6,10.9311,9.2344,73.3901,62.9931
3189,45.631815,3.561298,318.6049,708.8,0.1045,0.6,10.9537,9.235,73.3931,62.9852
3190,45.632689,3.560994,318.7049,707.3,0.1045,0.6,10.9764,9.2357,73.396,62.9772
3191,45.633563,3.56069,318.8049,708.9,0.1046,0.6,10.9991,9.2364,73.399,62.9693
3192,45.634437,3.560386,318.9049,710.5,0.1046,0.6,11.0218,9.2371,73.402,62.9614
3193,45.63531,3.560082,319.0048,713.7,0.1046,0.6,11.0444,9.2378,73.4049,62.9535
3194,45.636184,3.559778,319.1048,716.5,0.1046,0.6,11.0671,9.2385,73.4079,62.9455
3195,45.637058,3.559474,319.2048,719.0,0.1046,0.6,11.0898,9.2392,73.4109,62.9376
3196,45.637931,3.55917,319.3047,722.6,0.1046,0.6,11.1125,9.2399,73.4139,62.9297
3197,45.638805,3.558866,319.4047,723.2,0.1047,0.6,11.1351,9.2406,73.4168,62.9218
3198,45.639679,3.558562,319.5047,723.9,0.1047,0.6,11.1578,9.2413,73.4198,62.9139
3199,45.640552,3.558258,319.6046,723.2,0.1047,0.6,11.1805,9.242,73.4228,62.9059
3200,45.641426,3.557954,319.7046,721.5,0.1047,0.6,11.2032,9.2427,73.4257,62.898
3201,45.6423,3.55765,319.8046,720.0,0.1047,0.6,11.2258,9.2434,73.4287,62.8901
3202,45.643174,3.557346,319.9046,715.6,0.1047,0.6,11.2485,9.2441,73.4317,62.8822
3203,45.644047,3.557042,320.0045,707.4,0.1048,0.6,11.2712,9.2448,73.4347,62.8743
3204,45.644921,3.556738,320.1045,693.4,0.1048,0.6,11.2939,9.2454,73.4376,62.8663
3205,45.645795,3.556434,320.2045,685.1,0.1048,0.6,11.3165,9.2461,73.4406,62.8584
3206,45.646668,3.55613,320.3044,669.8,0.1048,0.6,11.3392,9.2468,73.4436,62.8505
3207,45.647542,3.555826,320.4044,660.4,0.1048,0.6,11.3619,9.2475,73.4465,62.8426
3208,45.648416,3.555522,320.5044,657.3,0.1048,0.6,11.3846,9.2482,73.4495,62.8347
3209,45.64929,3.555218,320.6044,657.9,0.1048,0.6,11.4072,9.2489,73.4525,62.8267
3210,45.650163,3.554914,320.7043,656.9,0.1049,0.6,11.4299,9.2496,73.4554,62.8188
3211,45.651037,3.55461,320.8043,654.7,0.1049,0.6,11.4526,9.2503,73.4584,62.8109
3212,45.651911,3.554306,320.9043,650.2,0.1049,0.6,11.4753,9.251,73.4614,62.803
3213,45.652784,3.554002,321.0042,646.0,0.1049,0.6,11.4979,9.2517,73.4644,62.7951
3214,45.653658,3.553698,321.1042,645.7,0.1049,0.6,11.5206,9.2524,73.4673,62.7871
3215,45.654532,3.553394,321.2042,648.3,0.1049,0.6,11.5433,9.2531,73.4703,62.7792
3216,45.655405,3.55309,321.3041,644.1,0.105,0.6,11.5659,9.2538,73.4733,62.7713
3217,45.656279,3.552786,321.4041,640.2,0.105,0.6,11.5886,9.2545,73.4762,62.7634
3218,45.657153,3.552482,321.5041,646.5,0.105,0.6,11.6113,9.2551,73.4792,62.7554
3219,45.658027,3.552178,321.6041,654.3,0.105,0.6,11.634,9.2558,73.4822,62.7475
3220,45.6589,3.551874,321.704,662.6,0.105,0.6,11.6566,9.2565,73.4851,62.7396
3221,45.659774,3.55157,321.804,669.2,0.105,0.6,11.6793,9.2572,73.4881,62.7317
3222,45.660648,3.551266,321.904,668.5,0.1051,0.6,11.702,9.2579,73.4911,62.7238
3223,45.661521,3.550962,322.0039,658.6,0.1051,0.6,11.7246,9.2586,73.4941,62.7158
3224,45.662395,3.550658,322.1039,648.2,0.1051,0.6,11.7473,9.2593,73.497,62.7079
3225,45.663269,3.550354,322.2039,644.6,0.1051,0.6,11.77,9.26,73.5,62.7
3226,45.664142,3.55005,322.3038,631.4,0.1051,0.6,11.7819,9.26,73.502,62.7
3227,45.665016,3.549746,322.4038,614.8,0.1051,0.6,11.7938,9.26,73.504,62.7
3228,45.66589,3.549442,322.5038,608.9,0.1051,0.6,11.8056,9.26,73.5059,62.7
3229,45.666764,3.549138,322.6038,607.8,0.1051,0.6,11.8175,9.26,73.5079,62.7
3230,45.667637,3.548834,322.7037,610.4,0.1051,0.6,11.8294,9.26,73.5099,62.7
3231,45.668511,3.54853,322.8037,614.3,0.1051,0.6,11.8413,9.26,73.5119,62.7
3232,45.669385,3.548226,322.9037,613.7,0.1051,0.6,11.8532,9.26,73.5139,62.7
3233,45.670258,3.547921,323.0036,607.2,0.1051,0.6,11.865,9.26,73.5158,62.7
3234,45.671132,3.547617,323.1036,594.1,0.1051,0.6,11.8769,9.26,73.5178,62.7
3235,45.672006,3.547313,323.2036,574.6,0.1051,0.6,11.8888,9.26,73.5198,62.7
3236,45.67288,3.547009,323.3036,560.2,0.1051,0.6,11.9007,9.26,73.5218,62.7
3237,45.673753,3.546705,323.4035,550.8,0.1051,0.6,11.9126,9.26,73.5238,62.7
3238,45.674627,3.546401,323.5035,548.0,0.1051,0.6,11.9245,9.26,73.5257,62.7
3239,45.675501,3.546097,323.6035,544.8,0.1051,0.6,11.9363,9.26,73.5277,62.7
3240,45.676374,3.545793,323.7034,545.1,0.1051,0.6,11.9482,9.26,73.5297,62.7
3241,45.677248,3.545489,323.8034,535.8,0.1051,0.6,11.9601,9.26,73.5317,62.7
3242,45.678122,3.545185,323.9034,533.2,0.1051,0.6,11.972,9.26,73.5337,62.7
3243,45.678995,3.544881,324.0033,538.5,0.1051,0.6,11.9839,9.26,73.5356,62.7
3244,45.679869,3.544577,324.1033,539.7,0.1051,0.6,11.9957,9.26,73.5376,62.7
3245,45.680743,3.544273,324.2033,538.9,0.1051,0.6,12.0076,9.26,73.5396,62.7
3246,45.681617,3.543969,324.3033,534.2,0.1051,0.6,12.0195,9.26,73.5416,62.7
3247,45.68249,3.543665,324.4032,539.6,0.1051,0.6,12.0314,9.26,73.5436,62.7
3248,45.683364,3.543361,324.5032,545.3,0.1051,0.6,12.0433,9.26,73.5455,62.7
3249,45.684238,3.543057,324.6032,542.5,0.1051,0.6,12.0552,9.26,73.5475,62.7
3250,45.685111,3.542753,324.7031,538.2,0.1051,0.6,12.067,9.26,73.5495,62.7
3251,45.685985,3.542449,324.8031,545.3,0.1051,0.6,12.0789,9.26,73.5515,62.7
3252,45.686859,3.542145,324.9031,548.5,0.1051,0.6,12.0908,9.26,73.5535,62.7
3253,45.687732,3.541841,325.003,551.3,0.1051,0.6,12.1027,9.26,73.5554,62.7
3254,45.688606,3.541537,325.103,556.2,0.1051,0.6,12.1145,9.26,73.5574,62.7
3255,45.68948,3.541233,325.203,556.6,0.1051,0.6,12.1264,9.26,73.5594,62.7
3256,45.690354,3.540929,325.303,553.9,0.1051,0.6,12.1383,9.26,73.5614,62.7
3257,45.691227,3.540625,325.4029,555.2,0.1051,0.6,12.1502,9.26,73.5634,62.7
3258,45.692101,3.540321,325.5029,548.6,0.1051,0.6,12.1621,9.26,73.5653,62.7
3259,45.692975,3.540017,325.6029,535.3,0.1051,0.6,12.174,9.26,73.5673,62.7
3260,45.693848,3.539713,325.7028,532.1,0.1051,0.6,12.1858,9.26,73.5693,62.7
3261,45.694722,3.539409,325.8028,533.1,0.1051,0.6,12.1977,9.26,73.5713,62.7
3262,45.695596,3.539105,325.9028,531.1,0.1051,0.6,12.2096,9.26,73.5733,62.7
3263,45.69647,3.538801,326.0028,520.4,0.1051,0.6,12.2215,9.26,73.5752,62.7
3264,45.697343,3.538497,326.1027,507.1,0.1051,0.6,12.2334,9.26,73.5772,62.7
3265,45.698217,3.538193,326.2027,496.3,0.1051,0.6,12.2452,9.26,73.5792,62.7
3266,45.699091,3.537889,326.3027,492.1,0.1051,0.6,12.2571,9.26,73.5812,62.7
3267,45.699964,3.537585,326.4026,485.1,0.1051,0.6,12.269,9.26,73.5832,62.7
3268,45.700838,3.537281,326.5026,477.8,0.1051,0.6,12.2809,9.26,73.5851,62.7
3269,45.701712,3.536977,326.6026,474.6,0.1051,0.6,12.2928,9.26,73.5871,62.7
3270,45.702585,3.536673,326.7025,474.4,0.1051,0.6,12.3046,9.26,73.5891,62.7
3271,45.703459,3.536369,326.8025,475.1,0.1051,0.6,12.3165,9.26,73.5911,62.7
3272,45.704333,3.536065,326.9025,469.6,0.1051,0.6,12.3284,9.26,73.5931,62.7
3273,45.705207,3.535761,327.0025,451.2,0.1051,0.6,12.3403,9.26,73.5951,62.7
3274,45.70608,3.535457,327.1024,432.1,0.1051,0.6,12.3522,9.26,73.597,62.7
3275,45.706954,3.535153,327.2024,424.4,0.1051,0.6,12.3641,9.26,73.599,62.7
3276,45.707828,3.534849,327.3024,421.6,0.1051,0.6,12.3759,9.26,73.601,62.7
3277,45.708701,3.534545,327.4023,422.7,0.1051,0.6,12.3878,9.26,73.603,62.7
3278,45.709575,3.53424,327.5023,420.1,0.1051,0.6,12.3997,9.26,73.6049,62.7
3279,45.710449,3.533936,327.6023,414.9,0.1051,0.6,12.4116,9.26,73.6069,62.7
3280,45.711323,3.533632,327.7023,396.9,0.1051,0.6,12.4235,9.26,73.6089,62.7
3281,45.712196,3.533328,327.8022,361.4,0.1051,0.6,12.4353,9.26,73.6109,62.7
3282,45.71307,3.533024,327.9022,356.5,0.1051,0.6,12.4472,9.26,73.6129,62.7
3283,45.713944,3.53272,328.0022,401.8,0.1051,0.6,12.4591,9.26,73.6149,62.7
3284,45.714817,3.532416,328.1021,434.3,0.1051,0.6,12.471,9.26,73.6168,62.7
3285,45.715691,3.532112,328.2021,428.0,0.1051,0.6,12.4829,9.26,73.6188,62.7
3286,45.716565,3.531808,328.3021,379.9,0.1051,0.6,12.4948,9.26,73.6208,62.7
3287,45.717438,3.531504,328.402,340.1,0.1051,0.6,12.5066,9.26,73.6228,62.7
3288,45.718312,3.5312,328.502,377.0,0.1051,0.6,12.5185,9.26,73.6248,62.7
3289,45.719186,3.530896,328.602,391.2,0.1051,0.6,12.5304,9.26,73.6267,62.7
3290,45.72006,3.530592,328.702,391.9,0.1051,0.6,12.5423,9.26,73.6287,62.7
3291,45.720933,3.530288,328.8019,369.0,0.1051,0.6,12.5542,9.26,73.6307,62.7
3292,45.721807,3.529984,328.9019,340.3,0.1051,0.6,12.566,9.26,73.6327,62.7
3293,45.722681,3.52968,329.0019,344.8,0.1051,0.6,12.5779,9.26,73.6347,62.7
3294,45.723554,3.529376,329.1018,358.5,0.1051,0.6,12.5898,9.26,73.6366,62.7
3295,45.724428,3.529072,329.2018,362.2,0.1051,0.6,12.6017,9.26,73.6386,62.7
3296,45.725302,3.528768,329.3018,354.5,0.1051,0.6,12.6136,9.26,73.6406,62.7
3297,45.726175,3.528464,329.4017,334.9,0.1051,0.6,12.6254,9.26,73.6426,62.7
3298,45.727049,3.52816,329.5017,333.2,0.1051,0.6,12.6373,9.26,73.6446,62.7
3299,45.727923,3.527856,329.6017,351.5,0.1051,0.6,12.6492,9.26,73.6465,62.7
3300,45.728797,3.527552,329.7017,377.7,0.1051,0.6,12.6611,9.26,73.6485,62.7
3301,45.72967,3.527248,329.8016,411.4,0.1051,0.6,12.673,9.26,73.6505,62.7
3302,45.730544,3.526944,329.9016,428.4,0.1051,0.6,12.6848,9.26,73.6525,62.7
3303,45.731418,3.52664,330.0016,439.6,0.1051,0.6,12.6967,9.26,73.6545,62.7
3304,45.732291,3.526336,330.1015,443.9,0.1051,0.6,12.7086,9.26,73.6564,62.7
3305,45.733165,3.526032,330.2015,443.6,0.1051,0.6,12.7205,9.26,73.6584,62.7
3306,45.734039,3.525728,330.3015,435.9,0.1051,0.6,12.7324,9.26,73.6604,62.7
3307,45.734913,3.525424,330.4015,423.4,0.1051,0.6,12.7443,9.26,73.6624,62.7
3308,45.735786,3.52512,330.5014,409.0,0.1051,0.6,12.7561,9.26,73.6644,62.7
3309,45.73666,3.524816,330.6014,387.1,0.1051,0.6,12.768,9.26,73.6663,62.7
3310,45.737534,3.524512,330.7014,397.5,0.1051,0.6,12.7799,9.26,73.6683,62.7
3311,45.738407,3.524208,330.8013,403.4,0.1051,0.6,12.7918,9.26,73.6703,62.7
3312,45.739281,3.523904,330.9013,403.1,0.1051,0.6,12.8037,9.26,73.6723,62.7
3313,45.740155,3.5236,331.0013,404.9,0.1051,0.6,12.8155,9.26,73.6743,62.7
3314,45.741028,3.523296,331.1012,415.0,0.1051,0.6,12.8274,9.26,73.6762,62.7
3315,45.741902,3.522992,331.2012,411.5,0.1051,0.6,12.8393,9.26,73.6782,62.7
3316,45.742776,3.522688,331.3012,407.9,0.1051,0.6,12.8512,9.26,73.6802,62.7
3317,45.74365,3.522384,331.4012,422.6,0.1051,0.6,12.8631,9.26,73.6822,62.7
3318,45.744523,3.52208,331.5011,431.2,0.1051,0.6,12.8749,9.26,73.6842,62.7
3319,45.745397,3.521776,331.6011,438.2,0.1051,0.6,12.8868,9.26,73.6861,62.7
3320,45.746271,3.521472,331.7011,444.5,0.1051,0.6,12.8987,9.26,73.6881,62.7
3321,45.747144,3.521168,331.801,443.0,0.1051,0.6,12.9106,9.26,73.6901,62.7
3322,45.748018,3.520864,331.901,449.9,0.1051,0.6,12.9225,9.26,73.6921,62.7
3323,45.748892,3.520559,332.001,461.8,0.1051,0.6,12.9344,9.26,73.6941,62.7
3324,45.749765,3.520255,332.1009,466.8,0.1051,0.6,12.9462,9.26,73.696,62.7
3325,45.750639,3.519951,332.2009,463.8,0.1051,0.6,12.9581,9.26,73.698,62.7
3326,45.751513,3.519647,332.3009,459.1,0.1051,0.6,12.97,9.26,73.7,62.7
3327,45.752387,3.519343,332.4009,450.7,0.1051,0.6,12.98,9.26,73.702,62.7
3328,45.75326,3.519039,332.5008,444.0,0.1051,0.6,12.9899,9.26,73.704,62.7
3329,45.754134,3.518735,332.6008,441.3,0.1051,0.6,12.9999,9.26,73.706,62.7
3330,45.755008,3.518431,332.7008,439.7,0.1051,0.6,13.0099,9.26,73.708,62.7
3331,45.755881,3.518127,332.8007,440.3,0.1051,0.6,13.0198,9.26,73.71,62.7
3332,45.756755,3.517823,332.9007,439.6,0.1051,0.6,13.0298,9.26,73.712,62.7
3333,45.757629,3.517519,333.0007,438.3,0.1051,0.6,13.0398,9.26,73.714,62.7
3334,45.758503,3.517215,333.1007,432.7,0.1051,0.6,13.0497,9.26,73.7159,62.7
3335,45.759376,3.516911,333.2006,425.2,0.1051,0.6,13.0597,9.26,73.7179,62.7
3336,45.76025,3.516607,333.3006,416.4,0.1051,0.6,13.0697,9.26,73.7199,62.7
3337,45.761124,3.516303,333.4006,392.7,0.1051,0.6,13.0796,9.26,73.7219,62.7
3338,45.761997,3.515999,333.5005,380.2,0.1051,0.6,13.0896,9.26,73.7239,62.7
3339,45.762871,3.515695,333.6005,403.9,0.1051,0.6,13.0995,9.26,73.7259,62.7
3340,45.763745,3.515391,333.7005,423.1,0.1051,0.6,13.1095,9.26,73.7279,62.7
3341,45.764618,3.515087,333.8004,427.0,0.1051,0.6,13.1195,9.26,73.7299,62.7
3342,45.765492,3.514783,333.9004,429.4,0.1051,0.6,13.1294,9.26,73.7319,62.7
3343,45.766366,3.514479,334.0004,428.6,0.1051,0.6,13.1394,9.26,73.7339,62.7
3344,45.76724,3.514175,334.1004,429.6,0.1051,0.6,13.1494,9.26,73.7359,62.7
3345,45.768113,3.513871,334.2003,431.9,0.1051,0.6,13.1593,9.26,73.7379,62.7
3346,45.768987,3.513567,334.3003,435.5,0.1051,0.6,13.1693,9.26,73.7399,62.7
3347,45.769861,3.513263,334.4003,438.3,0.1051,0.6,13.1793,9.26,73.7419,62.7
3348,45.770734,3.512959,334.5002,437.3,0.1051,0.6,13.1892,9.26,73.7438,62.7
3349,45.771608,3.512655,334.6002,433.2,0.1051,0.6,13.1992,9.26,73.7458,62.7
3350,45.772482,3.512351,334.7002,426.8,0.1051,0.6,13.2092,9.26,73.7478,62.7
3351,45.773355,3.512047,334.8001,418.5,0.1051,0.6,13.2191,9.26,73.7498,62.7
3352,45.774229,3.511743,334.9001,412.7,0.1051,0.6,13.2291,9.26,73.7518,62.7
3353,45.775103,3.511439,335.0001,411.1,0.1051,0.6,13.2391,9.26,73.7538,62.7
3354,45.775977,3.511135,335.1001,411.6,0.1051,0.6,13.249,9.26,73.7558,62.7
3355,45.77685,3.510831,335.2,411.7,0.1051,0.6,13.259,9.26,73.7578,62.7
3356,45.777724,3.510527,335.3,408.0,0.1051,0.6,13.269,9.26,73.7598,62.7
3357,45.778598,3.510223,335.4,405.9,0.1051,0.6,13.2789,9.26,73.7618,62.7
3358,45.779471,3.509919,335.4999,405.7,0.1051,0.6,13.2889,9.26,73.7638,62.7
3359,45.780345,3.509615,335.5999,403.5,0.1051,0.6,13.2989,9.26,73.7658,62.7
3360,45.781219,3.509311,335.6999,400.5,0.1051,0.6,13.3088,9.26,73.7678,62.7
3361,45.782093,3.509007,335.7999,394.4,0.1051,0.6,13.3188,9.26,73.7698,62.7
3362,45.782966,3.508703,335.8998,388.6,0.1051,0.6,13.3288,9.26,73.7718,62.7
3363,45.78384,3.508399,335.9998,384.5,0.1051,0.6,13.3387,9.26,73.7737,62.7
3364,45.784714,3.508095,336.0998,380.5,0.1051,0.6,13.3487,9.26,73.7757,62.7
3365,45.785587,3.507791,336.1997,381.7,0.1051,0.6,13.3586,9.26,73.7777,62.7
3366,45.786461,3.507487,336.2997,380.4,0.1051,0.6,13.3686,9.26,73.7797,62.7
3367,45.787335,3.507183,336.3997,378.3,0.1051,0.6,13.3786,9.26,73.7817,62.7
3368,45.788208,3.506878,336.4996,377.1,0.1051,0.6,13.3885,9.26,73.7837,62.7
3369,45.789082,3.506574,336.5996,372.0,0.1051,0.6,13.3985,9.26,73.7857,62.7
3370,45.789956,3.50627,336.6996,365.7,0.1051,0.6,13.4085,9.26,73.7877,62.7
3371,45.79083,3.505966,336.7996,361.9,0.1051,0.6,13.4184,9.26,73.7897,62.7
3372,45.791703,3.505662,336.8995,358.4,0.1051,0.6,13.4284,9.26,73.7917,62.7
3373,45.792577,3.505358,336.9995,356.1,0.1051,0.6,13.4384,9.26,73.7937,62.7
3374,45.793451,3.505054,337.0995,355.1,0.1051,0.6,13.4483,9.26,73.7957,62.7
3375,45.794324,3.50475,337.1994,350.1,0.1051,0.6,13.4583,9.26,73.7977,62.7
3376,45.795198,3.504446,337.2994,335.5,0.1051,0.6,13.4683,9.26,73.7997,62.7
3377,45.796072,3.504142,337.3994,327.6,0.1051,0.6,13.4782,9.26,73.8016,62.7
3378,45.796945,3.503838,337.4993,324.8,0.1051,0.6,13.4882,9.26,73.8036,62.7
3379,45.797819,3.503534,337.5993,320.7,0.1051,0.6,13.4982,9.26,73.8056,62.7
3380,45.798693,3.50323,337.6993,320.5,0.1051,0.6,13.5081,9.26,73.8076,62.7
3381,45.799567,3.502926,337.7993,324.1,0.1051,0.6,13.5181,9.26,73.8096,62.7
3382,45.80044,3.502622,337.8992,333.1,0.1051,0.6,13.5281,9.26,73.8116,62.7
3383,45.801314,3.502318,337.9992,337.5,0.1051,0.6,13.538,9.26,73.8136,62.7
3384,45.802188,3.502014,338.0992,339.9,0.1051,0.6,13.548,9.26,73.8156,62.7
3385,45.803061,3.50171,338.1991,343.9,0.1051,0.6,13.558,9.26,73.8176,62.7
3386,45.803935,3.501406,338.2991,351.5,0.1051,0.6,13.5679,9.26,73.8196,62.7
3387,45.804809,3.501102,338.3991,358.2,0.1051,0.6,13.5779,9.26,73.8216,62.7
3388,45.805683,3.500798,338.4991,356.2,0.1051,0.6,13.5879,9.26,73.8236,62.7
3389,45.806556,3.500494,338.599,352.0,0.1051,0.6,13.5978,9.26,73.8256,62.7
3390,45.80743,3.50019,338.699,358.0,0.1051,0.6,13.6078,9.26,73.8276,62.7
3391,45.808304,3.499886,338.799,361.5,0.1051,0.6,13.6178,9.26,73.8296,62.7
3392,45.809177,3.499582,338.8989,357.6,0.1051,0.6,13.6277,9.26,73.8315,62.7
3393,45.810051,3.499278,338.9989,356.2,0.1051,0.6,13.6377,9.26,73.8335,62.7
3394,45.810925,3.498974,339.0989,356.5,0.1051,0.6,13.6477,9.26,73.8355,62.7
3395,45.811798,3.49867,339.1988,354.7,0.1051,0.6,13.6576,9.26,73.8375,62.7
3396,45.812672,3.498366,339.2988,353.4,0.1051,0.6,13.6676,9.26,73.8395,62.7
3397,45.813546,3.498062,339.3988,349.9,0.1051,0.6,13.6775,9.26,73.8415,62.7
3398,45.81442,3.497758,339.4988,338.9,0.1051,0.6,13.6875,9.26,73.8435,62.7
3399,45.815293,3.497454,339.5987,341.1,0.1051,0.6,13.6975,9.26,73.8455,62.7
3400,45.816167,3.49715,339.6987,338.8,0.1051,0.6,13.7074,9.26,73.8475,62.7
3401,45.817041,3.496846,339.7987,338.4,0.1051,0.6,13.7174,9.26,73.8495,62.7
3402,45.817914,3.496542,339.8986,338.6,0.1051,0.6,13.7274,9.26,73.8515,62.7
3403,45.818788,3.496238,339.9986,337.6,0.1051,0.6,13.7373,9.26,73.8535,62.7
3404,45.819662,3.495934,340.0986,332.3,0.1051,0.6,13.7473,9.26,73.8555,62.7
3405,45.820535,3.49563,340.1985,325.1,0.1051,0.6,13.7573,9.26,73.8575,62.7
3406,45.821409,3.495326,340.2985,327.0,0.1051,0.6,13.7672,9.26,73.8594,62.7
3407,45.822283,3.495022,340.3985,331.7,0.1051,0.6,13.7772,9.26,73.8614,62.7
3408,45.823157,3.494718,340.4985,331.8,0.1051,0.6,13.7872,9.26,73.8634,62.7
3409,45.82403,3.494414,340.5984,331.4,0.1051,0.6,13.7971,9.26,73.8654,62.7
3410,45.824904,3.49411,340.6984,328.7,0.1051,0.6,13.8071,9.26,73.8674,62.7
3411,45.825778,3.493806,340.7984,328.0,0.1051,0.6,13.8171,9.26,73.8694,62.7
3412,45.826651,3.493502,340.8983,324.2,0.1051,0.6,13.827,9.26,73.8714,62.7
3413,45.827525,3.493197,340.9983,320.2,0.1051,0.6,13.837,9.26,73.8734,62.7
3414,45.828399,3.492893,341.0983,317.0,0.1051,0.6,13.847,9.26,73.8754,62.7
3415,45.829273,3.492589,341.1983,320.4,0.1051,0.6,13.8569,9.26,73.8774,62.7
3416,45.830146,3.492285,341.2982,323.9,0.1051,0.6,13.8669,9.26,73.8794,62.7
3417,45.83102,3.491981,341.3982,325.2,0.1051,0.6,13.8769,9.26,73.8814,62.7
3418,45.831894,3.491677,341.4982,320.5,0.1051,0.6,13.8868,9.26,73.8834,62.7
3419,45.832767,3.491373,341.5981,313.2,0.1051,0.6,13.8968,9.26,73.8854,62.7
3420,45.833641,3.491069,341.6981,308.3,0.1051,0.6,13.9068,9.26,73.8874,62.7
3421,45.834515,3.490765,341.7981,308.8,0.1051,0.6,13.9167,9.26,73.8893,62.7
3422,45.835388,3.490461,341.898,307.7,0.1051,0.6,13.9267,9.26,73.8913,62.7
3423,45.836262,3.490157,341.998,305.4,0.1051,0.6,13.9366,9.26,73.8933,62.7
3424,45.837136,3.489853,342.098,306.5,0.1051,0.6,13.9466,9.26,73.8953,62.7
3425,45.836892,3.490132,342.1327,306.0,0.1051,0.6,13.9501,9.26,73.896,62.7
3426,45.836089,3.490712,342.2327,304.9,0.1051,0.6,13.96,9.26,73.898,62.7
3427,45.835287,3.491293,342.3326,304.9,0.1051,0.6,13.97,9.26,73.9,62.7
3428,45.834484,3.491873,342.4326,303.7,0.1051,0.6,13.9695,9.26,73.9,62.7
3429,45.833681,3.492453,342.5326,303.9,0.1051,0.6,13.969,9.26,73.9,62.7
3430,45.832878,3.493034,342.6326,307.5,0.1051,0.6,13.9685,9.26,73.9,62.7
3431,45.832076,3.493614,342.7325,308.5,0.1051,0.6,13.968,9.26,73.9,62.7
3432,45.831273,3.494194,342.8325,306.2,0.1051,0.6,13.9675,9.26,73.9,62.7
3433,45.83047,3.494775,342.9325,304.5,0.1051,0.6,13.967,9.26,73.9,62.7
3434,45.829668,3.495355,343.0324,305.0,0.1051,0.6,13.9665,9.26,73.9,62.7
3435,45.828865,3.495936,343.1324,305.4,0.1051,0.6,13.966,9.26,73.9,62.7
3436,45.828062,3.496516,343.2324,304.0,0.1051,0.6,13.9655,9.26,73.9,62.7
3437,45.82726,3.497096,343.3323,304.3,0.1051,0.6,13.965,9.26,73.9,62.7
3438,45.826457,3.497677,343.4323,303.9,0.1051,0.6,13.9646,9.26,73.9,62.7
3439,45.825654,3.498257,343.5323,307.3,0.1051,0.6,13.9641,9.26,73.9,62.7
3440,45.824851,3.498837,343.6323,314.6,0.1051,0.6,13.9636,9.26,73.9,62.7
3441,45.824049,3.499418,343.7322,315.1,0.1051,0.6,13.9631,9.26,73.9,62.7
3442,45.823246,3.499998,343.8322,315.3,0.1051,0.6,13.9626,9.26,73.9,62.7
3443,45.822443,3.500579,343.9322,316.6,0.1051,0.6,13.9621,9.26,73.9,62.7
3444,45.821641,3.501159,344.0321,317.7,0.1051,0.6,13.9616,9.26,73.9,62.7
3445,45.820838,3.501739,344.1321,317.2,0.1051,0.6,13.9611,9.26,73.9,62.7
3446,45.820035,3.50232,344.2321,312.7,0.1051,0.6,13.9606,9.26,73.9,62.7
3447,45.819233,3.5029,344.332,312.2,0.1051,0.6,13.9601,9.26,73.9,62.7
3448,45.81843,3.50348,344.432,311.3,0.1051,0.6,13.9596,9.26,73.9,62.7
3449,45.817627,3.504061,344.532,309.9,0.1051,0.6,13.9591,9.26,73.9,62.7
3450,45.816824,3.504641,344.632,306.9,0.1051,0.6,13.9586,9.26,73.9,62.7
3451,45.816022,3.505221,344.7319,305.1,0.1051,0.6,13.9581,9.26,73.9,62.7
3452,45.815219,3.505802,344.8319,304.8,0.1051,0.6,13.9576,9.26,73.9,62.7
3453,45.814416,3.506382,344.9319,303.8,0.1051,0.6,13.9571,9.26,73.9,62.7
3454,45.813614,3.506963,345.0318,304.4,0.1051,0.6,13.9566,9.26,73.9,62.7
3455,45.812811,3.507543,345.1318,308.5,0.1051,0.6,13.9561,9.26,73.9,62.7
3456,45.812008,3.508123,345.2318,321.2,0.1051,0.6,13.9556,9.26,73.9,62.7
3457,45.811206,3.508704,345.3317,331.3,0.1051,0.6,13.9551,9.26,73.9,62.7
3458,45.810403,3.509284,345.4317,333.0,0.1051,0.6,13.9547,9.26,73.9,62.7
3459,45.8096,3.509864,345.5317,332.9,0.1051,0.6,13.9542,9.26,73.9,62.7
3460,45.808797,3.510445,345.6317,328.0,0.1051,0.6,13.9537,9.26,73.9,62.7
3461,45.807995,3.511025,345.7316,320.1,0.1051,0.6,13.9532,9.26,73.9,62.7
3462,45.807192,3.511606,345.8316,310.3,0.1051,0.6,13.9527,9.26,73.9,62.7
3463,45.806389,3.512186,345.9316,307.8,0.1051,0.6,13.9522,9.26,73.9,62.7
3464,45.805587,3.512766,346.0315,312.2,0.1051,0.6,13.9517,9.26,73.9,62.7
3465,45.804784,3.513347,346.1315,320.3,0.1051,0.6,13.9512,9.26,73.9,62.7
3466,45.803981,3.513927,346.2315,325.1,0.1051,0.6,13.9507,9.26,73.9,62.7
3467,45.803179,3.514507,346.3314,323.4,0.1051,0.6,13.9502,9.26,73.9,62.7
3468,45.802376,3.515088,346.4314,321.0,0.1051,0.6,13.9497,9.26,73.9,62.7
3469,45.801573,3.515668,346.5314,322.8,0.1051,0.6,13.9492,9.26,73.9,62.7
3470,45.80077,3.516249,346.6314,327.2,0.1051,0.6,13.9487,9.26,73.9,62.7
3471,45.799968,3.516829,346.7313,318.2,0.1051,0.6,13.9482,9.26,73.9,62.7
3472,45.799165,3.517409,346.8313,308.7,0.1051,0.6,13.9477,9.26,73.9,62.7
3473,45.798362,3.51799,346.9313,306.0,0.1051,0.6,13.9472,9.26,73.9,62.7
3474,45.79756,3.51857,347.0312,304.4,0.1051,0.6,13.9467,9.26,73.9,62.7
3475,45.796757,3.51915,347.1312,305.3,0.1051,0.6,13.9462,9.26,73.9,62.7
3476,45.795954,3.519731,347.2312,306.6,0.1051,0.6,13.9457,9.26,73.9,62.7
3477,45.795152,3.520311,347.3311,306.8,0.1051,0.6,13.9452,9.26,73.9,62.7
3478,45.794349,3.520892,347.4311,308.7,0.1051,0.6,13.9448,9.26,73.9,62.7
3479,45.793546,3.521472,347.5311,313.8,0.1051,0.6,13.9443,9.26,73.9,62.7
3480,45.792743,3.522052,347.6311,317.0,0.1051,0.6,13.9438,9.26,73.9,62.7
3481,45.791941,3.522633,347.731,316.5,0.1051,0.6,13.9433,9.26,73.9,62.7
3482,45.791138,3.523213,347.831,315.3,0.1051,0.6,13.9428,9.26,73.9,62.7
3483,45.790335,3.523793,347.931,316.1,0.1051,0.6,13.9423,9.26,73.9,62.7
3484,45.789533,3.524374,348.0309,316.7,0.1051,0.6,13.9418,9.26,73.9,62.7
3485,45.78873,3.524954,348.1309,317.4,0.1051,0.6,13.9413,9.26,73.9,62.7
3486,45.787927,3.525535,348.2309,317.1,0.1051,0.6,13.9408,9.26,73.9,62.7
3487,45.787125,3.526115,348.3308,318.9,0.1051,0.6,13.9403,9.26,73.9,62.7
3488,45.786322,3.526695,348.4308,321.0,0.1051,0.6,13.9398,9.26,73.9,62.7
3489,45.785519,3.527276,348.5308,323.9,0.1051,0.6,13.9393,9.26,73.9,62.7
3490,45.784716,3.527856,348.6308,323.5,0.1051,0.6,13.9388,9.26,73.9,62.7
3491,45.783914,3.528436,348.7307,323.4,0.1051,0.6,13.9383,9.26,73.9,62.7
3492,45.783111,3.529017,348.8307,322.0,0.1051,0.6,13.9378,9.26,73.9,62.7
3493,45.782308,3.529597,348.9307,319.7,0.1051,0.6,13.9373,9.26,73.9,62.7
3494,45.781506,3.530178,349.0306,319.7,0.1051,0.6,13.9368,9.26,73.9,62.7
3495,45.780703,3.530758,349.1306,317.9,0.1051,0.6,13.9363,9.26,73.9,62.7
3496,45.7799,3.531338,349.2306,316.1,0.1051,0.6,13.9358,9.26,73.9,62.7
3497,45.779098,3.531919,349.3305,314.9,0.1051,0.6,13.9353,9.26,73.9,62.7
3498,45.778295,3.532499,349.4305,312.0,0.1051,0.6,13.9349,9.26,73.9,62.7
3499,45.777492,3.533079,349.5305,311.3,0.1051,0.6,13.9344,9.26,73.9,62.7
3500,45.776689,3.53366,349.6305,310.0,0.1051,0.6,13.9339,9.26,73.9,62.7
3501,45.775887,3.53424,349.7304,309.9,0.1051,0.6,13.9334,9.26,73.9,62.7
3502,45.775084,3.534821,349.8304,310.2,0.1051,0.6,13.9329,9.26,73.9,62.7
3503,45.774281,3.535401,349.9304,310.5,0.1051,0.6,13.9324,9.26,73.9,62.7
3504,45.773479,3.535981,350.0303,310.6,0.1051,0.6,13.9319,9.26,73.9,62.7
3505,45.772676,3.536562,350.1303,310.3,0.1051,0.6,13.9314,9.26,73.9,62.7
3506,45.771873,3.537142,350.2303,309.7,0.1051,0.6,13.9309,9.26,73.9,62.7
3507,45.771071,3.537722,350.3302,308.7,0.1051,0.6,13.9304,9.26,73.9,62.7
3508,45.770268,3.538303,350.4302,308.5,0.1051,0.6,13.9299,9.26,73.9,62.7
3509,45.769465,3.538883,350.5302,308.7,0.1051,0.6,13.9294,9.26,73.9,62.7
3510,45.768662,3.539464,350.6302,309.8,0.1051,0.6,13.9289,9.26,73.9,62.7
3511,45.76786,3.540044,350.7301,311.1,0.1051,0.6,13.9284,9.26,73.9,62.7
3512,45.767057,3.540624,350.8301,311.4,0.1051,0.6,13.9279,9.26,73.9,62.7
3513,45.766254,3.541205,350.9301,313.0,0.1051,0.6,13.9274,9.26,73.9,62.7
3514,45.765452,3.541785,351.03,313.3,0.1051,0.6,13.9269,9.26,73.9,62.7
3515,45.764649,3.542365,351.13,312.6,0.1051,0.6,13.9264,9.26,73.9,62.7
3516,45.763846,3.542946,351.23,313.9,0.1051,0.6,13.9259,9.26,73.9,62.7
3517,45.763044,3.543526,351.3299,312.4,0.1051,0.6,13.9254,9.26,73.9,62.7
3518,45.762241,3.544107,351.4299,311.7,0.1051,0.6,13.925,9.26,73.9,62.7
3519,45.761438,3.544687,351.5299,312.2,0.1051,0.6,13.9245,9.26,73.9,62.7
3520,45.760635,3.545267,351.6299,313.7,0.1051,0.6,13.924,9.26,73.9,62.7
3521,45.759833,3.545848,351.7298,314.1,0.1051,0.6,13.9235,9.26,73.9,62.7
3522,45.75903,3.546428,351.8298,313.2,0.1051,0.6,13.923,9.26,73.9,62.7
3523,45.758227,3.547008,351.9298,317.4,0.1051,0.6,13.9225,9.26,73.9,62.7
3524,45.757425,3.547589,352.0297,315.6,0.1051,0.6,13.922,9.26,73.9,62.7
3525,45.756622,3.548169,352.1297,314.4,0.1051,0.6,13.9215,9.26,73.9,62.7
3526,45.755819,3.54875,352.2297,315.6,0.1051,0.6,13.921,9.26,73.9,62.7
3527,45.755017,3.54933,352.3296,317.0,0.1051,0.6,13.9205,9.26,73.9,62.7
3528,45.754214,3.54991,352.4296,318.3,0.1051,0.6,13.92,9.26,73.9,62.7
3529,45.753411,3.550491,352.5296,322.6,0.1051,0.6,13.9007,9.26,73.896,62.7
3530,45.752608,3.551071,352.6296,324.1,0.1051,0.6,13.8814,9.26,73.8921,62.7
3531,45.751806,3.551651,352.7295,325.0,0.1051,0.6,13.8621,9.26,73.8881,62.7
3532,45.751003,3.552232,352.8295,329.6,0.1051,0.6,13.8428,9.26,73.8842,62.7
3533,45.7502,3.552812,352.9295,335.1,0.1051,0.6,13.8235,9.26,73.8802,62.7
3534,45.749398,3.553393,353.0294,333.9,0.1051,0.6,13.8042,9.26,73.8762,62.7
3535,45.748595,3.553973,353.1294,327.1,0.1051,0.6,13.7849,9.26,73.8723,62.7
3536,45.747792,3.554553,353.2294,321.9,0.1051,0.6,13.7655,9.26,73.8683,62.7
3537,45.74699,3.555134,353.3293,324.4,0.1051,0.6,13.7463,9.26,73.8644,62.7
3538,45.746187,3.555714,353.4293,326.1,0.1051,0.6,13.7269,9.26,73.8604,62.7
3539,45.745384,3.556294,353.5293,326.4,0.1051,0.6,13.7076,9.26,73.8564,62.7
3540,45.744581,3.556875,353.6293,329.9,0.1051,0.6,13.6883,9.26,73.8525,62.7
3541,45.743779,3.557455,353.7292,336.1,0.1051,0.6,13.669,9.26,73.8485,62.7
3542,45.742976,3.558036,353.8292,358.2,0.1051,0.6,13.6497,9.26,73.8446,62.7
3543,45.742173,3.558616,353.9292,378.6,0.1051,0.6,13.6304,9.26,73.8406,62.7
3544,45.741371,3.559196,354.0291,388.4,0.1051,0.6,13.6111,9.26,73.8366,62.7
3545,45.740568,3.559777,354.1291,405.0,0.1051,0.6,13.5918,9.26,73.8327,62.7
3546,45.739765,3.560357,354.2291,413.6,0.1051,0.6,13.5725,9.26,73.8287,62.7
3547,45.738963,3.560937,354.329,413.0,0.1051,0.6,13.5532,9.26,73.8248,62.7
3548,45.73816,3.561518,354.429,404.7,0.1051,0.6,13.5339,9.26,73.8208,62.7
3549,45.737357,3.562098,354.529,409.2,0.1051,0.6,13.5146,9.26,73.8168,62.7
3550,45.736554,3.562678,354.629,425.5,0.1051,0.6,13.4953,9.26,73.8129,62.7
3551,45.735752,3.563259,354.7289,435.5,0.1051,0.6,13.476,9.26,73.8089,62.7
3552,45.734949,3.563839,354.8289,447.8,0.1051,0.6,13.4566,9.26,73.805,62.7
3553,45.734146,3.56442,354.9289,460.2,0.1051,0.6,13.4373,9.26,73.801,62.7
3554,45.733344,3.565,355.0288,467.8,0.1051,0.6,13.418,9.26,73.797,62.7
3555,45.732541,3.56558,355.1288,471.8,0.1051,0.6,13.3987,9.26,73.7931,62.7
3556,45.731738,3.566161,355.2288,472.8,0.1051,0.6,13.3794,9.26,73.7891,62.7
3557,45.730936,3.566741,355.3287,468.2,0.1051,0.6,13.3601,9.26,73.7852,62.7
3558,45.730133,3.567321,355.4287,462.5,0.1051,0.6,13.3408,9.26,73.7812,62.7
3559,45.72933,3.567902,355.5287,459.5,0.1051,0.6,13.3215,9.26,73.7772,62.7
3560,45.728527,3.568482,355.6287,457.4,0.1051,0.6,13.3022,9.26,73.7733,62.7
3561,45.727725,3.569063,355.7286,459.7,0.1051,0.6,13.2829,9.26,73.7693,62.7
3562,45.726922,3.569643,355.8286,462.5,0.1051,0.6,13.2636,9.26,73.7654,62.7
3563,45.726119,3.570223,355.9286,466.0,0.1051,0.6,13.2443,9.26,73.7614,62.7
3564,45.725317,3.570804,356.0285,476.7,0.1051,0.6,13.225,9.26,73.7574,62.7
3565,45.724514,3.571384,356.1285,484.4,0.1051,0.6,13.2057,9.26,73.7535,62.7
3566,45.723711,3.571964,356.2285,491.5,0.1051,0.6,13.1864,9.26,73.7495,62.7
3567,45.722909,3.572545,356.3284,499.1,0.1051,0.6,13.1671,9.26,73.7456,62.7
3568,45.722106,3.573125,356.4284,505.2,0.1051,0.6,13.1478,9.26,73.7416,62.7
3569,45.721303,3.573706,356.5284,513.7,0.1051,0.6,13.1284,9.26,73.7376,62.7
3570,45.7205,3.574286,356.6284,526.2,0.1051,0.6,13.1091,9.26,73.7337,62.7
3571,45.719698,3.574866,356.7283,533.6,0.1051,0.6,13.0898,9.26,73.7297,62.7
3572,45.718895,3.575447,356.8283,536.4,0.1051,0.6,13.0705,9.26,73.7257,62.7
3573,45.718092,3.576027,356.9283,536.8,0.1051,0.6,13.0512,9.26,73.7218,62.7
3574,45.71729,3.576607,357.0282,539.0,0.1051,0.6,13.0319,9.26,73.7178,62.7
3575,45.716487,3.577188,357.1282,538.0,0.1051,0.6,13.0126,9.26,73.7139,62.7
3576,45.715684,3.577768,357.2282,533.2,0.1051,0.6,12.9933,9.26,73.7099,62.7
3577,45.714882,3.578349,357.3281,526.9,0.1051,0.6,12.974,9.26,73.706,62.7
3578,45.714079,3.578929,357.4281,523.4,0.1051,0.6,12.9547,9.26,73.702,62.7
3579,45.713276,3.579509,357.5281,515.5,0.1051,0.6,12.9354,9.26,73.698,62.7
3580,45.712473,3.58009,357.6281,514.0,0.1051,0.6,12.9161,9.26,73.6941,62.7
3581,45.711671,3.58067,357.728,514.8,0.1051,0.6,12.8968,9.26,73.6901,62.7
3582,45.710868,3.58125,357.828,515.1,0.1051,0.6,12.8775,9.26,73.6861,62.7
3583,45.710065,3.581831,357.928,508.5,0.1051,0.6,12.8582,9.26,73.6822,62.7
3584,45.709263,3.582411,358.0279,500.7,0.1051,0.6,12.8389,9.26,73.6782,62.7
3585,45.70846,3.582992,358.1279,489.8,0.1051,0.6,12.8195,9.26,73.6743,62.7
3586,45.707657,3.583572,358.2279,482.6,0.1051,0.6,12.8002,9.26,73.6703,62.7
3587,45.706855,3.584152,358.3278,475.7,0.1051,0.6,12.7809,9.26,73.6663,62.7
3588,45.706052,3.584733,358.4278,465.4,0.1051,0.6,12.7616,9.26,73.6624,62.7
3589,45.705249,3.585313,358.5278,443.6,0.1051,0.6,12.7423,9.26,73.6584,62.7
3590,45.704446,3.585893,358.6278,409.0,0.1051,0.6,12.723,9.26,73.6545,62.7
3591,45.703644,3.586474,358.7277,388.4,0.1051,0.6,12.7037,9.26,73.6505,62.7
3592,45.702841,3.587054,358.8277,385.2,0.1051,0.6,12.6844,9.26,73.6465,62.7
3593,45.702038,3.587635,358.9277,388.7,0.1051,0.6,12.6651,9.26,73.6426,62.7
3594,45.701236,3.588215,359.0276,409.6,0.1051,0.6,12.6458,9.26,73.6386,62.7
3595,45.700433,3.588795,359.1276,420.0,0.1051,0.6,12.6265,9.26,73.6347,62.7
3596,45.69963,3.589376,359.2276,409.9,0.1051,0.6,12.6072,9.26,73.6307,62.7
3597,45.698828,3.589956,359.3275,398.6,0.1051,0.6,12.5879,9.26,73.6267,62.7
3598,45.698025,3.590536,359.4275,396.1,0.1051,0.6,12.5686,9.26,73.6228,62.7
3599,45.697222,3.591117,359.5275,417.8,0.1051,0.6,12.5493,9.26,73.6188,62.7
3600,45.696419,3.591697,359.6275,458.3,0.1051,0.6,12.5299,9.26,73.6149,62.7
3601,45.695617,3.592278,359.7274,473.7,0.1051,0.6,12.5107,9.26,73.6109,62.7
3602,45.694814,3.592858,359.8274,460.9,0.1051,0.6,12.4913,9.26,73.6069,62.7
3603,45.694011,3.593438,359.9274,445.4,0.1051,0.6,12.472,9.26,73.603,62.7
3604,45.693209,3.594019,360.0273,433.1,0.1051,0.6,12.4527,9.26,73.599,62.7
3605,45.692406,3.594599,360.1273,415.5,0.1051,0.6,12.4334,9.26,73.5951,62.7
3606,45.691603,3.595179,360.2273,413.2,0.1051,0.6,12.4141,9.26,73.5911,62.7
3607,45.690801,3.59576,360.3272,428.4,0.1051,0.6,12.3948,9.26,73.5871,62.7
3608,45.689998,3.59634,360.4272,446.5,0.1051,0.6,12.3755,9.26,73.5832,62.7
3609,45.689195,3.596921,360.5272,466.5,0.1051,0.6,12.3562,9.26,73.5792,62.7
3610,45.688393,3.597501,360.6271,486.7,0.1051,0.6,12.3369,9.26,73.5753,62.7
3611,45.68759,3.598081,360.7271,503.2,0.1051,0.6,12.3176,9.26,73.5713,62.7
3612,45.686787,3.598662,360.8271,531.6,0.1051,0.6,12.2983,9.26,73.5673,62.7
3613,45.685984,3.599242,360.9271,554.8,0.1051,0.6,12.279,9.26,73.5634,62.7
3614,45.685182,3.599822,361.027,565.1,0.1051,0.6,12.2597,9.26,73.5594,62.7
3615,45.684379,3.600403,361.127,563.2,0.1051,0.6,12.2404,9.26,73.5555,62.7
3616,45.683576,3.600983,361.227,549.6,0.1051,0.6,12.2211,9.26,73.5515,62.7
3617,45.682774,3.601564,361.3269,533.5,0.1051,0.6,12.2018,9.26,73.5475,62.7
3618,45.681971,3.602144,361.4269,524.4,0.1051,0.6,12.1825,9.26,73.5436,62.7
3619,45.681168,3.602724,361.5269,541.3,0.1051,0.6,12.1631,9.26,73.5396,62.7
3620,45.680366,3.603305,361.6269,567.4,0.1051,0.6,12.1438,9.26,73.5357,62.7
3621,45.679563,3.603885,361.7269,580.3,0.1051,0.6,12.1245,9.26,73.5317,62.7
3622,45.67876,3.604465,361.8269,588.3,0.1051,0.6,12.1052,9.26,73.5277,62.7
3623,45.677957,3.605046,361.927,599.3,0.1051,0.6,12.0859,9.26,73.5238,62.7
3624,45.677155,3.605626,362.0269,615.0,0.1051,0.6,12.0666,9.26,73.5198,62.7
3625,45.676352,3.606207,362.127,629.5,0.1051,0.6,12.0472,9.26,73.5158,62.7
3626,45.675549,3.606787,362.227,642.5,0.1051,0.6,12.0279,9.26,73.5119,62.7
3627,45.674747,3.607367,362.3269,642.3,0.1051,0.6,12.0086,9.26,73.5079,62.7
3628,45.673944,3.607948,362.427,640.8,0.1051,0.6,11.9893,9.26,73.504,62.7
3629,45.673141,3.608528,362.527,625.0,0.1051,0.6,11.97,9.26,73.5,62.7
3630,45.672339,3.609108,362.6269,612.5,0.1052,0.601,11.9533,9.2582,73.514,62.707
3631,45.671536,3.609689,362.727,609.5,0.1054,0.602,11.9366,9.2564,73.528,62.714
3632,45.670733,3.610269,362.827,609.3,0.1055,0.603,11.9199,9.2546,73.542,62.721
3633,45.66993,3.61085,362.9271,625.7,0.1057,0.604,11.9032,9.2528,73.556,62.728
3634,45.669128,3.61143,363.027,641.6,0.1058,0.605,11.8865,9.251,73.57,62.735
3635,45.668325,3.61201,363.127,672.9,0.106,0.606,11.8698,9.2492,73.584,62.742
3636,45.667522,3.612591,363.2271,694.7,0.1061,0.607,11.8531,9.2474,73.598,62.749
3637,45.66672,3.613171,363.327,700.0,0.1062,0.608,11.8364,9.2456,73.612,62.756
3638,45.665917,3.613751,363.427,703.1,0.1064,0.609,11.8197,9.2438,73.626,62.763
3639,45.665114,3.614332,363.5271,696.3,0.1065,0.61,11.803,9.242,73.64,62.77
3640,45.664312,3.614912,363.627,683.8,0.1067,0.611,11.7863,9.2402,73.654,62.777
3641,45.663509,3.615492,363.727,676.6,0.1068,0.612,11.7696,9.2384,73.668,62.784
3642,45.662706,3.616073,363.8271,668.6,0.107,0.613,11.7529,9.2366,73.682,62.791
3643,45.661903,3.616653,363.9271,660.6,0.1071,0.614,11.7362,9.2348,73.696,62.798
3644,45.661101,3.617234,364.0271,655.8,0.1072,0.615,11.7195,9.233,73.71,62.805
3645,45.660298,3.617814,364.1271,656.7,0.1074,0.616,11.7028,9.2312,73.724,62.812
3646,45.659495,3.618394,364.2271,665.5,0.1075,0.617,11.6861,9.2294,73.738,62.819
3647,45.658693,3.618975,364.3271,659.2,0.1077,0.618,11.6694,9.2276,73.752,62.826
3648,45.65789,3.619555,364.4271,651.3,0.1078,0.619,11.6527,9.2258,73.766,62.833
3649,45.657087,3.620135,364.5271,645.0,0.108,0.62,11.636,9.224,73.78,62.84
3650,45.656285,3.620716,364.6271,637.2,0.1081,0.621,11.6193,9.2222,73.794,62.847
3651,45.655482,3.621296,364.7271,632.6,0.1082,0.622,11.6026,9.2204,73.808,62.854
3652,45.654679,3.621877,364.8272,636.5,0.1084,0.623,11.5859,9.2186,73.822,62.861
3653,45.653876,3.622457,364.9272,647.6,0.1085,0.624,11.5692,9.2168,73.836,62.868
3654,45.653074,3.623037,365.0271,657.6,0.1087,0.625,11.5525,9.215,73.85,62.875
3655,45.652271,3.623618,365.1272,668.6,0.1088,0.626,11.5358,9.2132,73.864,62.882
3656,45.651468,3.624198,365.2272,681.7,0.109,0.627,11.5191,9.2114,73.878,62.889
3657,45.650666,3.624778,365.3271,695.8,0.1091,0.628,11.5024,9.2096,73.892,62.896
3658,45.649863,3.625359,365.4272,698.2,0.1092,0.629,11.4857,9.2078,73.906,62.903
3659,45.64906,3.625939,365.5272,692.2,0.1094,0.63,11.469,9.206,73.92,62.91
3660,45.648258,3.62652,365.6272,680.0,0.1095,0.631,11.4523,9.2042,73.934,62.917
3661,45.647455,3.6271,365.7272,665.9,0.1097,0.632,11.4356,9.2024,73.948,62.924
3662,45.646652,3.62768,365.8272,650.2,0.1098,0.633,11.4189,9.2006,73.962,62.931
3663,45.645849,3.628261,365.9273,644.7,0.11,0.634,11.4022,9.1988,73.976,62.938
3664,45.645047,3.628841,366.0272,665.0,0.1101,0.635,11.3855,9.197,73.99,62.945
3665,45.644244,3.629421,366.1272,678.7,0.1102,0.636,11.3688,9.1952,74.004,62.952
3666,45.643441,3.630002,366.2273,683.2,0.1104,0.637,11.3521,9.1934,74.018,62.959
3667,45.642639,3.630582,366.3272,684.8,0.1105,0.638,11.3354,9.1916,74.032,62.966
3668,45.641836,3.631163,366.4273,685.7,0.1107,0.639,11.3187,9.1898,74.046,62.973
3669,45.641033,3.631743,366.5273,682.1,0.1108,0.64,11.302,9.188,74.06,62.98
3670,45.640231,3.632323,366.6272,680.4,0.111,0.641,11.2853,9.1862,74.074,62.987
3671,45.639428,3.632904,366.7273,697.0,0.1111,0.642,11.2686,9.1844,74.088,62.994
3672,45.638625,3.633484,366.8273,711.7,0.1112,0.643,11.2519,9.1826,74.102,63.001
3673,45.637822,3.634064,366.9273,725.4,0.1114,0.644,11.2352,9.1808,74.116,63.008
3674,45.63702,3.634645,367.0273,735.3,0.1115,0.645,11.2185,9.179,74.13,63.015
3675,45.636217,3.635225,367.1273,743.7,0.1117,0.646,11.2018,9.1772,74.144,63.022
3676,45.635414,3.635806,367.2274,747.4,0.1118,0.647,11.1851,9.1754,74.158,63.029
3677,45.634612,3.636386,367.3273,743.2,0.112,0.648,11.1684,9.1736,74.172,63.036
3678,45.633809,3.636966,367.4273,734.3,0.1121,0.649,11.1517,9.1718,74.186,63.043
3679,45.633006,3.637547,367.5274,729.0,0.1123,0.65,11.135,9.17,74.2,63.05
3680,45.632204,3.638127,367.6273,722.1,0.1124,0.651,11.1183,9.1682,74.214,63.057
3681,45.631401,3.638707,367.7273,721.9,0.1125,0.652,11.1016,9.1664,74.228,63.064
3682,45.630598,3.639288,367.8274,732.2,0.1127,0.653,11.0849,9.1646,74.242,63.071
3683,45.629795,3.639868,367.9274,744.6,0.1128,0.654,11.0682,9.1628,74.256,63.078
3684,45.628993,3.640449,368.0274,744.7,0.113,0.655,11.0515,9.161,74.27,63.085
3685,45.62819,3.641029,368.1274,727.3,0.1131,0.656,11.0348,9.1592,74.284,63.092
3686,45.627387,3.641609,368.2274,713.7,0.1133,0.657,11.0181,9.1574,74.298,63.099
3687,45.626585,3.64219,368.3274,717.7,0.1134,0.658,11.0014,9.1556,74.312,63.106
3688,45.625782,3.64277,368.4274,718.1,0.1135,0.659,10.9847,9.1538,74.326,63.113
3689,45.624979,3.64335,368.5274,719.4,0.1137,0.66,10.968,9.152,74.34,63.12
3690,45.624177,3.643931,368.6274,728.9,0.1138,0.661,10.9513,9.1502,74.354,63.127
3691,45.623374,3.644511,368.7274,736.8,0.114,0.662,10.9346,9.1484,74.368,63.134
3692,45.622571,3.645092,368.8275,742.4,0.1141,0.663,10.9179,9.1466,74.382,63.141
3693,45.621768,3.645672,368.9275,749.0,0.1143,0.664,10.9012,9.1448,74.396,63.148
3694,45.620966,3.646252,369.0274,744.9,0.1144,0.665,10.8845,9.143,74.41,63.155
3695,45.620163,3.646833,369.1275,737.9,0.1145,0.666,10.8678,9.1412,74.424,63.162
3696,45.61936,3.647413,369.2275,745.1,0.1147,0.667,10.8511,9.1394,74.438,63.169
3697,45.618558,3.647993,369.3274,758.3,0.1148,0.668,10.8344,9.1376,74.452,63.176
3698,45.617755,3.648574,369.4275,767.9,0.115,0.669,10.8177,9.1358,74.466,63.183
3699,45.616952,3.649154,369.5275,768.7,0.1151,0.67,10.801,9.134,74.48,63.19
3700,45.61615,3.649735,369.6275,753.0,0.1153,0.671,10.7843,9.1322,74.494,63.197
3701,45.615347,3.650315,369.7275,732.3,0.1154,0.672,10.7676,9.1304,74.508,63.204
3702,45.614544,3.650895,369.8275,721.0,0.1155,0.673,10.7509,9.1286,74.522,63.211
3703,45.613741,3.651476,369.9276,701.6,0.1157,0.674,10.7342,9.1268,74.536,63.218
3704,45.612939,3.652056,370.0275,684.7,0.1158,0.675,10.7175,9.125,74.55,63.225
3705,45.612136,3.652636,370.1275,714.6,0.116,0.676,10.7008,9.1232,74.564,63.232
3706,45.611333,3.653217,370.2276,747.1,0.1161,0.677,10.6841,9.1214,74.578,63.239
3707,45.610531,3.653797,370.3275,759.1,0.1163,0.678,10.6674,9.1196,74.592,63.246
3708,45.609728,3.654378,370.4276,765.5,0.1164,0.679,10.6507,9.1178,74.606,63.253
3709,45.608925,3.654958,370.5276,763.8,0.1165,0.68,10.634,9.116,74.62,63.26
3710,45.608123,3.655538,370.6275,768.0,0.1167,0.681,10.6173,9.1142,74.634,63.267
3711,45.60732,3.656119,370.7276,777.6,0.1168,0.682,10.6006,9.1124,74.648,63.274
3712,45.606517,3.656699,370.8276,786.7,0.117,0.683,10.5839,9.1106,74.662,63.281
3713,45.605714,3.657279,370.9276,790.4,0.1171,0.684,10.5672,9.1088,74.676,63.288
3714,45.604912,3.65786,371.0276,798.7,0.1173,0.685,10.5505,9.107,74.69,63.295
3715,45.604109,3.65844,371.1276,812.5,0.1174,0.686,10.5338,9.1052,74.704,63.302
3716,45.603306,3.659021,371.2277,826.7,0.1175,0.687,10.5171,9.1034,74.718,63.309
3717,45.602504,3.659601,371.3276,846.2,0.1177,0.688,10.5004,9.1016,74.732,63.316
3718,45.601701,3.660181,371.4276,880.4,0.1178,0.689,10.4837,9.0998,74.746,63.323
3719,45.600898,3.660762,371.5277,899.1,0.118,0.69,10.467,9.098,74.76,63.33
3720,45.600096,3.661342,371.6276,908.1,0.1181,0.691,10.4503,9.0962,74.774,63.337
3721,45.599293,3.661922,371.7276,910.3,0.1183,0.692,10.4336,9.0944,74.788,63.344
3722,45.59849,3.662503,371.8277,911.8,0.1184,0.693,10.4169,9.0926,74.802,63.351
3723,45.597687,3.663083,371.9277,915.5,0.1185,0.694,10.4002,9.0908,74.816,63.358
3724,45.596885,3.663664,372.0277,913.3,0.1187,0.695,10.3835,9.089,74.83,63.365
3725,45.596082,3.664244,372.1277,910.2,0.1188,0.696,10.3668,9.0872,74.844,63.372
3726,45.595279,3.664824,372.2277,910.0,0.119,0.697,10.3501,9.0854,74.858,63.379
3727,45.594477,3.665405,372.3277,909.9,0.1191,0.698,10.3334,9.0836,74.872,63.386
3728,45.593674,3.665985,372.4277,913.9,0.1193,0.699,10.3167,9.0818,74.886,63.393
3729,45.592871,3.666565,372.5277,915.0,0.1194,0.7,10.3,9.08,74.9,63.4
3730,45.592069,3.667146,372.6277,915.0,0.1194,0.7,10.3245,9.08,74.903,63.4
3731,45.591266,3.667726,372.7277,922.5,0.1194,0.7,10.349,9.08,74.906,63.4
3732,45.590463,3.668306,372.8277,931.0,0.1194,0.7,10.3735,9.08,74.909,63.4
3733,45.58966,3.668887,372.9278,927.7,0.1194,0.7,10.398,9.08,74.912,63.4
3734,45.588858,3.669467,373.0277,927.7,0.1194,0.7,10.4224,9.08,74.915,63.4
3735,45.588055,3.670048,373.1278,934.8,0.1194,0.7,10.4469,9.08,74.918,63.4
3736,45.587252,3.670628,373.2278,949.1,0.1194,0.7,10.4714,9.08,74.921,63.4
3737,45.58645,3.671208,373.3277,964.4,0.1194,0.7,10.4959,9.08,74.924,63.4
3738,45.585647,3.671789,373.4278,974.8,0.1194,0.7,10.5204,9.08,74.927,63.4
3739,45.584844,3.672369,373.5278,977.0,0.1194,0.7,10.5449,9.08,74.93,63.4
3740,45.584042,3.672949,373.6278,968.2,0.1194,0.7,10.5694,9.08,74.933,63.4
3741,45.583239,3.67353,373.7279,950.8,0.1194,0.7,10.5939,9.08,74.936,63.4
3742,45.582436,3.67411,373.8279,935.1,0.1194,0.7,10.6183,9.08,74.939,63.4
3743,45.581633,3.674691,373.928,926.5,0.1194,0.7,10.6429,9.08,74.942,63.4
3744,45.580831,3.675271,374.028,929.7,0.1194,0.7,10.6673,9.08,74.945,63.4
3745,45.580028,3.675851,374.1281,930.9,0.1194,0.7,10.6919,9.08,74.948,63.4
3746,45.579225,3.676432,374.2282,919.9,0.1194,0.7,10.7164,9.08,74.951,63.4
3747,45.578423,3.677012,374.3282,896.1,0.1194,0.7,10.7408,9.08,74.954,63.4
3748,45.57762,3.677592,374.4283,868.9,0.1194,0.7,10.7654,9.08,74.957,63.4
3749,45.576817,3.678173,374.5284,848.5,0.1194,0.7,10.7899,9.08,74.96,63.4
3750,45.576015,3.678753,374.6284,835.4,0.1194,0.7,10.8143,9.08,74.963,63.4
3751,45.575212,3.679334,374.7285,829.3,0.1194,0.7,10.8389,9.08,74.966,63.4
3752,45.574409,3.679914,374.8286,841.4,0.1194,0.7,10.8634,9.08,74.969,63.4
3753,45.573606,3.680494,374.9287,860.6,0.1194,0.7,10.8879,9.08,74.972,63.4
3754,45.572804,3.681075,375.0287,864.2,0.1194,0.7,10.9124,9.08,74.975,63.4
3755,45.572001,3.681655,375.1288,860.1,0.1194,0.7,10.9369,9.08,74.978,63.4
3756,45.571198,3.682235,375.2289,862.1,0.1194,0.7,10.9614,9.08,74.981,63.4
3757,45.570396,3.682816,375.3289,859.1,0.1194,0.7,10.9859,9.08,74.984,63.4
3758,45.569593,3.683396,375.429,845.3,0.1194,0.7,11.0104,9.08,74.987,63.4
3759,45.56879,3.683977,375.5291,833.2,0.1194,0.7,11.0349,9.08,74.99,63.4
3760,45.567988,3.684557,375.6291,822.9,0.1194,0.7,11.0594,9.08,74.993,63.4
3761,45.567185,3.685137,375.7292,807.9,0.1194,0.7,11.0839,9.08,74.996,63.4
3762,45.566382,3.685718,375.8293,792.3,0.1194,0.7,11.1084,9.08,74.999,63.4
3763,45.565579,3.686298,375.9294,771.7,0.1194,0.7,11.1329,9.08,75.002,63.4
3764,45.564777,3.686878,376.0294,769.4,0.1194,0.7,11.1574,9.08,75.005,63.4
3765,45.563974,3.687459,376.1295,790.1,0.1194,0.7,11.1819,9.08,75.008,63.4
3766,45.563171,3.688039,376.2296,806.5,0.1194,0.7,11.2064,9.08,75.011,63.4
3767,45.562369,3.68862,376.3296,807.9,0.1194,0.7,11.2309,9.08,75.014,63.4
3768,45.561566,3.6892,376.4297,803.9,0.1194,0.7,11.2554,9.08,75.017,63.4
3769,45.560763,3.68978,376.5298,792.3,0.1194,0.7,11.2799,9.08,75.02,63.4
3770,45.559961,3.690361,376.6298,774.2,0.1194,0.7,11.3044,9.08,75.023,63.4
3771,45.559158,3.690941,376.7299,752.2,0.1194,0.7,11.3289,9.08,75.026,63.4
3772,45.558355,3.691521,376.83,732.2,0.1194,0.7,11.3534,9.08,75.029,63.4
3773,45.557552,3.692102,376.9301,725.6,0.1194,0.7,11.3779,9.08,75.032,63.4
3774,45.55675,3.692682,377.0301,741.7,0.1194,0.7,11.4024,9.08,75.035,63.4
3775,45.555947,3.693263,377.1302,762.4,0.1194,0.7,11.4269,9.08,75.038,63.4
3776,45.555144,3.693843,377.2303,762.3,0.1194,0.7,11.4514,9.08,75.041,63.4
3777,45.554342,3.694423,377.3303,746.2,0.1194,0.7,11.4759,9.08,75.044,63.4
3778,45.553539,3.695004,377.4304,737.3,0.1194,0.7,11.5004,9.08,75.047,63.4
3779,45.552736,3.695584,377.5305,735.7,0.1194,0.7,11.5249,9.08,75.05,63.4
3780,45.551934,3.696164,377.6305,754.4,0.1194,0.7,11.5494,9.08,75.053,63.4
3781,45.551131,3.696745,377.7306,789.2,0.1194,0.7,11.5739,9.08,75.056,63.4
3782,45.550328,3.697325,377.8307,810.0,0.1194,0.7,11.5984,9.08,75.059,63.4
3783,45.549525,3.697906,377.9308,815.8,0.1194,0.7,11.6229,9.08,75.062,63.4
3784,45.548723,3.698486,378.0308,818.2,0.1194,0.7,11.6474,9.08,75.065,63.4
3785,45.54792,3.699066,378.1309,811.4,0.1194,0.7,11.6719,9.08,75.068,63.4
3786,45.547117,3.699647,378.231,795.6,0.1194,0.7,11.6964,9.08,75.071,63.4
3787,45.546315,3.700227,378.331,777.0,0.1194,0.7,11.7209,9.08,75.074,63.4
3788,45.545512,3.700807,378.4311,764.1,0.1194,0.7,11.7454,9.08,75.077,63.4
3789,45.544709,3.701388,378.5312,755.5,0.1194,0.7,11.7699,9.08,75.08,63.4
3790,45.543907,3.701968,378.6312,757.0,0.1194,0.7,11.7944,9.08,75.083,63.4
3791,45.543104,3.702549,378.7313,759.3,0.1194,0.7,11.8189,9.08,75.086,63.4
3792,45.542301,3.703129,378.8314,737.7,0.1194,0.7,11.8434,9.08,75.089,63.4
3793,45.541498,3.703709,378.9315,699.0,0.1194,0.7,11.8679,9.08,75.092,63.4
3794,45.540696,3.70429,379.0315,675.3,0.1194,0.7,11.8924,9.08,75.095,63.4
3795,45.539893,3.70487,379.1316,684.9,0.1194,0.7,11.9169,9.08,75.098,63.4
3796,45.53909,3.70545,379.2317,685.0,0.1194,0.7,11.9414,9.08,75.101,63.4
3797,45.538288,3.706031,379.3317,679.8,0.1194,0.7,11.9659,9.08,75.104,63.4
3798,45.537485,3.706611,379.4318,694.1,0.1194,0.7,11.9904,9.08,75.107,63.4
3799,45.536682,3.707192,379.5319,706.1,0.1194,0.7,12.0149,9.08,75.11,63.4
3800,45.53588,3.707772,379.6319,712.5,0.1194,0.7,12.0394,9.08,75.113,63.4
3801,45.535077,3.708352,379.732,716.1,0.1194,0.7,12.0639,9.08,75.116,63.4
3802,45.534274,3.708933,379.8321,711.5,0.1194,0.7,12.0885,9.08,75.119,63.4
3803,45.533471,3.709513,379.9322,702.8,0.1194,0.7,12.113,9.08,75.122,63.4
3804,45.532669,3.710093,380.0322,692.2,0.1194,0.7,12.1374,9.08,75.125,63.4
3805,45.531866,3.710674,380.1323,685.4,0.1194,0.7,12.162,9.08,75.128,63.4
3806,45.531063,3.711254,380.2324,683.2,0.1194,0.7,12.1865,9.08,75.131,63.4
3807,45.530261,3.711835,380.3324,676.1,0.1194,0.7,12.2109,9.08,75.134,63.4
3808,45.529458,3.712415,380.4325,672.7,0.1194,0.7,12.2355,9.08,75.137,63.4
3809,45.528655,3.712995,380.5326,657.7,0.1194,0.7,12.26,9.08,75.14,63.4
3810,45.527853,3.713576,380.6326,638.3,0.1194,0.7,12.2845,9.08,75.143,63.4
3811,45.52705,3.714156,380.7327,621.5,0.1194,0.7,12.309,9.08,75.146,63.4
3812,45.526247,3.714736,380.8328,616.7,0.1194,0.7,12.3335,9.08,75.149,63.4
3813,45.525444,3.715317,380.9329,620.7,0.1194,0.7,12.358,9.08,75.152,63.4
3814,45.524642,3.715897,381.0329,620.9,0.1194,0.7,12.3825,9.08,75.155,63.4
3815,45.523839,3.716478,381.133,622.6,0.1194,0.7,12.407,9.08,75.158,63.4
3816,45.523036,3.717058,381.2331,622.5,0.1194,0.7,12.4315,9.08,75.161,63.4
3817,45.522234,3.717638,381.3331,611.7,0.1194,0.7,12.456,9.08,75.164,63.4
3818,45.521431,3.718219,381.4332,592.2,0.1194,0.7,12.4805,9.08,75.167,63.4
3819,45.520628,3.718799,381.5333,581.4,0.1194,0.7,12.505,9.08,75.17,63.4
3820,45.519826,3.719379,381.6333,567.0,0.1194,0.7,12.5295,9.08,75.173,63.4
3821,45.519023,3.71996,381.7334,559.1,0.1194,0.7,12.554,9.08,75.176,63.4
3822,45.51822,3.72054,381.8335,549.1,0.1194,0.7,12.5785,9.08,75.179,63.4
3823,45.517417,3.72112,381.9336,545.1,0.1194,0.7,12.603,9.08,75.182,63.4
3824,45.516615,3.721701,382.0336,540.6,0.1194,0.7,12.6275,9.08,75.185,63.4
3825,45.515812,3.722281,382.1337,540.4,0.1194,0.7,12.652,9.08,75.188,63.4
3826,45.515009,3.722862,382.2338,539.2,0.1194,0.7,12.6765,9.08,75.191,63.4
3827,45.514207,3.723442,382.3338,539.0,0.1194,0.7,12.701,9.08,75.194,63.4
3828,45.513404,3.724022,382.4339,537.5,0.1194,0.7,12.7255,9.08,75.197,63.4
3829,45.512601,3.724603,382.534,536.3,0.1194,0.7,12.75,9.08,75.2,63.4
3830,45.511799,3.725183,382.634,535.2,0.1194,0.7,12.7475,9.08,75.2,63.4
3831,45.510996,3.725763,382.7341,534.9,0.1194,0.7,12.745,9.08,75.2,63.4
3832,45.510142,3.726019,382.8311,535.3,0.1194,0.7,12.7426,9.08,75.2,63.4
3833,45.509243,3.725986,382.9311,536.3,0.1194,0.7,12.7402,9.08,75.2,63.4
3834,45.508344,3.725953,383.0311,536.4,0.1194,0.7,12.7377,9.08,75.2,63.4
3835,45.507445,3.725921,383.1311,536.7,0.1194,0.7,12.7352,9.08,75.2,63.4
3836,45.506546,3.725888,383.2311,537.5,0.1194,0.7,12.7327,9.08,75.2,63.4
3837,45.505647,3.725856,383.3311,538.8,0.1194,0.7,12.7303,9.08,75.2,63.4
3838,45.504748,3.725823,383.4311,538.0,0.1194,0.7,12.7278,9.08,75.2,63.4
3839,45.503849,3.72579,383.5311,539.2,0.1194,0.7,12.7253,9.08,75.2,63.4
3840,45.50295,3.725752,383.6311,538.0,0.1194,0.7,12.7228,9.08,75.2,63.4
3841,45.502051,3.725712,383.7311,537.8,0.1194,0.7,12.7204,9.08,75.2,63.4
3842,45.501152,3.725672,383.8311,538.6,0.1194,0.7,12.7179,9.08,75.2,63.4
3843,45.500253,3.725631,383.9311,538.7,0.1194,0.7,12.7154,9.08,75.2,63.4
3844,45.499354,3.725591,384.0311,539.0,0.1194,0.7,12.7129,9.08,75.2,63.4
3845,45.498456,3.725551,384.131,539.9,0.1194,0.7,12.7104,9.08,75.2,63.4
3846,45.497557,3.72551,384.231,539.2,0.1194,0.7,12.708,9.08,75.2,63.4
3847,45.496658,3.72547,384.331,538.6,0.1194,0.7,12.7055,9.08,75.2,63.4
3848,45.495759,3.72543,384.431,539.8,0.1194,0.7,12.703,9.08,75.2,63.4
3849,45.49486,3.725389,384.531,539.2,0.1194,0.7,12.7005,9.08,75.2,63.4
3850,45.493961,3.725349,384.631,540.5,0.1194,0.7,12.6981,9.08,75.2,63.4
3851,45.493062,3.725311,384.731,541.0,0.1194,0.7,12.6956,9.08,75.2,63.4
3852,45.492163,3.725275,384.831,540.3,0.1194,0.7,12.6931,9.08,75.2,63.4
3853,45.491264,3.725239,384.931,541.0,0.1194,0.7,12.6906,9.08,75.2,63.4
3854,45.490365,3.725203,385.031,541.2,0.1194,0.7,12.6882,9.08,75.2,63.4
3855,45.489466,3.725167,385.131,541.4,0.1194,0.7,12.6857,9.08,75.2,63.4
3856,45.488567,3.72513,385.231,542.5,0.1194,0.7,12.6832,9.08,75.2,63.4
3857,45.487668,3.725094,385.331,544.0,0.1194,0.7,12.6807,9.08,75.2,63.4
3858,45.48677,3.725058,385.4309,544.3,0.1194,0.7,12.6783,9.08,75.2,63.4
3859,45.485871,3.725022,385.5309,544.2,0.1194,0.7,12.6758,9.08,75.2,63.4
3860,45.484972,3.724986,385.6309,545.6,0.1194,0.7,12.6733,9.08,75.2,63.4
3861,45.484073,3.724951,385.7309,546.6,0.1194,0.7,12.6708,9.08,75.2,63.4
3862,45.483174,3.724916,385.8309,546.8,0.1194,0.7,12.6683,9.08,75.2,63.4
3863,45.482275,3.724882,385.9309,547.1,0.1194,0.7,12.6659,9.08,75.2,63.4
3864,45.481376,3.724848,386.0309,547.9,0.1194,0.7,12.6634,9.08,75.2,63.4
3865,45.480477,3.724814,386.1309,547.3,0.1194,0.7,12.6609,9.08,75.2,63.4
3866,45.479578,3.72478,386.2309,546.1,0.1194,0.7,12.6584,9.08,75.2,63.4
3867,45.478679,3.724745,386.3309,545.7,0.1194,0.7,12.656,9.08,75.2,63.4
3868,45.47778,3.724711,386.4309,545.3,0.1194,0.7,12.6535,9.08,75.2,63.4
3869,45.476881,3.724682,386.5309,544.8,0.1194,0.7,12.651,9.08,75.2,63.4
3870,45.475981,3.724661,386.631,545.1,0.1194,0.7,12.6485,9.08,75.2,63.4
3871,45.475082,3.72464,386.731,545.3,0.1194,0.7,12.6461,9.08,75.2,63.4
3872,45.474183,3.724619,386.831,544.8,0.1194,0.7,12.6436,9.08,75.2,63.4
3873,45.473284,3.724598,386.931,544.7,0.1194,0.7,12.6411,9.08,75.2,63.4
3874,45.472384,3.724577,387.0311,546.4,0.1194,0.7,12.6386,9.08,75.2,63.4
3875,45.471486,3.724535,387.131,544.6,0.1194,0.7,12.6362,9.08,75.2,63.4
3876,45.470587,3.72449,387.231,545.3,0.1194,0.7,12.6337,9.08,75.2,63.4
3877,45.469688,3.724451,387.331,546.4,0.1194,0.7,12.6312,9.08,75.2,63.4
3878,45.468789,3.724412,387.431,545.1,0.1194,0.7,12.6287,9.08,75.2,63.4
3879,45.46789,3.724374,387.531,545.0,0.1194,0.7,12.6262,9.08,75.2,63.4
3880,45.466991,3.724335,387.631,545.7,0.1194,0.7,12.6238,9.08,75.2,63.4
3881,45.466092,3.724296,387.731,547.2,0.1194,0.7,12.6213,9.08,75.2,63.4
3882,45.465193,3.724257,387.831,547.4,0.1194,0.7,12.6188,9.08,75.2,63.4
3883,45.464295,3.724218,387.9309,546.4,0.1194,0.7,12.6163,9.08,75.2,63.4
3884,45.463396,3.72418,388.0309,546.2,0.1194,0.7,12.6139,9.08,75.2,63.4
3885,45.462497,3.724141,388.1309,547.0,0.1194,0.7,12.6114,9.08,75.2,63.4
3886,45.461598,3.724102,388.2309,545.9,0.1194,0.7,12.6089,9.08,75.2,63.4
3887,45.460699,3.724064,388.3309,547.4,0.1194,0.7,12.6064,9.08,75.2,63.4
3888,45.4598,3.724025,388.4309,548.2,0.1194,0.7,12.604,9.08,75.2,63.4
3889,45.458901,3.723986,388.5309,550.3,0.1194,0.7,12.6015,9.08,75.2,63.4
3890,45.458002,3.723948,388.6309,552.6,0.1194,0.7,12.599,9.08,75.2,63.4
3891,45.457103,3.723909,388.7309,552.1,0.1194,0.7,12.5965,9.08,75.2,63.4
3892,45.456204,3.72387,388.8309,551.2,0.1194,0.7,12.5941,9.08,75.2,63.4
3893,45.455305,3.723832,388.9309,551.7,0.1194,0.7,12.5916,9.08,75.2,63.4
3894,45.454407,3.723793,389.0308,552.6,0.1194,0.7,12.5891,9.08,75.2,63.4
3895,45.453508,3.723756,389.1308,552.9,0.1194,0.7,12.5866,9.08,75.2,63.4
3896,45.452609,3.723725,389.2308,553.4,0.1194,0.7,12.5841,9.08,75.2,63.4
3897,45.451709,3.723694,389.3309,555.7,0.1194,0.7,12.5817,9.08,75.2,63.4
3898,45.450815,3.723757,389.4304,556.7,0.1194,0.7,12.5792,9.08,75.2,63.4
3899,45.449971,3.724168,389.5296,555.6,0.1194,0.7,12.5767,9.08,75.2,63.4
3900,45.449199,3.724824,389.6295,555.5,0.1194,0.7,12.5743,9.08,75.2,63.4
3901,45.448438,3.725507,389.7295,554.4,0.1194,0.7,12.5718,9.08,75.2,63.4
3902,45.447677,3.72619,389.8295,553.6,0.1194,0.7,12.5693,9.08,75.2,63.4
3903,45.446917,3.726875,389.9295,552.5,0.1194,0.7,12.5668,9.08,75.2,63.4
3904,45.446157,3.727561,390.0295,550.5,0.1194,0.7,12.5644,9.08,75.2,63.4
3905,45.445397,3.728247,390.1295,551.7,0.1194,0.7,12.5619,9.08,75.2,63.4
3906,45.444638,3.728933,390.2294,552.3,0.1194,0.7,12.5594,9.08,75.2,63.4
3907,45.443878,3.729618,390.3294,550.8,0.1194,0.7,12.5569,9.08,75.2,63.4
3908,45.443118,3.730304,390.4294,551.4,0.1194,0.7,12.5545,9.08,75.2,63.4
3909,45.442358,3.73099,390.5294,551.1,0.1194,0.7,12.552,9.08,75.2,63.4
3910,45.441599,3.731676,390.6293,550.9,0.1194,0.7,12.5495,9.08,75.2,63.4
3911,45.440839,3.732362,390.7293,551.7,0.1194,0.7,12.547,9.08,75.2,63.4
3912,45.440079,3.733047,390.8293,553.1,0.1194,0.7,12.5446,9.08,75.2,63.4
3913,45.439321,3.733738,390.9294,552.5,0.1194,0.7,12.5421,9.08,75.2,63.4
3914,45.438558,3.73441,391.0291,553.3,0.1194,0.7,12.5396,9.08,75.2,63.4
3915,45.437703,3.734804,391.129,554.1,0.1194,0.7,12.5371,9.08,75.2,63.4
3916,45.436828,3.735099,391.229,555.1,0.1194,0.7,12.5347,9.08,75.2,63.4
3917,45.435937,3.735266,391.3289,554.8,0.1194,0.7,12.5322,9.08,75.2,63.4
3918,45.435041,3.73538,391.4289,556.8,0.1194,0.7,12.5297,9.08,75.2,63.4
3919,45.434145,3.735332,391.5286,558.8,0.1194,0.7,12.5272,9.08,75.2,63.4
3920,45.433258,3.735137,391.6284,559.3,0.1194,0.7,12.5248,9.08,75.2,63.4
3921,45.432381,3.734855,391.7284,562.4,0.1194,0.7,12.5223,9.08,75.2,63.4
3922,45.431504,3.734573,391.8284,566.0,0.1194,0.7,12.5198,9.08,75.2,63.4
3923,45.430627,3.734292,391.9284,566.7,0.1194,0.7,12.5173,9.08,75.2,63.4
3924,45.429747,3.734021,392.0285,566.9,0.1194,0.7,12.5149,9.08,75.2,63.4
3925,45.428868,3.733751,392.1285,568.6,0.1194,0.7,12.5124,9.08,75.2,63.4
3926,45.427989,3.73348,392.2285,570.7,0.1194,0.7,12.5099,9.08,75.2,63.4
3927,45.42711,3.733209,392.3285,572.7,0.1194,0.7,12.5074,9.08,75.2,63.4
3928,45.426231,3.732939,392.4285,574.0,0.1194,0.7,12.505,9.08,75.2,63.4
3929,45.425352,3.732668,392.5285,574.8,0.1194,0.7,12.5025,9.08,75.2,63.4
3930,45.424473,3.732398,392.6285,575.0,0.1194,0.7,12.5,9.08,75.2,63.4
3931,45.423594,3.732127,392.7285,576.9,0.1194,0.7,12.491,9.08,75.199,63.4
3932,45.422713,3.731871,392.8285,578.4,0.1194,0.7,12.4821,9.08,75.198,63.4
3933,45.42183,3.731625,392.9285,580.9,0.1194,0.7,12.4731,9.08,75.197,63.4
3934,45.420948,3.731379,393.0284,584.2,0.1194,0.7,12.4641,9.08,75.196,63.4
3935,45.420065,3.731134,393.1284,584.5,0.1194,0.7,12.4552,9.08,75.195,63.4
3936,45.419183,3.730888,393.2283,587.1,0.1194,0.7,12.4462,9.08,75.194,63.4
3937,45.418303,3.730622,393.3283,588.6,0.1194,0.7,12.4372,9.08,75.193,63.4
3938,45.417425,3.730346,393.4283,589.9,0.1194,0.7,12.4283,9.08,75.192,63.4
3939,45.416547,3.73007,393.5283,592.4,0.1194,0.7,12.4193,9.08,75.191,63.4
3940,45.415668,3.729793,393.6284,594.3,0.1194,0.7,12.4103,9.08,75.19,63.4
3941,45.41479,3.729517,393.7284,594.9,0.1194,0.7,12.4014,9.08,75.189,63.4
3942,45.413912,3.729241,393.8284,594.8,0.1194,0.7,12.3924,9.08,75.188,63.4
3943,45.413034,3.728965,393.9284,594.5,0.1194,0.7,12.3834,9.08,75.187,63.4
3944,45.412155,3.72869,394.0285,595.3,0.1194,0.7,12.3744,9.08,75.186,63.4
3945,45.411276,3.728425,394.1284,596.0,0.1194,0.7,12.3655,9.08,75.1851,63.4
3946,45.410409,3.72809,394.2283,595.0,0.1194,0.7,12.3565,9.08,75.1841,63.4
3947,45.409554,3.727694,394.3283,595.7,0.1194,0.7,12.3476,9.08,75.1831,63.4
3948,45.409666,3.727289,394.3623,597.7,0.1194,0.7,12.3445,9.08,75.1827,63.4
3949,45.410519,3.726878,394.4624,600.6,0.1194,0.7,12.3355,9.08,75.1817,63.4
3950,45.411371,3.726467,394.5624,604.0,0.1194,0.7,12.3266,9.08,75.1807,63.4
3951,45.412223,3.726056,394.6624,608.0,0.1194,0.7,12.3176,9.08,75.1797,63.4
3952,45.413075,3.725645,394.7624,611.8,0.1194,0.7,12.3086,9.08,75.1787,63.4
3953,45.413928,3.725234,394.8625,610.3,0.1194,0.7,12.2997,9.08,75.1777,63.4
3954,45.41478,3.724823,394.9625,607.7,0.1194,0.7,12.2907,9.08,75.1767,63.4
3955,45.415632,3.724412,395.0625,604.9,0.1194,0.7,12.2817,9.08,75.1757,63.4
3956,45.416484,3.724001,395.1625,595.7,0.1194,0.7,12.2728,9.08,75.1748,63.4
3957,45.417337,3.72359,395.2626,586.6,0.1194,0.7,12.2638,9.08,75.1738,63.4
3958,45.418189,3.723179,395.3626,581.6,0.1194,0.7,12.2548,9.08,75.1728,63.4
3959,45.419041,3.722768,395.4626,574.0,0.1194,0.7,12.2458,9.08,75.1718,63.4
3960,45.419893,3.722357,395.5626,570.0,0.1194,0.7,12.2369,9.08,75.1708,63.4
3961,45.420746,3.721946,395.6627,571.5,0.1194,0.7,12.2279,9.08,75.1698,63.4
3962,45.421598,3.721535,395.7627,571.8,0.1194,0.7,12.2189,9.08,75.1688,63.4
3963,45.42245,3.721124,395.8627,575.9,0.1194,0.7,12.21,9.08,75.1678,63.4
3964,45.423302,3.720713,395.9627,580.0,0.1194,0.7,12.201,9.08,75.1668,63.4
3965,45.424154,3.720302,396.0627,583.9,0.1194,0.7,12.192,9.08,75.1658,63.4
3966,45.425007,3.719891,396.1628,588.9,0.1194,0.7,12.183,9.08,75.1648,63.4
3967,45.425859,3.71948,396.2628,596.9,0.1194,0.7,12.1741,9.08,75.1638,63.4
3968,45.426711,3.719069,396.3628,600.1,0.1194,0.7,12.1651,9.08,75.1628,63.4
3969,45.427563,3.718658,396.4628,599.8,0.1194,0.7,12.1561,9.08,75.1618,63.4
3970,45.428416,3.718247,396.5629,594.6,0.1194,0.7,12.1472,9.08,75.1608,63.4
3971,45.429268,3.717835,396.6629,599.0,0.1194,0.7,12.1382,9.08,75.1598,63.4
3972,45.43012,3.717424,396.7629,616.8,0.1194,0.7,12.1292,9.08,75.1588,63.4
3973,45.430972,3.717013,396.8629,627.0,0.1194,0.7,12.1203,9.08,75.1578,63.4
3974,45.431825,3.716602,396.963,635.0,0.1194,0.7,12.1113,9.08,75.1568,63.4
3975,45.432677,3.716191,397.063,639.4,0.1194,0.7,12.1023,9.08,75.1558,63.4
3976,45.433529,3.71578,397.163,641.8,0.1194,0.7,12.0934,9.08,75.1548,63.4
3977,45.434381,3.715369,397.263,646.9,0.1194,0.7,12.0844,9.08,75.1538,63.4
3978,45.435234,3.714958,397.3631,656.2,0.1194,0.7,12.0754,9.08,75.1528,63.4
3979,45.436086,3.714547,397.4631,658.3,0.1194,0.7,12.0664,9.08,75.1518,63.4
3980,45.436938,3.714136,397.5631,648.0,0.1194,0.7,12.0575,9.08,75.1508,63.4
3981,45.43779,3.713725,397.6631,637.8,0.1194,0.7,12.0485,9.08,75.1498,63.4
3982,45.438643,3.713314,397.7632,616.4,0.1194,0.7,12.0395,9.08,75.1488,63.4
3983,45.439495,3.712903,397.8632,600.5,0.1194,0.7,12.0306,9.08,75.1478,63.4
3984,45.440347,3.712492,397.9632,593.9,0.1194,0.7,12.0216,9.08,75.1468,63.4
3985,45.441199,3.712081,398.0632,592.6,0.1194,0.7,12.0126,9.08,75.1458,63.4
3986,45.442051,3.71167,398.1632,593.5,0.1194,0.7,12.0037,9.08,75.1449,63.4
3987,45.442904,3.711259,398.2633,593.0,0.1194,0.7,11.9947,9.08,75.1439,63.4
3988,45.443756,3.710848,398.3633,592.6,0.1194,0.7,11.9857,9.08,75.1429,63.4
3989,45.444608,3.710437,398.4633,589.4,0.1194,0.7,11.9767,9.08,75.1419,63.4
3990,45.44546,3.710026,398.5633,588.1,0.1194,0.7,11.9678,9.08,75.1409,63.4
3991,45.446313,3.709615,398.6634,598.1,0.1194,0.7,11.9588,9.08,75.1399,63.4
3992,45.447165,3.709204,398.7634,604.8,0.1194,0.7,11.9498,9.08,75.1389,63.4
3993,45.448017,3.708793,398.8634,608.5,0.1194,0.7,11.9409,9.08,75.1379,63.4
3994,45.448869,3.708382,398.9634,614.4,0.1194,0.7,11.9319,9.08,75.1369,63.4
3995,45.449722,3.707971,399.0635,619.7,0.1194,0.7,11.9229,9.08,75.1359,63.4
3996,45.450574,3.707559,399.1635,616.9,0.1194,0.7,11.9139,9.08,75.1349,63.4
3997,45.451426,3.707148,399.2635,610.4,0.1194,0.7,11.905,9.08,75.1339,63.4
3998,45.452278,3.706737,399.3635,605.4,0.1194,0.7,11.896,9.08,75.1329,63.4
3999,45.453131,3.706326,399.4636,604.3,0.1194,0.7,11.887,9.08,75.1319,63.4
4000,45.453983,3.705915,399.5636,608.3,0.1194,0.7,11.8781,9.08,75.1309,63.4
4001,45.454835,3.705504,399.6636,612.6,0.1194,0.7,11.8691,9.08,75.1299,63.4
4002,45.455687,3.705093,399.7636,621.5,0.1194,0.7,11.8601,9.08,75.1289,63.4
4003,45.456539,3.704682,399.8636,631.1,0.1194,0.7,11.8512,9.08,75.1279,63.4
4004,45.457392,3.704271,399.9637,638.9,0.1194,0.7,11.8422,9.08,75.1269,63.4
4005,45.458244,3.70386,400.0637,647.6,0.1194,0.7,11.8332,9.08,75.1259,63.4
4006,45.459096,3.703449,400.1637,658.0,0.1194,0.7,11.8243,9.08,75.1249,63.4
4007,45.459948,3.703038,400.2637,669.0,0.1194,0.7,11.8153,9.08,75.1239,63.4
4008,45.460801,3.702627,400.3638,674.5,0.1194,0.7,11.8063,9.08,75.1229,63.4
4009,45.461653,3.702216,400.4638,683.2,0.1194,0.7,11.7973,9.08,75.1219,63.4
4010,45.462505,3.701805,400.5638,686.9,0.1194,0.7,11.7884,9.08,75.1209,63.4
4011,45.463357,3.701394,400.6638,684.3,0.1194,0.7,11.7794,9.08,75.1199,63.4
4012,45.46421,3.700983,400.7639,679.0,0.1194,0.7,11.7704,9.08,75.1189,63.4
4013,45.465062,3.700572,400.8639,679.9,0.1194,0.7,11.7615,9.08,75.1179,63.4
4014,45.465914,3.700161,400.9639,690.8,0.1194,0.7,11.7525,9.08,75.1169,63.4
4015,45.466766,3.69975,401.0639,703.0,0.1194,0.7,11.7435,9.08,75.1159,63.4
4016,45.467619,3.699339,401.164,705.5,0.1194,0.7,11.7345,9.08,75.1149,63.4
4017,45.468471,3.698928,401.264,707.7,0.1194,0.7,11.7256,9.08,75.114,63.4
4018,45.469323,3.698517,401.364,711.1,0.1194,0.7,11.7166,9.08,75.113,63.4
4019,45.470175,3.698106,401.464,710.4,0.1194,0.7,11.7076,9.08,75.112,63.4
4020,45.471028,3.697695,401.5641,713.8,0.1194,0.7,11.6987,9.08,75.111,63.4
4021,45.47188,3.697284,401.6641,720.9,0.1194,0.7,11.6897,9.08,75.11,63.4
4022,45.472732,3.696872,401.7641,730.3,0.1194,0.7,11.6807,9.08,75.109,63.4
4023,45.473584,3.696461,401.8641,733.4,0.1194,0.7,11.6718,9.08,75.108,63.4
4024,45.474436,3.69605,401.9641,733.6,0.1194,0.7,11.6628,9.08,75.107,63.4
4025,45.475289,3.695639,402.0642,739.9,0.1194,0.7,11.6538,9.08,75.106,63.4
4026,45.476141,3.695228,402.1642,743.5,0.1194,0.7,11.6448,9.08,75.105,63.4
4027,45.476993,3.694817,402.2642,744.5,0.1194,0.7,11.6359,9.08,75.104,63.4
4028,45.477845,3.694406,402.3642,727.8,0.1194,0.7,11.6269,9.08,75.103,63.4
4029,45.478698,3.693995,402.4643,699.4,0.1194,0.7,11.6179,9.08,75.102,63.4
4030,45.47955,3.693584,402.5643,696.8,0.1194,0.7,11.609,9.08,75.101,63.4
4031,45.480402,3.693173,402.6643,704.2,0.1194,0.7,11.6,9.08,75.1,63.4
4032,45.481254,3.692762,402.7643,703.7,0.1194,0.7,11.5825,9.08,75.097,63.4
4033,45.482107,3.692351,402.8644,695.0,0.1194,0.7,11.565,9.08,75.094,63.4
4034,45.482959,3.69194,402.9644,672.7,0.1194,0.7,11.5475,9.08,75.091,63.4
4035,45.483811,3.691529,403.0644,654.4,0.1194,0.7,11.53,9.08,75.088,63.4
4036,45.484663,3.691118,403.1644,653.7,0.1194,0.7,11.5125,9.08,75.085,63.4
4037,45.485516,3.690707,403.2645,673.3,0.1194,0.7,11.495,9.08,75.082,63.4
4038,45.486368,3.690296,403.3645,693.0,0.1194,0.7,11.4775,9.08,75.079,63.4
4039,45.48722,3.689885,403.4645,700.9,0.1194,0.7,11.46,9.08,75.076,63.4
4040,45.488072,3.689474,403.5645,697.7,0.1194,0.7,11.4425,9.08,75.073,63.4
4041,45.488925,3.689063,403.6646,702.9,0.1194,0.7,11.425,9.08,75.07,63.4
4042,45.489777,3.688652,403.7646,717.5,0.1194,0.7,11.4075,9.08,75.067,63.4
4043,45.490629,3.688241,403.8646,723.1,0.1194,0.7,11.39,9.08,75.064,63.4
4044,45.491481,3.68783,403.9646,729.3,0.1194,0.7,11.3725,9.08,75.061,63.4
4045,45.492333,3.687419,404.0646,742.1,0.1194,0.7,11.355,9.08,75.058,63.4
4046,45.493186,3.687008,404.1647,754.6,0.1194,0.7,11.3375,9.08,75.055,63.4
4047,45.494038,3.686596,404.2647,766.0,0.1194,0.7,11.32,9.08,75.052,63.4
4048,45.49489,3.686185,404.3647,768.1,0.1194,0.7,11.3025,9.08,75.049,63.4
4049,45.495742,3.685774,404.4647,763.1,0.1194,0.7,11.285,9.08,75.046,63.4
4050,45.496595,3.685363,404.5648,756.2,0.1194,0.7,11.2675,9.08,75.043,63.4
4051,45.497447,3.684952,404.6648,763.3,0.1194,0.7,11.25,9.08,75.04,63.4
4052,45.498299,3.684541,404.7648,771.2,0.1194,0.7,11.2325,9.08,75.037,63.4
4053,45.499151,3.68413,404.8648,778.7,0.1194,0.7,11.215,9.08,75.034,63.4
4054,45.500004,3.683719,404.9649,790.5,0.1194,0.7,11.1975,9.08,75.031,63.4
4055,45.500856,3.683308,405.0649,799.5,0.1194,0.7,11.18,9.08,75.028,63.4
4056,45.501708,3.682897,405.1649,805.0,0.1194,0.7,11.1625,9.08,75.025,63.4
4057,45.50256,3.682486,405.2649,811.4,0.1194,0.7,11.145,9.08,75.022,63.4
4058,45.503413,3.682075,405.365,821.3,0.1194,0.7,11.1275,9.08,75.019,63.4
4059,45.504265,3.681664,405.465,828.4,0.1194,0.7,11.11,9.08,75.016,63.4
4060,45.505117,3.681253,405.565,831.5,0.1194,0.7,11.0925,9.08,75.013,63.4
4061,45.505969,3.680842,405.665,833.0,0.1194,0.7,11.075,9.08,75.01,63.4
4062,45.506821,3.680431,405.765,828.1,0.1194,0.7,11.0575,9.08,75.007,63.4
4063,45.507674,3.68002,405.8651,814.9,0.1194,0.7,11.04,9.08,75.004,63.4
4064,45.508526,3.679609,405.9651,811.9,0.1194,0.7,11.0225,9.08,75.001,63.4
4065,45.509378,3.679198,406.0651,814.4,0.1194,0.7,11.005,9.08,74.998,63.4
4066,45.51023,3.678787,406.1651,825.1,0.1194,0.7,10.9875,9.08,74.995,63.4
4067,45.511083,3.678376,406.2652,818.5,0.1194,0.7,10.97,9.08,74.992,63.4
4068,45.511935,3.677965,406.3652,808.9,0.1194,0.7,10.9525,9.08,74.989,63.4
4069,45.512787,3.677554,406.4652,806.9,0.1194,0.7,10.935,9.08,74.986,63.4
4070,45.513639,3.677143,406.5652,832.0,0.1194,0.7,10.9175,9.08,74.983,63.4
4071,45.514492,3.676732,406.6653,860.2,0.1194,0.7,10.9,9.08,74.98,63.4
4072,45.515344,3.676321,406.7653,889.7,0.1194,0.7,10.8825,9.08,74.977,63.4
4073,45.516196,3.675909,406.8653,910.0,0.1194,0.7,10.865,9.08,74.974,63.4
4074,45.517048,3.675498,406.9653,927.4,0.1194,0.7,10.8475,9.08,74.971,63.4
4075,45.517901,3.675087,407.0654,951.8,0.1194,0.7,10.83,9.08,74.968,63.4
4076,45.518753,3.674676,407.1654,976.5,0.1194,0.7,10.8125,9.08,74.965,63.4
4077,45.519605,3.674265,407.2654,995.9,0.1194,0.7,10.795,9.08,74.962,63.4
4078,45.520457,3.673854,407.3654,1013.5,0.1194,0.7,10.7775,9.08,74.959,63.4
4079,45.52131,3.673443,407.4655,1016.2,0.1194,0.7,10.76,9.08,74.956,63.4
4080,45.522162,3.673032,407.5655,1002.1,0.1194,0.7,10.7425,9.08,74.953,63.4
4081,45.523014,3.672621,407.6655,998.9,0.1194,0.7,10.725,9.08,74.95,63.4
4082,45.523866,3.67221,407.7655,1015.2,0.1194,0.7,10.7075,9.08,74.947,63.4
4083,45.524718,3.671799,407.8655,1014.4,0.1194,0.7,10.69,9.08,74.944,63.4
4084,45.525571,3.671388,407.9656,1008.5,0.1194,0.7,10.6725,9.08,74.941,63.4
4085,45.526423,3.670977,408.0656,1004.1,0.1194,0.7,10.655,9.08,74.938,63.4
4086,45.527275,3.670566,408.1656,1002.8,0.1194,0.7,10.6375,9.08,74.935,63.4
4087,45.528127,3.670155,408.2656,987.2,0.1194,0.7,10.62,9.08,74.932,63.4
4088,45.52898,3.669744,408.3657,962.3,0.1194,0.7,10.6025,9.08,74.929,63.4
4089,45.529832,3.669333,408.4657,946.3,0.1194,0.7,10.585,9.08,74.926,63.4
4090,45.530684,3.668922,408.5657,953.9,0.1194,0.7,10.5675,9.08,74.923,63.4
4091,45.531536,3.668511,408.6657,967.8,0.1194,0.7,10.55,9.08,74.92,63.4
4092,45.532389,3.6681,408.7658,966.1,0.1194,0.7,10.5325,9.08,74.917,63.4
4093,45.533241,3.667689,408.8658,965.2,0.1194,0.7,10.515,9.08,74.914,63.4
4094,45.534093,3.667278,408.9658,964.3,0.1194,0.7,10.4975,9.08,74.911,63.4
4095,45.534945,3.666867,409.0658,971.8,0.1194,0.7,10.48,9.08,74.908,63.4
4096,45.535798,3.666456,409.1659,986.8,0.1194,0.7,10.4625,9.08,74.905,63.4
4097,45.53665,3.666045,409.2659,995.8,0.1194,0.7,10.445,9.08,74.902,63.4
4098,45.537502,3.665634,409.3659,1010.3,0.1194,0.7,10.4275,9.08,74.899,63.4
4099,45.538354,3.665222,409.4659,1028.5,0.1194,0.7,10.41,9.08,74.896,63.4
4100,45.539206,3.664811,409.5659,1032.7,0.1194,0.7,10.3925,9.08,74.893,63.4
4101,45.540059,3.6644,409.666,1025.5,0.1194,0.7,10.375,9.08,74.89,63.4
4102,45.540911,3.663989,409.766,1001.9,0.1194,0.7,10.3575,9.08,74.887,63.4
4103,45.541763,3.663578,409.866,977.2,0.1194,0.7,10.34,9.08,74.884,63.4
4104,45.542615,3.663167,409.966,958.5,0.1194,0.7,10.3225,9.08,74.881,63.4
4105,45.543468,3.662756,410.0661,948.3,0.1194,0.7,10.305,9.08,74.878,63.4
4106,45.54432,3.662345,410.1661,939.3,0.1194,0.7,10.2875,9.08,74.875,63.4
4107,45.545172,3.661934,410.2661,945.6,0.1194,0.7,10.27,9.08,74.872,63.4
4108,45.546024,3.661523,410.3661,949.6,0.1194,0.7,10.2525,9.08,74.869,63.4
4109,45.546877,3.661112,410.4662,938.4,0.1194,0.7,10.235,9.08,74.866,63.4
4110,45.547729,3.660701,410.5662,920.7,0.1194,0.7,10.2175,9.08,74.863,63.4
4111,45.548581,3.66029,410.6662,897.3,0.1194,0.7,10.2,9.08,74.86,63.4
4112,45.549433,3.659879,410.7662,884.6,0.1194,0.7,10.1825,9.08,74.857,63.4
4113,45.550286,3.659468,410.8663,860.4,0.1194,0.7,10.165,9.08,74.854,63.4
4114,45.551138,3.659057,410.9663,838.5,0.1194,0.7,10.1475,9.08,74.851,63.4
4115,45.55199,3.658646,411.0663,829.2,0.1194,0.7,10.13,9.08,74.848,63.4
4116,45.552842,3.658235,411.1663,822.7,0.1194,0.7,10.1125,9.08,74.845,63.4
4117,45.553695,3.657824,411.2664,819.6,0.1194,0.7,10.095,9.08,74.842,63.4
4118,45.554547,3.657413,411.3664,826.2,0.1194,0.7,10.0775,9.08,74.839,63.4
4119,45.555399,3.657002,411.4664,844.1,0.1194,0.7,10.06,9.08,74.836,63.4
4120,45.556251,3.656591,411.5664,852.7,0.1194,0.7,10.0425,9.08,74.833,63.4
4121,45.557103,3.65618,411.6664,860.0,0.1194,0.7,10.025,9.08,74.83,63.4
4122,45.557956,3.655769,411.7665,872.0,0.1194,0.7,10.0075,9.08,74.827,63.4
4123,45.558808,3.655358,411.8665,878.8,0.1194,0.7,9.99,9.08,74.824,63.4
4124,45.55966,3.654946,411.9665,877.4,0.1194,0.7,9.9725,9.08,74.821,63.4
4125,45.560512,3.654535,412.0665,886.3,0.1194,0.7,9.955,9.08,74.818,63.4
4126,45.561365,3.654124,412.1666,891.8,0.1194,0.7,9.9375,9.08,74.815,63.4
4127,45.562217,3.653713,412.2666,897.4,0.1194,0.7,9.92,9.08,74.812,63.4
4128,45.563069,3.653302,412.3666,913.2,0.1194,0.7,9.9025,9.08,74.809,63.4
4129,45.563921,3.652891,412.4666,932.3,0.1194,0.7,9.885,9.08,74.806,63.4
4130,45.564774,3.65248,412.5667,955.0,0.1194,0.7,9.8675,9.08,74.803,63.4
4131,45.565626,3.652069,412.6667,980.9,0.1194,0.7,9.85,9.08,74.8,63.4
4132,45.566478,3.651658,412.7667,999.3,0.1193,0.699,9.8652,9.0818,74.787,63.393
4133,45.56733,3.651247,412.8667,1009.3,0.1191,0.698,9.8804,9.0836,74.774,63.386
4134,45.568183,3.650836,412.9668,1004.4,0.119,0.697,9.8956,9.0854,74.761,63.379
4135,45.569035,3.650425,413.0668,1004.3,0.1188,0.696,9.9108,9.0872,74.748,63.372
4136,45.569887,3.650014,413.1668,1005.8,0.1187,0.695,9.926,9.089,74.735,63.365
4137,45.570739,3.649603,413.2668,1003.2,0.1185,0.694,9.9412,9.0908,74.722,63.358
4138,45.571591,3.649192,413.3668,1002.7,0.1184,0.693,9.9564,9.0926,74.709,63.351
4139,45.572444,3.648781,413.4669,1011.1,0.1183,0.692,9.9716,9.0944,74.696,63.344
4140,45.573296,3.64837,413.5669,1017.1,0.1181,0.691,9.9868,9.0962,74.683,63.337
4141,45.574148,3.647959,413.6669,1013.9,0.118,0.69,10.002,9.098,74.67,63.33
4142,45.575,3.647548,413.7669,1005.8,0.1178,0.689,10.0172,9.0998,74.657,63.323
4143,45.575853,3.647137,413.867,993.6,0.1177,0.688,10.0324,9.1016,74.644,63.316
4144,45.576705,3.646726,413.967,987.9,0.1175,0.687,10.0476,9.1034,74.631,63.309
4145,45.577557,3.646315,414.067,977.3,0.1174,0.686,10.0628,9.1052,74.618,63.302
4146,45.578409,3.645904,414.167,964.2,0.1173,0.685,10.078,9.107,74.605,63.295
4147,45.579262,3.645493,414.2671,956.5,0.1171,0.684,10.0932,9.1088,74.592,63.288
4148,45.580114,3.645082,414.3671,944.1,0.117,0.683,10.1084,9.1106,74.579,63.281
4149,45.580966,3.644671,414.4671,917.7,0.1168,0.682,10.1236,9.1124,74.566,63.274
4150,45.581818,3.644259,414.5671,888.8,0.1167,0.681,10.1388,9.1142,74.553,63.267
4151,45.582671,3.643848,414.6672,868.0,0.1165,0.68,10.154,9.116,74.54,63.26
4152,45.583523,3.643437,414.7672,847.0,0.1164,0.679,10.1692,9.1178,74.527,63.253
4153,45.584375,3.643026,414.8672,838.1,0.1163,0.678,10.1844,9.1196,74.514,63.246
4154,45.585227,3.642615,414.9672,833.0,0.1161,0.677,10.1996,9.1214,74.501,63.239
4155,45.58608,3.642204,415.0673,829.4,0.116,0.676,10.2148,9.1232,74.488,63.232
4156,45.586932,3.641793,415.1673,827.7,0.1158,0.675,10.23,9.125,74.475,63.225
4157,45.587784,3.641382,415.2673,828.6,0.1157,0.674,10.2452,9.1268,74.462,63.218
4158,45.588636,3.640971,415.3673,832.0,0.1155,0.673,10.2604,9.1286,74.449,63.211
4159,45.589488,3.64056,415.4673,834.5,0.1154,0.672,10.2756,9.1304,74.436,63.204
4160,45.590341,3.640149,415.5674,830.7,0.1153,0.671,10.2908,9.1322,74.423,63.197
4161,45.591193,3.639738,415.6674,827.4,0.1151,0.67,10.306,9.134,74.41,63.19
4162,45.592045,3.639327,415.7674,830.4,0.115,0.669,10.3212,9.1358,74.397,63.183
4163,45.592897,3.638916,415.8674,835.2,0.1148,0.668,10.3364,9.1376,74.384,63.176
4164,45.59375,3.638505,415.9675,840.4,0.1147,0.667,10.3516,9.1394,74.371,63.169
4165,45.594602,3.638094,416.0675,847.9,0.1145,0.666,10.3668,9.1412,74.358,63.162
4166,45.595454,3.637683,416.1675,847.6,0.1144,0.665,10.382,9.143,74.345,63.155
4167,45.596306,3.637272,416.2675,841.3,0.1143,0.664,10.3972,9.1448,74.332,63.148
4168,45.597159,3.636861,416.3676,831.6,0.1141,0.663,10.4124,9.1466,74.319,63.141
4169,45.598011,3.63645,416.4676,809.2,0.114,0.662,10.4276,9.1484,74.306,63.134
4170,45.598863,3.636039,416.5676,802.3,0.1138,0.661,10.4428,9.1502,74.293,63.127
4171,45.599715,3.635628,416.6676,807.1,0.1137,0.66,10.458,9.152,74.28,63.12
4172,45.600568,3.635217,416.7677,804.3,0.1135,0.659,10.4732,9.1538,74.267,63.113
4173,45.60142,3.634806,416.8677,792.1,0.1134,0.658,10.4884,9.1556,74.254,63.106
4174,45.602272,3.634395,416.9677,774.6,0.1133,0.657,10.5036,9.1574,74.241,63.099
4175,45.603124,3.633983,417.0677,751.4,0.1131,0.656,10.5188,9.1592,74.228,63.092
4176,45.603977,3.633572,417.1678,739.0,0.113,0.655,10.534,9.161,74.215,63.085
4177,45.604829,3.633161,417.2678,741.8,0.1128,0.654,10.5492,9.1628,74.202,63.078
4178,45.605681,3.63275,417.3678,765.6,0.1127,0.653,10.5644,9.1646,74.189,63.071
4179,45.606533,3.632339,417.4678,768.0,0.1125,0.652,10.5796,9.1664,74.176,63.064
4180,45.607385,3.631928,417.5678,775.9,0.1124,0.651,10.5948,9.1682,74.163,63.057
4181,45.608238,3.631517,417.6679,790.5,0.1123,0.65,10.61,9.17,74.15,63.05
4182,45.60909,3.631106,417.7679,803.1,0.1121,0.649,10.6252,9.1718,74.137,63.043
4183,45.609942,3.630695,417.8679,814.5,0.112,0.648,10.6404,9.1736,74.124,63.036
4184,45.610794,3.630284,417.9679,830.6,0.1118,0.647,10.6556,9.1754,74.111,63.029
4185,45.611647,3.629873,418.068,847.6,0.1117,0.646,10.6708,9.1772,74.098,63.022
4186,45.612499,3.629462,418.168,865.8,0.1115,0.645,10.686,9.179,74.085,63.015
4187,45.613351,3.629051,418.268,876.1,0.1114,0.644,10.7012,9.1808,74.072,63.008
4188,45.614203,3.62864,418.368,883.6,0.1112,0.643,10.7164,9.1826,74.059,63.001
4189,45.615056,3.628229,418.4681,893.7,0.1111,0.642,10.7316,9.1844,74.046,62.994
4190,45.615908,3.627818,418.5681,893.0,0.111,0.641,10.7468,9.1862,74.033,62.987
4191,45.61676,3.627407,418.6681,883.7,0.1108,0.64,10.762,9.188,74.02,62.98
4192,45.617612,3.626996,418.7681,876.7,0.1107,0.639,10.7772,9.1898,74.007,62.973
4193,45.618465,3.626585,418.8682,873.3,0.1105,0.638,10.7924,9.1916,73.994,62.966
4194,45.619317,3.626174,418.9682,862.3,0.1104,0.637,10.8076,9.1934,73.981,62.959
4195,45.620169,3.625763,419.0682,854.5,0.1102,0.636,10.8228,9.1952,73.968,62.952
4196,45.621021,3.625352,419.1682,846.1,0.1101,0.635,10.838,9.197,73.955,62.945
4197,45.621873,3.624941,419.2682,829.9,0.11,0.634,10.8532,9.1988,73.942,62.938
4198,45.622726,3.62453,419.3683,813.3,0.1098,0.633,10.8684,9.2006,73.929,62.931
4199,45.623578,3.624119,419.4683,823.3,0.1097,0.632,10.8836,9.2024,73.916,62.924
4200,45.62443,3.623708,419.5683,840.1,0.1095,0.631,10.8988,9.2042,73.903,62.917
4201,45.625282,3.623296,419.6683,858.9,0.1094,0.63,10.914,9.206,73.89,62.91
4202,45.626135,3.622885,419.7684,869.4,0.1092,0.629,10.9292,9.2078,73.877,62.903
4203,45.626987,3.622474,419.8684,874.3,0.1091,0.628,10.9444,9.2096,73.864,62.896
4204,45.627839,3.622063,419.9684,876.8,0.109,0.627,10.9596,9.2114,73.851,62.889
4205,45.628691,3.621652,420.0684,880.8,0.1088,0.626,10.9748,9.2132,73.838,62.882
4206,45.629544,3.621241,420.1685,880.8,0.1087,0.625,10.99,9.215,73.825,62.875
4207,45.630396,3.62083,420.2685,873.7,0.1085,0.624,11.0052,9.2168,73.812,62.868
4208,45.631248,3.620419,420.3685,865.8,0.1084,0.623,11.0204,9.2186,73.799,62.861
4209,45.6321,3.620008,420.4685,871.1,0.1082,0.622,11.0356,9.2204,73.786,62.854
4210,45.632953,3.619597,420.5686,877.5,0.1081,0.621,11.0508,9.2222,73.773,62.847
4211,45.633805,3.619186,420.6686,874.6,0.108,0.62,11.066,9.224,73.76,62.84
4212,45.634657,3.618775,420.7686,870.9,0.1078,0.619,11.0812,9.2258,73.747,62.833
4213,45.635509,3.618364,420.8686,871.6,0.1077,0.618,11.0964,9.2276,73.734,62.826
4214,45.636362,3.617953,420.9687,865.2,0.1075,0.617,11.1116,9.2294,73.721,62.819
4215,45.637214,3.617542,421.0687,854.0,0.1074,0.616,11.1268,9.2312,73.708,62.812
4216,45.638066,3.617131,421.1687,847.5,0.1072,0.615,11.142,9.233,73.695,62.805
4217,45.638918,3.61672,421.2687,849.3,0.1071,0.614,11.1572,9.2348,73.682,62.798
4218,45.63977,3.616309,421.3687,835.5,0.107,0.613,11.1724,9.2366,73.669,62.791
4219,45.640623,3.615898,421.4688,815.8,0.1068,0.612,11.1876,9.2384,73.656,62.784
4220,45.641475,3.615487,421.5688,810.1,0.1067,0.611,11.2028,9.2402,73.643,62.777
4221,45.642327,3.615076,421.6688,807.0,0.1065,0.61,11.218,9.242,73.63,62.77
4222,45.643179,3.614665,421.7688,801.1,0.1064,0.609,11.2332,9.2438,73.617,62.763
4223,45.644032,3.614254,421.8689,803.4,0.1062,0.608,11.2484,9.2456,73.604,62.756
4224,45.644884,3.613843,421.9689,792.1,0.1061,0.607,11.2636,9.2474,73.591,62.749
4225,45.645736,3.613432,422.0689,767.4,0.106,0.606,11.2788,9.2492,73.578,62.742
4226,45.646588,3.61302,422.1689,747.8,0.1058,0.605,11.294,9.251,73.565,62.735
4227,45.647441,3.612609,422.269,737.7,0.1057,0.604,11.3092,9.2528,73.552,62.728
4228,45.648293,3.612198,422.369,731.8,0.1055,0.603,11.3244,9.2546,73.539,62.721
4229,45.649145,3.611787,422.469,720.4,0.1054,0.602,11.3396,9.2564,73.526,62.714
4230,45.649997,3.611376,422.569,708.0,0.1052,0.601,11.3548,9.2582,73.513,62.707
4231,45.65085,3.610965,422.6691,699.1,0.1051,0.6,11.37,9.26,73.5,62.7
4232,45.651702,3.610554,422.7691,691.0,0.1051,0.6,11.388,9.26,73.502,62.7
4233,45.652554,3.610143,422.8691,694.0,0.1051,0.6,11.406,9.26,73.504,62.7
4234,45.653406,3.609732,422.9691,699.5,0.1051,0.6,11.424,9.26,73.506,62.7
4235,45.654258,3.609321,423.0691,714.2,0.1051,0.6,11.442,9.26,73.508,62.7
4236,45.655111,3.60891,423.1692,720.3,0.1051,0.6,11.46,9.26,73.51,62.7
4237,45.655963,3.608499,423.2692,724.4,0.1051,0.6,11.478,9.26,73.512,62.7
4238,45.656815,3.608088,423.3692,720.8,0.1051,0.6,11.496,9.26,73.514,62.7
4239,45.657667,3.607677,423.4692,708.8,0.1051,0.6,11.514,9.26,73.516,62.7
4240,45.65852,3.607266,423.5693,702.3,0.1051,0.6,11.532,9.26,73.518,62.7
4241,45.659372,3.606855,423.6693,711.0,0.1051,0.6,11.55,9.26,73.52,62.7
4242,45.660224,3.606444,423.7693,716.5,0.1051,0.6,11.568,9.26,73.522,62.7
4243,45.661076,3.606033,423.8693,708.8,0.1051,0.6,11.586,9.26,73.524,62.7
4244,45.661929,3.605622,423.9694,690.2,0.1051,0.6,11.604,9.26,73.526,62.7
4245,45.662781,3.605211,424.0694,676.5,0.1051,0.6,11.622,9.26,73.528,62.7
4246,45.663633,3.6048,424.1694,672.6,0.1051,0.6,11.64,9.26,73.53,62.7
4247,45.664485,3.604389,424.2694,670.6,0.1051,0.6,11.658,9.26,73.532,62.7
4248,45.665338,3.603978,424.3695,672.8,0.1051,0.6,11.676,9.26,73.534,62.7
4249,45.66619,3.603567,424.4695,665.6,0.1051,0.6,11.694,9.26,73.536,62.7
4250,45.667042,3.603156,424.5695,659.5,0.1051,0.6,11.712,9.26,73.538,62.7
4251,45.667894,3.602745,424.6695,658.8,0.1051,0.6,11.73,9.26,73.54,62.7
4252,45.668747,3.602333,424.7696,660.9,0.1051,0.6,11.748,9.26,73.542,62.7
4253,45.669599,3.601922,424.8696,659.2,0.1051,0.6,11.766,9.26,73.544,62.7
4254,45.670451,3.601511,424.9696,647.1,0.1051,0.6,11.784,9.26,73.546,62.7
4255,45.671303,3.6011,425.0696,633.3,0.1051,0.6,11.802,9.26,73.548,62.7
4256,45.672155,3.600689,425.1696,627.8,0.1051,0.6,11.82,9.26,73.55,62.7
4257,45.673008,3.600278,425.2697,627.3,0.1051,0.6,11.838,9.26,73.552,62.7
4258,45.67386,3.599867,425.3697,625.6,0.1051,0.6,11.856,9.26,73.554,62.7
4259,45.674712,3.599456,425.4697,628.2,0.1051,0.6,11.874,9.26,73.556,62.7
4260,45.675564,3.599045,425.5697,631.4,0.1051,0.6,11.892,9.26,73.558,62.7
4261,45.676417,3.598634,425.6698,635.5,0.1051,0.6,11.91,9.26,73.56,62.7
4262,45.677269,3.598223,425.7698,634.3,0.1051,0.6,11.928,9.26,73.562,62.7
4263,45.678121,3.597812,425.8698,634.6,0.1051,0.6,11.946,9.26,73.564,62.7
4264,45.678973,3.597401,425.9698,633.4,0.1051,0.6,11.964,9.26,73.566,62.7
4265,45.679826,3.59699,426.0699,626.1,0.1051,0.6,11.982,9.26,73.568,62.7
4266,45.680678,3.596579,426.1699,620.7,0.1051,0.6,12.0,9.26,73.57,62.7
4267,45.68153,3.596168,426.2699,612.3,0.1051,0.6,12.018,9.26,73.572,62.7
4268,45.682382,3.595757,426.3699,593.3,0.1051,0.6,12.036,9.26,73.574,62.7
4269,45.683235,3.595346,426.47,575.7,0.1051,0.6,12.054,9.26,73.576,62.7
4270,45.684087,3.594935,426.57,557.4,0.1051,0.6,12.072,9.26,73.578,62.7
4271,45.684939,3.594524,426.67,541.4,0.1051,0.6,12.09,9.26,73.58,62.7
4272,45.685791,3.594113,426.77,525.8,0.1051,0.6,12.108,9.26,73.582,62.7
4273,45.686644,3.593702,426.8701,498.3,0.1051,0.6,12.126,9.26,73.584,62.7
4274,45.687496,3.593291,426.9701,487.2,0.1051,0.6,12.144,9.26,73.586,62.7
4275,45.688348,3.59288,427.0701,506.8,0.1051,0.6,12.162,9.26,73.588,62.7
4276,45.6892,3.592469,427.1701,518.8,0.1051,0.6,12.18,9.26,73.59,62.7
4277,45.690052,3.592058,427.2701,516.4,0.1051,0.6,12.198,9.26,73.592,62.7
4278,45.690905,3.591646,427.3702,483.2,0.1051,0.6,12.216,9.26,73.594,62.7
4279,45.691757,3.591235,427.4702,427.9,0.1051,0.6,12.234,9.26,73.596,62.7
4280,45.692609,3.590824,427.5702,404.7,0.1051,0.6,12.252,9.26,73.598,62.7
4281,45.693461,3.590413,427.6702,394.4,0.1051,0.6,12.27,9.26,73.6,62.7
4282,45.694314,3.590002,427.7703,392.1,0.1051,0.6,12.288,9.26,73.602,62.7
4283,45.695166,3.589591,427.8703,392.8,0.1051,0.6,12.306,9.26,73.604,62.7
4284,45.696018,3.58918,427.9703,391.0,0.1051,0.6,12.324,9.26,73.606,62.7
4285,45.69687,3.588769,428.0703,401.2,0.1051,0.6,12.342,9.26,73.608,62.7
4286,45.697723,3.588358,428.1704,419.1,0.1051,0.6,12.36,9.26,73.61,62.7
4287,45.698575,3.587947,428.2704,442.2,0.1051,0.6,12.378,9.26,73.612,62.7
4288,45.699427,3.587536,428.3704,449.1,0.1051,0.6,12.396,9.26,73.614,62.7
4289,45.700279,3.587125,428.4704,448.7,0.1051,0.6,12.414,9.26,73.616,62.7
4290,45.701132,3.586714,428.5705,416.9,0.1051,0.6,12.432,9.26,73.618,62.7
4291,45.701984,3.586303,428.6705,393.8,0.1051,0.6,12.45,9.26,73.62,62.7
4292,45.702836,3.585892,428.7705,393.4,0.1051,0.6,12.468,9.26,73.622,62.7
4293,45.703688,3.585481,428.8705,402.8,0.1051,0.6,12.486,9.26,73.624,62.7
4294,45.70454,3.58507,428.9705,432.9,0.1051,0.6,12.504,9.26,73.626,62.7
4295,45.705393,3.584659,429.0706,460.4,0.1051,0.6,12.522,9.26,73.628,62.7
4296,45.706245,3.584248,429.1706,473.0,0.1051,0.6,12.54,9.26,73.63,62.7
4297,45.707097,3.583837,429.2706,477.4,0.1051,0.6,12.558,9.26,73.632,62.7
4298,45.707949,3.583426,429.3706,485.2,0.1051,0.6,12.576,9.26,73.634,62.7
4299,45.708802,3.583015,429.4707,494.4,0.1051,0.6,12.594,9.26,73.636,62.7
4300,45.709654,3.582604,429.5707,505.5,0.1051,0.6,12.612,9.26,73.638,62.7
4301,45.710506,3.582193,429.6707,512.6,0.1051,0.6,12.63,9.26,73.64,62.7
4302,45.711358,3.581782,429.7707,522.4,0.1051,0.6,12.648,9.26,73.642,62.7
4303,45.712211,3.58137,429.8708,522.4,0.1051,0.6,12.666,9.26,73.644,62.7
4304,45.713063,3.580959,429.9708,519.6,0.1051,0.6,12.684,9.26,73.646,62.7
4305,45.713915,3.580548,430.0708,521.3,0.1051,0.6,12.702,9.26,73.648,62.7
4306,45.714767,3.580137,430.1708,530.7,0.1051,0.6,12.72,9.26,73.65,62.7
4307,45.71562,3.579726,430.2709,537.1,0.1051,0.6,12.738,9.26,73.652,62.7
4308,45.716472,3.579315,430.3709,543.9,0.1051,0.6,12.756,9.26,73.654,62.7
4309,45.717324,3.578904,430.4709,544.7,0.1051,0.6,12.774,9.26,73.656,62.7
4310,45.718176,3.578493,430.5709,544.4,0.1051,0.6,12.792,9.26,73.658,62.7
4311,45.719029,3.578082,430.671,541.2,0.1051,0.6,12.81,9.26,73.66,62.7
4312,45.719881,3.577671,430.771,536.3,0.1051,0.6,12.828,9.26,73.662,62.7
4313,45.720733,3.57726,430.871,531.8,0.1051,0.6,12.846,9.26,73.664,62.7
4314,45.721585,3.576849,430.971,523.6,0.1051,0.6,12.864,9.26,73.666,62.7
4315,45.722437,3.576438,431.071,516.6,0.1051,0.6,12.882,9.26,73.668,62.7
4316,45.72329,3.576027,431.1711,507.7,0.1051,0.6,12.9,9.26,73.67,62.7
4317,45.724142,3.575616,431.2711,495.9,0.1051,0.6,12.918,9.26,73.672,62.7
4318,45.724994,3.575205,431.3711,488.6,0.1051,0.6,12.936,9.26,73.674,62.7
4319,45.725846,3.574794,431.4711,491.2,0.1051,0.6,12.954,9.26,73.676,62.7
4320,45.726699,3.574383,431.5712,501.8,0.1051,0.6,12.972,9.26,73.678,62.7
4321,45.727551,3.573972,431.6712,507.1,0.1051,0.6,12.99,9.26,73.68,62.7
4322,45.728403,3.573561,431.7712,509.2,0.1051,0.6,13.008,9.26,73.682,62.7
4323,45.729255,3.57315,431.8712,508.8,0.1051,0.6,13.026,9.26,73.684,62.7
4324,45.730108,3.572739,431.9713,500.8,0.1051,0.6,13.044,9.26,73.686,62.7
4325,45.73096,3.572328,432.0713,492.7,0.1051,0.6,13.062,9.26,73.688,62.7
4326,45.731812,3.571917,432.1713,484.6,0.1051,0.6,13.08,9.26,73.69,62.7
4327,45.732664,3.571506,432.2713,478.4,0.1051,0.6,13.098,9.26,73.692,62.7
4328,45.733517,3.571095,432.3714,472.5,0.1051,0.6,13.116,9.26,73.694,62.7
4329,45.734369,3.570683,432.4714,459.3,0.1051,0.6,13.134,9.26,73.696,62.7
4330,45.735221,3.570272,432.5714,436.9,0.1051,0.6,13.152,9.26,73.698,62.7
4331,45.736073,3.569861,432.6714,423.6,0.1051,0.6,13.17,9.26,73.7,62.7
4332,45.736925,3.56945,432.7714,413.8,0.1051,0.6,13.1765,9.26,73.701,62.7
4333,45.737778,3.569039,432.8715,404.1,0.1051,0.6,13.183,9.26,73.702,62.7
4334,45.73863,3.568628,432.9715,399.4,0.1051,0.6,13.1895,9.26,73.703,62.7
4335,45.739482,3.568217,433.0715,396.0,0.1051,0.6,13.196,9.26,73.704,62.7
4336,45.740334,3.567806,433.1715,393.1,0.1051,0.6,13.2025,9.26,73.705,62.7
4337,45.741187,3.567395,433.2716,386.9,0.1051,0.6,13.209,9.26,73.706,62.7
4338,45.742039,3.566984,433.3716,376.1,0.1051,0.6,13.2155,9.26,73.707,62.7
4339,45.742891,3.566573,433.4716,363.2,0.1051,0.6,13.222,9.26,73.708,62.7
4340,45.743743,3.566162,433.5716,348.2,0.1051,0.6,13.2285,9.26,73.709,62.7
4341,45.744596,3.565751,433.6717,334.6,0.1051,0.6,13.235,9.26,73.71,62.7
4342,45.745448,3.56534,433.7717,332.4,0.1051,0.6,13.2415,9.26,73.711,62.7
4343,45.7463,3.564929,433.8717,334.4,0.1051,0.6,13.248,9.26,73.712,62.7
4344,45.747152,3.564518,433.9717,358.6,0.1051,0.6,13.2545,9.26,73.713,62.7
4345,45.748005,3.564107,434.0718,387.1,0.1051,0.6,13.261,9.26,73.714,62.7
4346,45.748857,3.563696,434.1718,409.3,0.1051,0.6,13.2675,9.26,73.715,62.7
4347,45.749709,3.563285,434.2718,421.1,0.1051,0.6,13.274,9.26,73.716,62.7
4348,45.750561,3.562874,434.3718,418.7,0.1051,0.6,13.2805,9.26,73.717,62.7
4349,45.751414,3.562463,434.4719,413.2,0.1051,0.6,13.287,9.26,73.718,62.7
4350,45.752266,3.562052,434.5719,414.8,0.1051,0.6,13.2935,9.26,73.719,62.7
4351,45.753118,3.561641,434.6719,418.6,0.1051,0.6,13.3,9.26,73.72,62.7
4352,45.75397,3.56123,434.7719,419.3,0.1051,0.6,13.3065,9.26,73.721,62.7
4353,45.754822,3.560819,434.8719,424.6,0.1051,0.6,13.313,9.26,73.722,62.7
4354,45.755675,3.560407,434.972,425.5,0.1051,0.6,13.3195,9.26,73.723,62.7
4355,45.756527,3.559996,435.072,419.4,0.1051,0.6,13.326,9.26,73.724,62.7
4356,45.757379,3.559585,435.172,411.8,0.1051,0.6,13.3325,9.26,73.725,62.7
4357,45.758231,3.559174,435.272,408.7,0.1051,0.6,13.339,9.26,73.726,62.7
4358,45.759084,3.558763,435.3721,404.9,0.1051,0.6,13.3455,9.26,73.727,62.7
4359,45.759936,3.558352,435.4721,398.1,0.1051,0.6,13.352,9.26,73.728,62.7
4360,45.760788,3.557941,435.5721,385.3,0.1051,0.6,13.3585,9.26,73.729,62.7
4361,45.76164,3.55753,435.6721,368.0,0.1051,0.6,13.365,9.26,73.73,62.7
4362,45.762493,3.557119,435.7722,371.5,0.1051,0.6,13.3715,9.26,73.731,62.7
4363,45.763345,3.556708,435.8722,379.4,0.1051,0.6,13.378,9.26,73.732,62.7
4364,45.764197,3.556297,435.9722,380.0,0.1051,0.6,13.3845,9.26,73.733,62.7
4365,45.765049,3.555886,436.0722,370.7,0.1051,0.6,13.391,9.26,73.734,62.7
4366,45.765902,3.555475,436.1723,357.5,0.1051,0.6,13.3975,9.26,73.735,62.7
4367,45.766754,3.555064,436.2723,353.2,0.1051,0.6,13.404,9.26,73.736,62.7
4368,45.767606,3.554653,436.3723,350.2,0.1051,0.6,13.4105,9.26,73.737,62.7
4369,45.768458,3.554242,436.4723,340.9,0.1051,0.6,13.417,9.26,73.738,62.7
4370,45.76931,3.553831,436.5723,332.0,0.1051,0.6,13.4235,9.26,73.739,62.7
4371,45.770163,3.55342,436.6724,326.6,0.1051,0.6,13.43,9.26,73.74,62.7
4372,45.771015,3.553009,436.7724,324.4,0.1051,0.6,13.4365,9.26,73.741,62.7
4373,45.771867,3.552598,436.8724,324.5,0.1051,0.6,13.443,9.26,73.742,62.7
4374,45.772719,3.552187,436.9724,326.2,0.1051,0.6,13.4495,9.26,73.743,62.7
4375,45.773572,3.551776,437.0725,326.4,0.1051,0.6,13.456,9.26,73.744,62.7
4376,45.774424,3.551365,437.1725,325.9,0.1051,0.6,13.4625,9.26,73.745,62.7
4377,45.775276,3.550954,437.2725,325.6,0.1051,0.6,13.469,9.26,73.746,62.7
4378,45.776128,3.550543,437.3725,327.2,0.1051,0.6,13.4755,9.26,73.747,62.7
4379,45.776981,3.550132,437.4726,327.0,0.1051,0.6,13.482,9.26,73.748,62.7
4380,45.777833,3.54972,437.5726,326.0,0.1051,0.6,13.4885,9.26,73.749,62.7
4381,45.778685,3.549309,437.6726,322.6,0.1051,0.6,13.495,9.26,73.75,62.7
4382,45.779537,3.548898,437.7726,317.1,0.1051,0.6,13.5015,9.26,73.751,62.7
4383,45.78039,3.548487,437.8727,314.8,0.1051,0.6,13.508,9.26,73.752,62.7
4384,45.781242,3.548076,437.9727,313.4,0.1051,0.6,13.5145,9.26,73.753,62.7
4385,45.782094,3.547665,438.0727,310.8,0.1051,0.6,13.521,9.26,73.754,62.7
4386,45.782946,3.547254,438.1727,312.4,0.1051,0.6,13.5275,9.26,73.755,62.7
4387,45.783799,3.546843,438.2728,313.6,0.1051,0.6,13.534,9.26,73.756,62.7
4388,45.784651,3.546432,438.3728,310.9,0.1051,0.6,13.5405,9.26,73.757,62.7
4389,45.785503,3.546021,438.4728,308.8,0.1051,0.6,13.547,9.26,73.758,62.7
4390,45.786355,3.54561,438.5728,305.4,0.1051,0.6,13.5535,9.26,73.759,62.7
4391,45.787207,3.545199,438.6728,304.9,0.1051,0.6,13.56,9.26,73.76,62.7
4392,45.78806,3.544788,438.7729,304.8,0.1051,0.6,13.5665,9.26,73.761,62.7
4393,45.788912,3.544377,438.8729,305.0,0.1051,0.6,13.573,9.26,73.762,62.7
4394,45.789764,3.543966,438.9729,305.0,0.1051,0.6,13.5795,9.26,73.763,62.7
4395,45.790616,3.543555,439.0729,305.0,0.1051,0.6,13.586,9.26,73.764,62.7
4396,45.791469,3.543144,439.173,305.0,0.1051,0.6,13.5925,9.26,73.765,62.7
4397,45.792321,3.542733,439.273,307.0,0.1051,0.6,13.599,9.26,73.766,62.7
4398,45.793173,3.542322,439.373,313.8,0.1051,0.6,13.6055,9.26,73.767,62.7
4399,45.794025,3.541911,439.473,323.7,0.1051,0.6,13.612,9.26,73.768,62.7
4400,45.794878,3.5415,439.5731,326.5,0.1051,0.6,13.6185,9.26,73.769,62.7
4401,45.79573,3.541089,439.6731,327.3,0.1051,0.6,13.625,9.26,73.77,62.7
4402,45.796582,3.540678,439.7731,323.0,0.1051,0.6,13.6315,9.26,73.771,62.7
4403,45.797434,3.540267,439.8731,316.9,0.1051,0.6,13.638,9.26,73.772,62.7
4404,45.798287,3.539856,439.9732,311.8,0.1051,0.6,13.6445,9.26,73.773,62.7
4405,45.799139,3.539444,440.0732,317.3,0.1051,0.6,13.651,9.26,73.774,62.7
4406,45.799991,3.539033,440.1732,333.1,0.1051,0.6,13.6575,9.26,73.775,62.7
4407,45.800843,3.538622,440.2732,335.5,0.1051,0.6,13.664,9.26,73.776,62.7
4408,45.801696,3.538211,440.3733,325.3,0.1051,0.6,13.6705,9.26,73.777,62.7
4409,45.802548,3.5378,440.4733,317.1,0.1051,0.6,13.677,9.26,73.778,62.7
4410,45.8034,3.537389,440.5733,315.3,0.1051,0.6,13.6835,9.26,73.779,62.7
4411,45.804252,3.536978,440.6733,320.8,0.1051,0.6,13.69,9.26,73.78,62.7
4412,45.805104,3.536567,440.7733,323.5,0.1051,0.6,13.6965,9.26,73.781,62.7
4413,45.805957,3.536156,440.8734,322.9,0.1051,0.6,13.703,9.26,73.782,62.7
4414,45.806809,3.535745,440.9734,319.0,0.1051,0.6,13.7095,9.26,73.783,62.7
4415,45.807661,3.535334,441.0734,317.2,0.1051,0.6,13.716,9.26,73.784,62.7
4416,45.808513,3.534923,441.1734,317.8,0.1051,0.6,13.7225,9.26,73.785,62.7
4417,45.809366,3.534512,441.2735,321.5,0.1051,0.6,13.729,9.26,73.786,62.7
4418,45.810218,3.534101,441.3735,325.0,0.1051,0.6,13.7355,9.26,73.787,62.7
4419,45.81107,3.53369,441.4735,325.3,0.1051,0.6,13.742,9.26,73.788,62.7
4420,45.811922,3.533279,441.5735,323.6,0.1051,0.6,13.7485,9.26,73.789,62.7
4421,45.812775,3.532868,441.6736,323.8,0.1051,0.6,13.755,9.26,73.79,62.7
4422,45.813627,3.532457,441.7735,325.5,0.1051,0.6,13.7615,9.26,73.791,62.7
4423,45.814479,3.532046,441.8734,328.8,0.1051,0.6,13.768,9.26,73.792,62.7
4424,45.815331,3.531635,441.9733,326.7,0.1051,0.6,13.7745,9.26,73.793,62.7
4425,45.816184,3.531224,442.0734,326.0,0.1051,0.6,13.781,9.26,73.794,62.7
4426,45.817036,3.530813,442.1733,326.3,0.1051,0.6,13.7875,9.26,73.795,62.7
4427,45.817888,3.530402,442.2732,326.7,0.1051,0.6,13.794,9.26,73.796,62.7
4428,45.81874,3.529991,442.3731,321.9,0.1051,0.6,13.8005,9.26,73.797,62.7
4429,45.819592,3.52958,442.473,323.1,0.1051,0.6,13.807,9.26,73.798,62.7
4430,45.820445,3.529169,442.5731,327.9,0.1051,0.6,13.8135,9.26,73.799,62.7
4431,45.821297,3.528757,442.6731,328.9,0.1051,0.6,13.82,9.26,73.8,62.7
4432,45.822149,3.528346,442.773,331.3,0.105,0.599,13.8185,9.2657,73.7822,62.6911
4433,45.823001,3.527935,442.8729,329.3,0.1049,0.598,13.817,9.2715,73.7644,62.6822
4434,45.823854,3.527524,442.973,327.5,0.1048,0.597,13.8155,9.2772,73.7465,62.6733
4435,45.824706,3.527113,443.0729,326.0,0.1047,0.596,13.8141,9.283,73.7287,62.6644
4436,45.825558,3.526702,443.1728,324.2,0.1046,0.595,13.8126,9.2887,73.7109,62.6554
4437,45.82641,3.526291,443.2727,323.2,0.1045,0.5941,13.8111,9.2945,73.6931,62.6465
4438,45.827263,3.52588,443.3728,325.7,0.1043,0.5931,13.8096,9.3002,73.6752,62.6376
4439,45.828115,3.525469,443.4727,330.1,0.1042,0.5921,13.8081,9.3059,73.6574,62.6287
4440,45.828967,3.525058,443.5726,331.2,0.1041,0.5911,13.8066,9.3117,73.6396,62.6198
4441,45.829819,3.524647,443.6725,332.5,0.104,0.5901,13.8051,9.3174,73.6218,62.6109
4442,45.830672,3.524236,443.7726,333.3,0.1039,0.5891,13.8037,9.3232,73.6039,62.602
4443,45.831524,3.523825,443.8725,333.9,0.1038,0.5881,13.8022,9.3289,73.5861,62.5931
4444,45.832376,3.523414,443.9724,329.9,0.1037,0.5871,13.8007,9.3347,73.5683,62.5841
4445,45.833228,3.523003,444.0723,330.4,0.1036,0.5861,13.7992,9.3404,73.5505,62.5752
4446,45.834081,3.522592,444.1724,331.6,0.1035,0.5851,13.7977,9.3462,73.5326,62.5663
4447,45.834933,3.522181,444.2723,331.5,0.1034,0.5842,13.7962,9.3519,73.5148,62.5574
4448,45.835785,3.52177,444.3722,331.2,0.1033,0.5832,13.7947,9.3576,73.497,62.5485
4449,45.836637,3.521359,444.4721,318.8,0.1032,0.5822,13.7933,9.3634,73.4792,62.5396
4450,45.837489,3.520948,444.572,312.0,0.103,0.5812,13.7918,9.3691,73.4614,62.5307
4451,45.838342,3.520537,444.6721,309.7,0.1029,0.5802,13.7903,9.3749,73.4435,62.5218
4452,45.839194,3.520126,444.772,308.3,0.1028,0.5792,13.7888,9.3806,73.4257,62.5128
4453,45.840046,3.519715,444.8719,305.0,0.1027,0.5782,13.7873,9.3864,73.4079,62.5039
4454,45.840898,3.519304,444.9718,303.6,0.1026,0.5772,13.7858,9.3921,73.3901,62.495
4455,45.841751,3.518893,445.0719,302.7,0.1025,0.5762,13.7844,9.3978,73.3722,62.4861
4456,45.842603,3.518482,445.1718,302.1,0.1024,0.5752,13.7829,9.4036,73.3544,62.4772
4457,45.843455,3.51807,445.2718,302.8,0.1023,0.5743,13.7814,9.4093,73.3366,62.4683
4458,45.844307,3.517659,445.3717,302.1,0.1022,0.5733,13.7799,9.4151,73.3187,62.4594
4459,45.84516,3.517248,445.4717,299.8,0.1021,0.5723,13.7784,9.4208,73.3009,62.4505
4460,45.846012,3.516837,445.5716,299.2,0.102,0.5713,13.7769,9.4266,73.2831,62.4415
4461,45.846864,3.516426,445.6715,302.6,0.1019,0.5703,13.7754,9.4323,73.2653,62.4326
4462,45.847716,3.516015,445.7714,316.0,0.1018,0.5693,13.774,9.438,73.2475,62.4237
4463,45.848569,3.515604,445.8714,320.7,0.1016,0.5683,13.7725,9.4438,73.2296,62.4148
4464,45.849421,3.515193,445.9713,323.7,0.1015,0.5673,13.771,9.4495,73.2118,62.4059
4465,45.850273,3.514782,446.0712,326.7,0.1014,0.5663,13.7695,9.4553,73.194,62.397
4466,45.851125,3.514371,446.1711,327.7,0.1013,0.5653,13.768,9.461,73.1762,62.3881
4467,45.851977,3.51396,446.271,327.7,0.1012,0.5644,13.7665,9.4668,73.1584,62.3792
4468,45.85283,3.513549,446.371,327.2,0.1011,0.5634,13.765,9.4725,73.1405,62.3703
4469,45.853682,3.513138,446.4709,330.2,0.101,0.5624,13.7636,9.4782,73.1227,62.3614
4470,45.854534,3.512727,446.5708,332.1,0.1009,0.5614,13.7621,9.484,73.1049,62.3524
4471,45.855386,3.512316,446.6707,328.1,0.1008,0.5604,13.7606,9.4897,73.0871,62.3435
4472,45.856239,3.511905,446.7707,330.8,0.1007,0.5594,13.7591,9.4955,73.0692,62.3346
4473,45.857091,3.511494,446.8706,326.6,0.1006,0.5584,13.7576,9.5012,73.0514,62.3257
4474,45.857943,3.511083,446.9705,328.2,0.1005,0.5574,13.7561,9.5069,73.0336,62.3168
4475,45.858795,3.510672,447.0704,335.0,0.1004,0.5564,13.7546,9.5127,73.0158,62.3079
4476,45.859648,3.510261,447.1704,337.7,0.1002,0.5554,13.7532,9.5184,72.998,62.299
4477,45.8605,3.50985,447.2703,338.9,0.1001,0.5545,13.7517,9.5242,72.9801,62.2901
4478,45.861352,3.509439,447.3702,335.5,0.1,0.5535,13.7502,9.5299,72.9623,62.2812
4479,45.862204,3.509028,447.4701,320.4,0.0999,0.5525,13.7487,9.5357,72.9445,62.2723
4480,45.863057,3.508617,447.5701,313.6,0.0998,0.5515,13.7472,9.5414,72.9267,62.2633
4481,45.863909,3.508206,447.67,307.7,0.0997,0.5505,13.7457,9.5471,72.9089,62.2544
4482,45.864761,3.507794,447.77,304.8,0.0996,0.5495,13.7443,9.5529,72.891,62.2455
4483,45.865613,3.507383,447.8699,311.4,0.0995,0.5485,13.7428,9.5586,72.8732,62.2366
4484,45.866466,3.506972,447.9699,319.5,0.0994,0.5475,13.7413,9.5644,72.8554,62.2277
4485,45.867318,3.506561,448.0698,325.9,0.0993,0.5465,13.7398,9.5701,72.8376,62.2188
4486,45.86817,3.50615,448.1697,330.4,0.0992,0.5455,13.7383,9.5759,72.8197,62.2099
4487,45.869022,3.505739,448.2696,336.9,0.0991,0.5446,13.7368,9.5816,72.8019,62.201
4488,45.869874,3.505328,448.3695,343.7,0.0989,0.5436,13.7353,9.5873,72.7841,62.1921
4489,45.870727,3.504917,448.4695,350.3,0.0988,0.5426,13.7339,9.5931,72.7663,62.1831
4490,45.871579,3.504506,448.5694,357.3,0.0987,0.5416,13.7324,9.5988,72.7485,62.1742
4491,45.872431,3.504095,448.6693,363.5,0.0986,0.5406,13.7309,9.6046,72.7307,62.1653
4492,45.873283,3.503684,448.7692,365.3,0.0985,0.5396,13.7294,9.6103,72.7128,62.1564
4493,45.874136,3.503273,448.8692,360.6,0.0984,0.5386,13.7279,9.6161,72.695,62.1475
4494,45.874988,3.502862,448.9691,362.4,0.0983,0.5376,13.7264,9.6218,72.6772,62.1386
4495,45.87584,3.502451,449.069,361.0,0.0982,0.5366,13.7249,9.6275,72.6594,62.1297
4496,45.876692,3.50204,449.1689,354.1,0.0981,0.5356,13.7235,9.6333,72.6416,62.1208
4497,45.877545,3.501629,449.2689,347.3,0.098,0.5347,13.722,9.639,72.6237,62.1119
4498,45.878397,3.501218,449.3688,346.9,0.0979,0.5337,13.7205,9.6448,72.6059,62.103
4499,45.879249,3.500807,449.4687,363.3,0.0978,0.5327,13.719,9.6505,72.5881,62.094
4500,45.880101,3.500396,449.5686,370.3,0.0977,0.5317,13.7175,9.6562,72.5703,62.0851
4501,45.880954,3.499985,449.6686,366.5,0.0975,0.5307,13.716,9.662,72.5524,62.0762
4502,45.881806,3.499574,449.7685,361.3,0.0974,0.5297,13.7146,9.6677,72.5346,62.0673
4503,45.882658,3.499163,449.8684,354.4,0.0973,0.5287,13.7131,9.6735,72.5168,62.0584
4504,45.88351,3.498752,449.9683,337.1,0.0972,0.5277,13.7116,9.6792,72.499,62.0495
4505,45.884362,3.498341,450.0682,329.5,0.0971,0.5267,13.7101,9.685,72.4812,62.0406
4506,45.885215,3.49793,450.1682,332.4,0.097,0.5257,13.7086,9.6907,72.4633,62.0317
4507,45.886067,3.497519,450.2681,336.9,0.0969,0.5248,13.7071,9.6964,72.4455,62.0228
4508,45.886919,3.497107,450.3681,342.5,0.0968,0.5238,13.7056,9.7022,72.4277,62.0138
4509,45.887771,3.496696,450.468,341.7,0.0967,0.5228,13.7042,9.7079,72.4099,62.0049
4510,45.888624,3.496285,450.568,342.1,0.0966,0.5218,13.7027,9.7137,72.392,61.996
4511,45.889476,3.495874,450.6679,340.1,0.0965,0.5208,13.7012,9.7194,72.3742,61.9871
4512,45.890328,3.495463,450.7678,335.9,0.0964,0.5198,13.6997,9.7252,72.3564,61.9782
4513,45.89118,3.495052,450.8677,334.2,0.0963,0.5188,13.6982,9.7309,72.3386,61.9693
4514,45.892033,3.494641,450.9677,333.8,0.0961,0.5178,13.6967,9.7366,72.3208,61.9604
4515,45.892885,3.49423,451.0676,333.6,0.096,0.5168,13.6952,9.7424,72.3029,61.9515
4516,45.893737,3.493819,451.1675,335.4,0.0959,0.5158,13.6938,9.7481,72.2851,61.9426
4517,45.894589,3.493408,451.2674,334.7,0.0958,0.5149,13.6923,9.7539,72.2673,61.9337
4518,45.895442,3.492997,451.3674,333.8,0.0957,0.5139,13.6908,9.7596,72.2495,61.9247
4519,45.896294,3.492586,451.4673,332.6,0.0956,0.5129,13.6893,9.7654,72.2317,61.9158
4520,45.897146,3.492175,451.5672,332.6,0.0955,0.5119,13.6878,9.7711,72.2138,61.9069
4521,45.897998,3.491764,451.6671,331.4,0.0954,0.5109,13.6863,9.7768,72.196,61.898
4522,45.898851,3.491353,451.7671,325.7,0.0953,0.5099,13.6848,9.7826,72.1782,61.8891
4523,45.899703,3.490942,451.867,321.1,0.0952,0.5089,13.6834,9.7883,72.1604,61.8802
4524,45.900555,3.490531,451.9669,315.4,0.0951,0.5079,13.6819,9.7941,72.1426,61.8713
4525,45.901407,3.49012,452.0668,318.4,0.095,0.5069,13.6804,9.7998,72.1247,61.8624
4526,45.902259,3.489709,452.1667,324.4,0.0948,0.5059,13.6789,9.8055,72.1069,61.8535
4527,45.903112,3.489298,452.2667,326.2,0.0947,0.5049,13.6774,9.8113,72.0891,61.8445
4528,45.903964,3.488887,452.3666,326.6,0.0946,0.504,13.6759,9.817,72.0713,61.8356
4529,45.904816,3.488476,452.4665,329.8,0.0945,0.503,13.6745,9.8228,72.0535,61.8267
4530,45.905668,3.488065,452.5664,330.4,0.0944,0.502,13.673,9.8285,72.0356,61.8178
4531,45.906521,3.487654,452.6664,332.4,0.0943,0.501,13.6715,9.8343,72.0178,61.8089
4532,45.907373,3.487243,452.7663,328.2,0.0942,0.5,13.67,9.84,72.0,61.8
4533,45.908225,3.486831,452.8663,327.8,0.0942,0.5,13.672,9.84,72.0,61.8
4534,45.909077,3.48642,452.9662,328.1,0.0942,0.5,13.674,9.84,72.0,61.8
4535,45.90993,3.486009,453.0662,330.0,0.0942,0.5,13.676,9.84,72.0,61.8
4536,45.910782,3.485598,453.1661,328.3,0.0942,0.5,13.6779,9.84,72.0,61.8
4537,45.911634,3.485187,453.266,327.5,0.0942,0.5,13.6799,9.84,72.0,61.8
4538,45.912486,3.484776,453.3659,332.9,0.0942,0.5,13.6819,9.84,72.0,61.8
4539,45.913339,3.484365,453.4659,339.0,0.0942,0.5,13.6839,9.84,72.0,61.8
4540,45.914191,3.483954,453.5658,346.3,0.0942,0.5,13.6859,9.84,72.0,61.8
4541,45.915043,3.483543,453.6657,347.2,0.0942,0.5,13.6879,9.84,72.0,61.8
4542,45.915895,3.483132,453.7656,343.0,0.0942,0.5,13.6898,9.84,72.0,61.8
4543,45.916748,3.482721,453.8656,335.9,0.0942,0.5,13.6918,9.84,72.0,61.8
4544,45.9176,3.48231,453.9655,340.2,0.0942,0.5,13.6938,9.84,72.0,61.8
4545,45.918452,3.481899,454.0654,352.3,0.0942,0.5,13.6958,9.84,72.0,61.8
4546,45.919304,3.481488,454.1653,355.3,0.0942,0.5,13.6978,9.84,72.0,61.8
4547,45.920156,3.481077,454.2652,357.3,0.0942,0.5,13.6998,9.84,72.0,61.8
4548,45.921009,3.480666,454.3652,357.0,0.0942,0.5,13.7018,9.84,72.0,61.8
4549,45.921861,3.480255,454.4651,358.3,0.0942,0.5,13.7037,9.84,72.0,61.8
4550,45.922713,3.479844,454.565,356.4,0.0942,0.5,13.7057,9.84,72.0,61.8
4551,45.923565,3.479433,454.6649,353.8,0.0942,0.5,13.7077,9.84,72.0,61.8
4552,45.924418,3.479022,454.7649,356.2,0.0942,0.5,13.7097,9.84,72.0,61.8
4553,45.92527,3.478611,454.8648,356.7,0.0942,0.5,13.7117,9.84,72.0,61.8
4554,45.926122,3.4782,454.9647,353.9,0.0942,0.5,13.7137,9.84,72.0,61.8
4555,45.926974,3.477789,455.0646,351.5,0.0942,0.5,13.7157,9.84,72.0,61.8
4556,45.927827,3.477378,455.1646,349.5,0.0942,0.5,13.7176,9.84,72.0,61.8
4557,45.928679,3.476967,455.2645,348.9,0.0942,0.5,13.7196,9.84,72.0,61.8
4558,45.929531,3.476556,455.3644,347.8,0.0942,0.5,13.7216,9.84,72.0,61.8
4559,45.930383,3.476144,455.4644,343.4,0.0942,0.5,13.7236,9.84,72.0,61.8
4560,45.931236,3.475733,455.5644,340.0,0.0942,0.5,13.7256,9.84,72.0,61.8
4561,45.932088,3.475322,455.6643,338.6,0.0942,0.5,13.7276,9.84,72.0,61.8
4562,45.93294,3.474911,455.7642,337.9,0.0942,0.5,13.7295,9.84,72.0,61.8
4563,45.933792,3.4745,455.8641,332.4,0.0942,0.5,13.7315,9.84,72.0,61.8
4564,45.934644,3.474089,455.964,327.9,0.0942,0.5,13.7335,9.84,72.0,61.8
4565,45.935497,3.473678,456.064,324.4,0.0942,0.5,13.7355,9.84,72.0,61.8
4566,45.936349,3.473267,456.1639,320.1,0.0942,0.5,13.7375,9.84,72.0,61.8
4567,45.937201,3.472856,456.2638,315.2,0.0942,0.5,13.7395,9.84,72.0,61.8
4568,45.938053,3.472445,456.3637,317.4,0.0942,0.5,13.7415,9.84,72.0,61.8
4569,45.938906,3.472034,456.4637,319.7,0.0942,0.5,13.7434,9.84,72.0,61.8
4570,45.939758,3.471623,456.5636,317.1,0.0942,0.5,13.7454,9.84,72.0,61.8
4571,45.94061,3.471212,456.6635,315.0,0.0942,0.5,13.7474,9.84,72.0,61.8
4572,45.941462,3.470801,456.7634,317.1,0.0942,0.5,13.7494,9.84,72.0,61.8
4573,45.942315,3.47039,456.8634,317.1,0.0942,0.5,13.7514,9.84,72.0,61.8
4574,45.943167,3.469979,456.9633,320.1,0.0942,0.5,13.7534,9.84,72.0,61.8
4575,45.944019,3.469568,457.0632,317.7,0.0942,0.5,13.7553,9.84,72.0,61.8
4576,45.944871,3.469157,457.1631,313.8,0.0942,0.5,13.7573,9.84,72.0,61.8
4577,45.945724,3.468746,457.2631,309.2,0.0942,0.5,13.7593,9.84,72.0,61.8
4578,45.946576,3.468335,457.363,299.9,0.0942,0.5,13.7613,9.84,72.0,61.8
4579,45.947428,3.467924,457.4629,294.9,0.0942,0.5,13.7633,9.84,72.0,61.8
4580,45.94828,3.467513,457.5628,289.8,0.0942,0.5,13.7653,9.84,72.0,61.8
4581,45.949133,3.467102,457.6628,288.3,0.0942,0.5,13.7673,9.84,72.0,61.8
4582,45.948861,3.465998,457.7534,287.7,0.0942,0.5,13.7691,9.84,72.0,61.8
4583,45.948128,3.465911,457.8352,289.9,0.0942,0.5,13.7707,9.84,72.0,61.8
4584,45.947249,3.466181,457.9351,294.2,0.0942,0.5,13.7727,9.84,72.0,61.8
4585,45.946369,3.466451,458.0352,300.3,0.0942,0.5,13.7747,9.84,72.0,61.8
4586,45.94549,3.466721,458.1351,304.9,0.0942,0.5,13.7766,9.84,72.0,61.8
4587,45.94461,3.466991,458.2352,309.9,0.0942,0.5,13.7786,9.84,72.0,61.8
4588,45.943731,3.467262,458.3352,309.9,0.0942,0.5,13.7806,9.84,72.0,61.8
4589,45.942851,3.467532,458.4353,311.4,0.0942,0.5,13.7826,9.84,72.0,61.8
4590,45.941972,3.467802,458.5352,308.5,0.0942,0.5,13.7846,9.84,72.0,61.8
4591,45.941093,3.468072,458.6351,310.4,0.0942,0.5,13.7866,9.84,72.0,61.8
4592,45.940213,3.468342,458.7352,313.2,0.0942,0.5,13.7886,9.84,72.0,61.8
4593,45.939334,3.468612,458.8351,317.2,0.0942,0.5,13.7905,9.84,72.0,61.8
4594,45.938454,3.468882,458.9352,321.4,0.0942,0.5,13.7925,9.84,72.0,61.8
4595,45.937575,3.469153,459.0352,321.2,0.0942,0.5,13.7945,9.84,72.0,61.8
4596,45.936695,3.469423,459.1353,322.9,0.0942,0.5,13.7965,9.84,72.0,61.8
4597,45.935816,3.469693,459.2352,324.4,0.0942,0.5,13.7985,9.84,72.0,61.8
4598,45.934936,3.469963,459.3353,325.4,0.0942,0.5,13.8005,9.84,72.0,61.8
4599,45.934057,3.470233,459.4352,326.1,0.0942,0.5,13.8025,9.84,72.0,61.8
4600,45.933178,3.470503,459.5351,326.4,0.0942,0.5,13.8044,9.84,72.0,61.8
4601,45.932298,3.470773,459.6352,326.0,0.0942,0.5,13.8064,9.84,72.0,61.8
4602,45.931419,3.471044,459.7352,326.7,0.0942,0.5,13.8084,9.84,72.0,61.8
4603,45.930539,3.471314,459.8353,328.3,0.0942,0.5,13.8104,9.84,72.0,61.8
4604,45.92966,3.471584,459.9352,330.6,0.0942,0.5,13.8124,9.84,72.0,61.8
4605,45.92878,3.471854,460.0353,331.3,0.0942,0.5,13.8144,9.84,72.0,61.8
4606,45.927901,3.472124,460.1352,331.9,0.0942,0.5,13.8164,9.84,72.0,61.8
4607,45.927021,3.472394,460.2353,334.4,0.0942,0.5,13.8184,9.84,72.0,61.8
4608,45.926142,3.472664,460.3352,336.4,0.0942,0.5,13.8203,9.84,72.0,61.8
4609,45.925263,3.472935,460.4352,337.0,0.0942,0.5,13.8223,9.84,72.0,61.8
4610,45.924383,3.473205,460.5353,337.0,0.0942,0.5,13.8243,9.84,72.0,61.8
4611,45.923504,3.473475,460.6352,338.3,0.0942,0.5,13.8263,9.84,72.0,61.8
4612,45.922624,3.473745,460.7353,339.9,0.0942,0.5,13.8283,9.84,72.0,61.8
4613,45.921745,3.474015,460.8352,339.4,0.0942,0.5,13.8303,9.84,72.0,61.8
4614,45.920865,3.474285,460.9353,336.9,0.0942,0.5,13.8323,9.84,72.0,61.8
4615,45.919986,3.474555,461.0352,335.0,0.0942,0.5,13.8342,9.84,72.0,61.8
4616,45.919106,3.474825,461.1353,331.7,0.0942,0.5,13.8362,9.84,72.0,61.8
4617,45.918227,3.475096,461.2353,328.9,0.0942,0.5,13.8382,9.84,72.0,61.8
4618,45.917348,3.475366,461.3352,331.7,0.0942,0.5,13.8402,9.84,72.0,61.8
4619,45.916468,3.475636,461.4353,326.4,0.0942,0.5,13.8422,9.84,72.0,61.8
4620,45.915589,3.475906,461.5352,323.0,0.0942,0.5,13.8442,9.84,72.0,61.8
4621,45.914709,3.476176,461.6353,318.6,0.0942,0.5,13.8462,9.84,72.0,61.8
4622,45.91383,3.476446,461.7352,314.9,0.0942,0.5,13.8481,9.84,72.0,61.8
4623,45.91295,3.476716,461.8353,312.0,0.0942,0.5,13.8501,9.84,72.0,61.8
4624,45.912071,3.476987,461.9353,311.3,0.0942,0.5,13.8521,9.84,72.0,61.8
4625,45.911191,3.477257,462.0354,309.0,0.0942,0.5,13.8541,9.84,72.0,61.8
4626,45.910312,3.477527,462.1353,308.7,0.0942,0.5,13.8561,9.84,72.0,61.8
4627,45.909433,3.477797,462.2352,306.3,0.0942,0.5,13.8581,9.84,72.0,61.8
4628,45.908553,3.478067,462.3353,302.8,0.0942,0.5,13.8601,9.84,72.0,61.8
4629,45.907674,3.478337,462.4352,301.9,0.0942,0.5,13.8621,9.84,72.0,61.8
4630,45.906794,3.478607,462.5353,302.7,0.0942,0.5,13.864,9.84,72.0,61.8
4631,45.905915,3.478878,462.6353,302.9,0.0942,0.5,13.866,9.84,72.0,61.8
4632,45.905035,3.479148,462.7354,301.8,0.0942,0.5,13.868,9.84,72.0,61.8
4633,45.904156,3.479418,462.8353,300.3,0.0942,0.5,13.87,9.84,72.0,61.8
4634,45.903276,3.479688,462.9354,300.0,0.0943,0.501,13.871,9.8342,72.019,61.809
4635,45.902397,3.479958,463.0353,299.5,0.0944,0.502,13.872,9.8284,72.038,61.818
4636,45.901518,3.480228,463.1352,301.6,0.0945,0.503,13.873,9.8226,72.057,61.827
4637,45.900638,3.480498,463.2353,300.5,0.0946,0.504,13.874,9.8168,72.076,61.836
4638,45.899759,3.480769,463.3353,299.7,0.0947,0.505,13.875,9.811,72.095,61.845
4639,45.898879,3.481039,463.4354,302.1,0.0949,0.506,13.876,9.8052,72.114,61.854
4640,45.898,3.481309,463.5353,304.0,0.095,0.507,13.877,9.7994,72.133,61.863
4641,45.89712,3.481579,463.6354,304.3,0.0951,0.508,13.878,9.7936,72.152,61.872
4642,45.896241,3.481849,463.7353,303.9,0.0952,0.509,13.879,9.7878,72.171,61.881
4643,45.895361,3.482119,463.8354,301.8,0.0953,0.51,13.88,9.782,72.19,61.89
4644,45.894482,3.482389,463.9353,301.8,0.0954,0.511,13.881,9.7762,72.2089,61.899
4645,45.893603,3.48266,464.0353,299.2,0.0955,0.512,13.882,9.7704,72.2279,61.908
4646,45.892723,3.48293,464.1354,297.7,0.0956,0.513,13.883,9.7646,72.247,61.917
4647,45.891844,3.4832,464.2353,297.7,0.0957,0.514,13.884,9.7588,72.2659,61.926
4648,45.890964,3.48347,464.3354,297.4,0.0958,0.515,13.885,9.753,72.2849,61.935
4649,45.890085,3.48374,464.4353,296.0,0.0959,0.516,13.886,9.7472,72.3039,61.944
4650,45.889205,3.48401,464.5354,294.9,0.0961,0.517,13.887,9.7414,72.3229,61.953
4651,45.888326,3.48428,464.6353,295.1,0.0962,0.518,13.888,9.7356,72.3419,61.962
4652,45.887447,3.484551,464.7353,291.6,0.0963,0.519,13.889,9.7298,72.3609,61.971
4653,45.886567,3.484821,464.8354,292.5,0.0964,0.52,13.89,9.724,72.3799,61.98
4654,45.885688,3.485091,464.9353,295.8,0.0965,0.521,13.891,9.7182,72.3989,61.9889
4655,45.884808,3.485361,465.0354,295.9,0.0966,0.522,13.892,9.7124,72.4179,61.998
4656,45.883929,3.485631,465.1353,294.5,0.0967,0.523,13.893,9.7066,72.4369,62.0069
4657,45.883049,3.485901,465.2354,295.0,0.0968,0.524,13.894,9.7008,72.4559,62.016
4658,45.88217,3.486171,465.3353,296.2,0.0969,0.525,13.895,9.695,72.4749,62.0249
4659,45.88129,3.486441,465.4354,299.6,0.097,0.526,13.896,9.6892,72.4939,62.0339
4660,45.880411,3.486712,465.5354,304.2,0.0971,0.527,13.897,9.6834,72.5129,62.0429
4661,45.879532,3.486982,465.6354,305.6,0.0973,0.528,13.898,9.6776,72.5319,62.0519
4662,45.878652,3.487252,465.7355,306.3,0.0974,0.529,13.899,9.6718,72.5509,62.0609
4663,45.877773,3.487522,465.8355,300.9,0.0975,0.53,13.9,9.666,72.5699,62.0699
4664,45.876893,3.487792,465.9356,297.6,0.0976,0.531,13.901,9.6602,72.5889,62.079
4665,45.876014,3.488062,466.0356,297.5,0.0977,0.532,13.902,9.6544,72.6079,62.0879
4666,45.875134,3.488332,466.1357,297.7,0.0978,0.533,13.903,9.6486,72.6269,62.097
4667,45.874255,3.488603,466.2357,298.1,0.0979,0.534,13.904,9.6428,72.6459,62.106
4668,45.873375,3.488873,466.3358,298.4,0.098,0.535,13.905,9.637,72.6649,62.115
4669,45.872496,3.489143,466.4358,299.7,0.0981,0.536,13.906,9.6312,72.6839,62.124
4670,45.871617,3.489413,466.5358,298.8,0.0982,0.537,13.907,9.6254,72.7029,62.133
4671,45.870737,3.489683,466.6359,297.6,0.0983,0.538,13.908,9.6196,72.7219,62.142
4672,45.869858,3.489953,466.7359,293.5,0.0985,0.539,13.909,9.6138,72.7409,62.151
4673,45.868978,3.490223,466.836,292.3,0.0986,0.54,13.91,9.608,72.7599,62.16
4674,45.868099,3.490494,466.936,293.5,0.0987,0.541,13.911,9.6022,72.7789,62.169
4675,45.867219,3.490764,467.0361,297.0,0.0988,0.542,13.912,9.5964,72.7979,62.178
4676,45.86634,3.491034,467.1361,296.2,0.0989,0.543,13.913,9.5906,72.8169,62.187
4677,45.86546,3.491304,467.2362,293.9,0.099,0.544,13.914,9.5848,72.8359,62.196
4678,45.864581,3.491574,467.3362,292.4,0.0991,0.545,13.915,9.579,72.8549,62.205
4679,45.863702,3.491844,467.4362,290.1,0.0992,0.546,13.916,9.5732,72.8739,62.214
4680,45.862822,3.492114,467.5363,290.7,0.0993,0.547,13.917,9.5674,72.8929,62.223
4681,45.861943,3.492385,467.6363,292.2,0.0994,0.548,13.918,9.5616,72.9119,62.232
4682,45.861063,3.492655,467.7364,291.8,0.0995,0.549,13.919,9.5558,72.931,62.241
4683,45.860184,3.492925,467.8364,291.5,0.0996,0.55,13.92,9.55,72.95,62.25
4684,45.859304,3.493195,467.9365,291.6,0.0998,0.551,13.921,9.5442,72.969,62.259
4685,45.858425,3.493465,468.0365,290.9,0.0999,0.552,13.922,9.5384,72.988,62.268
4686,45.857545,3.493735,468.1366,290.4,0.1,0.553,13.923,9.5326,73.007,62.277
4687,45.856666,3.494005,468.2366,290.4,0.1001,0.554,13.924,9.5268,73.026,62.286
4688,45.855787,3.494276,468.3366,290.4,0.1002,0.555,13.925,9.521,73.045,62.295
4689,45.854907,3.494546,468.4367,288.6,0.1003,0.556,13.926,9.5152,73.064,62.304
4690,45.854028,3.494816,468.5367,288.6,0.1004,0.557,13.927,9.5094,73.083,62.313
4691,45.853148,3.495086,468.6368,289.8,0.1005,0.558,13.928,9.5036,73.102,62.322
4692,45.852269,3.495356,468.7368,290.1,0.1006,0.559,13.929,9.4978,73.121,62.331
4693,45.851389,3.495626,468.8369,289.6,0.1007,0.56,13.93,9.492,73.14,62.34
4694,45.85051,3.495896,468.9369,291.3,0.1008,0.561,13.931,9.4862,73.159,62.349
4695,45.84963,3.496167,469.037,293.0,0.101,0.562,13.932,9.4804,73.178,62.358
4696,45.848751,3.496437,469.137,292.7,0.1011,0.563,13.933,9.4746,73.197,62.367
4697,45.847872,3.496707,469.237,289.3,0.1012,0.564,13.934,9.4688,73.216,62.376
4698,45.846992,3.496977,469.3371,288.2,0.1013,0.565,13.935,9.463,73.235,62.385
4699,45.846113,3.497247,469.4371,289.9,0.1014,0.566,13.936,9.4572,73.254,62.394
4700,45.845233,3.497517,469.5372,290.5,0.1015,0.567,13.937,9.4514,73.273,62.403
4701,45.844354,3.497787,469.6372,290.8,0.1016,0.568,13.938,9.4456,73.292,62.412
4702,45.843474,3.498057,469.7373,292.1,0.1017,0.569,13.939,9.4398,73.311,62.421
4703,45.842595,3.498328,469.8373,293.2,0.1018,0.57,13.94,9.434,73.33,62.43
4704,45.841715,3.498598,469.9374,291.8,0.1019,0.571,13.941,9.4282,73.349,62.439
4705,45.840836,3.498868,470.0374,291.5,0.102,0.572,13.942,9.4224,73.368,62.448
4706,45.839957,3.499138,470.1374,292.7,0.1022,0.573,13.943,9.4166,73.387,62.457
4707,45.839077,3.499408,470.2375,293.6,0.1023,0.574,13.944,9.4108,73.406,62.466
4708,45.838198,3.499678,470.3375,293.7,0.1024,0.575,13.945,9.405,73.425,62.475
4709,45.837318,3.499948,470.4376,293.1,0.1025,0.576,13.946,9.3992,73.444,62.484
4710,45.836439,3.500219,470.5376,293.8,0.1026,0.577,13.947,9.3934,73.463,62.493
4711,45.835559,3.500489,470.6377,293.3,0.1027,0.578,13.948,9.3876,73.4821,62.502
4712,45.83468,3.500759,470.7377,293.9,0.1028,0.579,13.949,9.3818,73.5011,62.511
4713,45.8338,3.501029,470.8378,294.7,0.1029,0.58,13.95,9.376,73.5201,62.52
4714,45.832921,3.501299,470.9378,294.7,0.103,0.581,13.951,9.3702,73.5391,62.529
4715,45.832042,3.501569,471.0378,293.8,0.1031,0.582,13.952,9.3644,73.5581,62.538
4716,45.831162,3.501839,471.1379,295.2,0.1032,0.583,13.953,9.3586,73.5771,62.547
4717,45.830283,3.50211,471.2379,295.5,0.1034,0.584,13.954,9.3528,73.5961,62.556
4718,45.829403,3.50238,471.338,295.0,0.1035,0.585,13.955,9.347,73.6151,62.565
4719,45.828524,3.50265,471.438,295.3,0.1036,0.586,13.956,9.3412,73.6341,62.574
4720,45.827644,3.50292,471.5381,298.0,0.1037,0.587,13.957,9.3354,73.6531,62.583
4721,45.826765,3.50319,471.6381,299.0,0.1038,0.588,13.958,9.3296,73.6721,62.592
4722,45.825885,3.50346,471.7382,299.8,0.1039,0.589,13.959,9.3238,73.6911,62.601
4723,45.825031,3.50386,471.8381,301.7,0.104,0.59,13.96,9.318,73.7101,62.61
4724,45.824177,3.504265,471.9381,300.5,0.1041,0.591,13.961,9.3122,73.7291,62.619
4725,45.823323,3.504669,472.0381,299.3,0.1042,0.592,13.962,9.3064,73.7481,62.628
4726,45.822469,3.505074,472.1381,299.4,0.1043,0.593,13.963,9.3006,73.7671,62.637
4727,45.821615,3.505478,472.2381,299.5,0.1044,0.594,13.964,9.2948,73.786,62.646
4728,45.820761,3.505883,472.3381,300.4,0.1046,0.595,13.965,9.289,73.805,62.655
4729,45.819917,3.506327,472.4381,301.3,0.1047,0.596,13.966,9.2832,73.824,62.664
4730,45.819107,3.506889,472.5381,302.6,0.1048,0.597,13.967,9.2774,73.843,62.673
4731,45.818315,3.507496,472.6379,303.6,0.1049,0.598,13.968,9.2716,73.862,62.682
4732,45.817538,3.508148,472.738,304.6,0.105,0.599,13.969,9.2658,73.881,62.691
4733,45.816762,3.5088,472.838,302.6,0.1051,0.6,13.97,9.26,73.9,62.7
4734,45.815986,3.509452,472.938,299.8,0.1051,0.6,13.9685,9.26,73.899,62.7
4735,45.815211,3.510105,473.0379,301.1,0.1051,0.6,13.967,9.26,73.898,62.7
4736,45.814435,3.510758,473.1379,300.2,0.1051,0.6,13.9655,9.26,73.897,62.7
4737,45.813659,3.511411,473.2379,300.6,0.1051,0.6,13.9641,9.26,73.896,62.7
4738,45.812884,3.512064,473.3378,300.9,0.1051,0.6,13.9626,9.26,73.895,62.7
4739,45.812108,3.512717,473.4378,302.2,0.1051,0.6,13.9611,9.26,73.8941,62.7
4740,45.811332,3.51337,473.5378,303.6,0.1051,0.6,13.9596,9.26,73.8931,62.7
4741,45.810557,3.514023,473.6377,304.0,0.1051,0.6,13.9581,9.26,73.8921,62.7
4742,45.809781,3.514676,473.7377,304.3,0.1051,0.6,13.9566,9.26,73.8911,62.7
4743,45.80899,3.515288,473.8376,303.7,0.1051,0.6,13.9551,9.26,73.8901,62.7
4744,45.808145,3.515723,473.9374,300.8,0.1051,0.6,13.9537,9.26,73.8891,62.7
4745,45.807267,3.516005,474.0374,301.5,0.1051,0.6,13.9522,9.26,73.8881,62.7
4746,45.806383,3.516235,474.1373,301.4,0.1051,0.6,13.9507,9.26,73.8871,62.7
4747,45.805497,3.51646,474.2374,301.8,0.1051,0.6,13.9492,9.26,73.8861,62.7
4748,45.804608,3.516652,474.3374,301.1,0.1051,0.6,13.9477,9.26,73.8851,62.7
4749,45.80374,3.516992,474.4375,301.7,0.1051,0.6,13.9462,9.26,73.8842,62.7
4750,45.802891,3.517412,474.5374,305.0,0.1051,0.6,13.9447,9.26,73.8832,62.7
4751,45.80217,3.518173,474.6369,304.6,0.1051,0.6,13.9433,9.26,73.8822,62.7
4752,45.801542,3.519094,474.7368,299.6,0.1051,0.6,13.9418,9.26,73.8812,62.7
4753,45.800928,3.520036,474.8368,299.5,0.1051,0.6,13.9403,9.26,73.8802,62.7
4754,45.800324,3.520993,474.9369,302.4,0.1051,0.6,13.9388,9.26,73.8792,62.7
4755,45.799721,3.521949,475.0368,302.2,0.1051,0.6,13.9373,9.26,73.8782,62.7
4756,45.799098,3.522879,475.1368,303.4,0.1051,0.6,13.9358,9.26,73.8772,62.7
4757,45.798458,3.523783,475.2367,303.9,0.1051,0.6,13.9344,9.26,73.8762,62.7
4758,45.797693,3.524442,475.3359,304.2,0.1051,0.6,13.9329,9.26,73.8753,62.7
4759,45.796826,3.524783,475.4359,304.5,0.1051,0.6,13.9314,9.26,73.8743,62.7
4760,45.795941,3.525007,475.5358,304.1,0.1051,0.6,13.9299,9.26,73.8733,62.7
4761,45.795055,3.52523,475.6358,305.5,0.1051,0.6,13.9284,9.26,73.8723,62.7
4762,45.794169,3.525454,475.7358,307.5,0.1051,0.6,13.9269,9.26,73.8713,62.7
4763,45.793286,3.525697,475.8358,309.4,0.1051,0.6,13.9255,9.26,73.8703,62.7
4764,45.792419,3.526033,475.9357,310.3,0.1051,0.6,13.924,9.26,73.8693,62.7
4765,45.791563,3.52643,476.0357,308.8,0.1051,0.6,13.9225,9.26,73.8683,62.7
4766,45.790764,3.527012,476.1353,307.0,0.1051,0.6,13.921,9.26,73.8673,62.7
4767,45.789978,3.52764,476.2353,306.1,0.1051,0.6,13.9195,9.26,73.8663,62.7
4768,45.789179,3.528233,476.3353,306.1,0.1051,0.6,13.918,9.26,73.8654,62.7
4769,45.788381,3.528826,476.4352,306.8,0.1051,0.6,13.9165,9.26,73.8644,62.7
4770,45.787582,3.529419,476.5352,308.0,0.1051,0.6,13.9151,9.26,73.8634,62.7
4771,45.786784,3.530012,476.6351,311.7,0.1051,0.6,13.9136,9.26,73.8624,62.7
4772,45.785985,3.530606,476.7352,314.6,0.1051,0.6,13.9121,9.26,73.8614,62.7
4773,45.785187,3.531201,476.8352,314.4,0.1051,0.6,13.9106,9.26,73.8604,62.7
4774,45.784407,3.531841,476.9351,312.0,0.1051,0.6,13.9091,9.26,73.8594,62.7
4775,45.78362,3.532463,477.035,310.6,0.1051,0.6,13.9076,9.26,73.8584,62.7
4776,45.782795,3.532978,477.1351,311.1,0.1051,0.6,13.9061,9.26,73.8574,62.7
4777,45.78196,3.533455,477.235,310.5,0.1051,0.6,13.9047,9.26,73.8564,62.7
4778,45.781106,3.533856,477.3349,310.0,0.1051,0.6,13.9032,9.26,73.8555,62.7
4779,45.780237,3.534186,477.4349,309.6,0.1051,0.6,13.9017,9.26,73.8545,62.7
4780,45.779369,3.534527,477.535,309.3,0.1051,0.6,13.9002,9.26,73.8535,62.7
4781,45.778503,3.534875,477.635,309.4,0.1051,0.6,13.8987,9.26,73.8525,62.7
4782,45.777637,3.535223,477.735,309.7,0.1051,0.6,13.8972,9.26,73.8515,62.7
4783,45.776771,3.535571,477.835,308.8,0.1051,0.6,13.8957,9.26,73.8505,62.7
4784,45.775906,3.535919,477.9349,308.2,0.1051,0.6,13.8943,9.26,73.8495,62.7
4785,45.77504,3.536267,478.0349,307.8,0.1051,0.6,13.8928,9.26,73.8485,62.7
4786,45.774174,3.536615,478.1349,307.7,0.1051,0.6,13.8913,9.26,73.8475,62.7
4787,45.773308,3.536963,478.2349,309.6,0.1051,0.6,13.8898,9.26,73.8465,62.7
4788,45.772442,3.537311,478.3349,310.0,0.1051,0.6,13.8883,9.26,73.8455,62.7
4789,45.771576,3.537659,478.4349,309.0,0.1051,0.6,13.8868,9.26,73.8446,62.7
4790,45.77071,3.538007,478.5349,308.5,0.1051,0.6,13.8853,9.26,73.8436,62.7
4791,45.769844,3.538355,478.6349,308.8,0.1051,0.6,13.8839,9.26,73.8426,62.7
4792,45.768978,3.538701,478.7349,309.1,0.1051,0.6,13.8824,9.26,73.8416,62.7
4793,45.768111,3.539046,478.835,311.1,0.1051,0.6,13.8809,9.26,73.8406,62.7
4794,45.767245,3.539391,478.9349,310.8,0.1051,0.6,13.8794,9.26,73.8396,62.7
4795,45.766378,3.539737,479.035,311.4,0.1051,0.6,13.8779,9.26,73.8386,62.7
4796,45.765512,3.540082,479.1349,313.8,0.1051,0.6,13.8764,9.26,73.8376,62.7
4797,45.764644,3.54042,479.2349,314.6,0.1051,0.6,13.8749,9.26,73.8366,62.7
4798,45.763775,3.540752,479.3349,315.2,0.1051,0.6,13.8735,9.26,73.8356,62.7
4799,45.762919,3.541141,479.4348,314.8,0.1051,0.6,13.872,9.26,73.8346,62.7
4800,45.762074,3.541584,479.5348,315.6,0.1051,0.6,13.8705,9.26,73.8337,62.7
4801,45.761248,3.542092,479.6347,317.4,0.1051,0.6,13.869,9.26,73.8327,62.7
4802,45.760433,3.542637,479.7347,315.8,0.1051,0.6,13.8675,9.26,73.8317,62.7
4803,45.759619,3.543183,479.8346,315.5,0.1051,0.6,13.866,9.26,73.8307,62.7
4804,45.758806,3.543735,479.9346,316.1,0.1051,0.6,13.8645,9.26,73.8297,62.7
4805,45.757993,3.544286,480.0346,315.6,0.1051,0.6,13.8631,9.26,73.8287,62.7
4806,45.757174,3.544819,480.1346,314.7,0.1051,0.6,13.8616,9.26,73.8277,62.7
4807,45.756354,3.545347,480.2346,314.2,0.1051,0.6,13.8601,9.26,73.8267,62.7
4808,45.755533,3.545876,480.3347,315.5,0.1051,0.6,13.8586,9.26,73.8257,62.7
4809,45.754694,3.546333,480.4345,315.9,0.1051,0.6,13.8571,9.26,73.8247,62.7
4810,45.753815,3.546584,480.5342,316.9,0.1051,0.6,13.8556,9.26,73.8238,62.7
4811,45.752918,3.546528,480.634,317.0,0.1051,0.6,13.8542,9.26,73.8228,62.7
4812,45.752054,3.546183,480.7337,316.0,0.1051,0.6,13.8527,9.26,73.8218,62.7
4813,45.751233,3.545664,480.8335,316.1,0.1051,0.6,13.8512,9.26,73.8208,62.7
4814,45.750458,3.545009,480.9335,317.8,0.1051,0.6,13.8497,9.26,73.8198,62.7
4815,45.74969,3.54434,481.0334,319.4,0.1051,0.6,13.8482,9.26,73.8188,62.7
4816,45.748911,3.543696,481.1334,319.7,0.1051,0.6,13.8467,9.26,73.8178,62.7
4817,45.748132,3.543052,481.2334,319.3,0.1051,0.6,13.8452,9.26,73.8168,62.7
4818,45.747353,3.542408,481.3334,319.3,0.1051,0.6,13.8438,9.26,73.8158,62.7
4819,45.746573,3.541765,481.4335,318.7,0.1051,0.6,13.8423,9.26,73.8148,62.7
4820,45.745794,3.541121,481.5335,318.4,0.1051,0.6,13.8408,9.26,73.8139,62.7
4821,45.745015,3.540477,481.6335,319.0,0.1051,0.6,13.8393,9.26,73.8129,62.7
4822,45.744236,3.539833,481.7335,319.0,0.1051,0.6,13.8378,9.26,73.8119,62.7
4823,45.743457,3.539189,481.8335,319.4,0.1051,0.6,13.8363,9.26,73.8109,62.7
4824,45.742678,3.538546,481.9335,321.4,0.1051,0.6,13.8348,9.26,73.8099,62.7
4825,45.741898,3.537905,482.0335,322.5,0.1051,0.6,13.8334,9.26,73.8089,62.7
4826,45.741079,3.537372,482.1335,323.3,0.1051,0.6,13.8319,9.26,73.8079,62.7
4827,45.740319,3.536694,482.233,325.6,0.1051,0.6,13.8304,9.26,73.8069,62.7
4828,45.739585,3.535949,482.333,327.7,0.1051,0.6,13.8289,9.26,73.8059,62.7
4829,45.738907,3.535102,482.433,328.4,0.1051,0.6,13.8274,9.26,73.8049,62.7
4830,45.738188,3.534332,482.5328,329.4,0.1051,0.6,13.8259,9.26,73.804,62.7
4831,45.737448,3.533599,482.6328,333.8,0.1051,0.6,13.8245,9.26,73.803,62.7
4832,45.736685,3.532917,482.7328,334.7,0.1051,0.6,13.823,9.26,73.802,62.7
4833,45.735913,3.532256,482.8328,336.8,0.1051,0.6,13.8215,9.26,73.801,62.7
4834,45.735114,3.531673,482.9325,333.4,0.1051,0.6,13.82,9.26,73.8,62.7
4835,45.734283,3.531183,483.0324,335.1,0.1051,0.6,13.815,9.26,73.8,62.7
4836,45.733421,3.530836,483.132,331.7,0.1051,0.6,13.8101,9.26,73.8,62.7
4837,45.732528,3.530685,483.232,326.6,0.1051,0.6,13.8051,9.26,73.8,62.7
4838,45.731636,3.530526,483.332,333.6,0.1051,0.6,13.8001,9.26,73.8,62.7
4839,45.730743,3.530366,483.4321,341.4,0.1051,0.6,13.7951,9.26,73.8,62.7
4840,45.729852,3.530196,483.532,338.5,0.1051,0.6,13.7902,9.26,73.8,62.7
4841,45.72897,3.529957,483.6318,342.9,0.1051,0.6,13.7852,9.26,73.8,62.7
4842,45.728113,3.52957,483.7317,345.9,0.1051,0.6,13.7802,9.26,73.8,62.7
4843,45.727263,3.529149,483.8317,335.2,0.1051,0.6,13.7753,9.26,73.8,62.7
4844,45.726413,3.528727,483.9317,333.5,0.1051,0.6,13.7703,9.26,73.8,62.7
4845,45.725565,3.528301,484.0316,342.2,0.1051,0.6,13.7653,9.26,73.8,62.7
4846,45.72468,3.528077,484.1315,343.8,0.1051,0.6,13.7603,9.26,73.8,62.7
4847,45.723784,3.528053,484.2311,340.4,0.1051,0.6,13.7554,9.26,73.8,62.7
4848,45.722974,3.528587,484.3302,340.0,0.1051,0.6,13.7505,9.26,73.8,62.7
4849,45.722414,3.529588,484.4298,341.0,0.1051,0.6,13.7455,9.26,73.8,62.7
4850,45.72222,3.530823,484.5281,343.4,0.1051,0.6,13.7406,9.26,73.8,62.7
4851,45.722187,3.532109,484.628,346.1,0.1051,0.6,13.7356,9.26,73.8,62.7
4852,45.72194,3.533336,484.7271,342.5,0.1051,0.6,13.7307,9.26,73.8,62.7
4853,45.72137,3.534316,484.8261,339.3,0.1051,0.6,13.7258,9.26,73.8,62.7
4854,45.720573,3.534877,484.9248,345.6,0.1051,0.6,13.7209,9.26,73.8,62.7
4855,45.719693,3.534764,485.023,346.1,0.1051,0.6,13.716,9.26,73.8,62.7
4856,45.718867,3.534273,485.1224,347.5,0.1051,0.6,13.711,9.26,73.8,62.7
4857,45.718185,3.53345,485.2216,347.3,0.1051,0.6,13.7061,9.26,73.8,62.7
4858,45.717652,3.532413,485.3216,347.7,0.1051,0.6,13.7011,9.26,73.8,62.7
4859,45.717121,3.531373,485.4216,346.0,0.1051,0.6,13.6962,9.26,73.8,62.7
4860,45.716543,3.530388,485.5215,352.9,0.1051,0.6,13.6912,9.26,73.8,62.7
4861,45.715751,3.529787,485.6212,365.1,0.1051,0.6,13.6862,9.26,73.8,62.7
4862,45.71486,3.529771,485.7203,362.2,0.1051,0.6,13.6813,9.26,73.8,62.7
4863,45.714151,3.530483,485.8166,362.3,0.1051,0.6,13.6765,9.26,73.8,62.7
4864,45.713555,3.531443,485.9163,361.1,0.1051,0.6,13.6715,9.26,73.8,62.7
4865,45.713233,3.532627,486.015,361.5,0.1051,0.6,13.6666,9.26,73.8,62.7
4866,45.712982,3.533857,486.1145,359.1,0.1051,0.6,13.6617,9.26,73.8,62.7
4867,45.712411,3.534818,486.2125,361.6,0.1051,0.6,13.6568,9.26,73.8,62.7
4868,45.711683,3.535574,486.3125,369.3,0.1051,0.6,13.6518,9.26,73.8,62.7
4869,45.710908,3.536226,486.4124,374.5,0.1051,0.6,13.6469,9.26,73.8,62.7
4870,45.710101,3.536792,486.5123,373.3,0.1051,0.6,13.6419,9.26,73.8,62.7
4871,45.709266,3.537272,486.6123,365.6,0.1051,0.6,13.6369,9.26,73.8,62.7
4872,45.708441,3.537783,486.7122,368.6,0.1051,0.6,13.6319,9.26,73.8,62.7
4873,45.707683,3.538465,486.8117,376.5,0.1051,0.6,13.627,9.26,73.8,62.7
4874,45.707173,3.539508,486.9106,373.1,0.1051,0.6,13.6221,9.26,73.8,62.7
4875,45.706789,3.540672,487.0106,377.1,0.1051,0.6,13.6171,9.26,73.8,62.7
4876,45.706315,3.541762,487.1103,390.0,0.1051,0.6,13.6121,9.26,73.8,62.7
4877,45.705885,3.542886,487.2098,388.3,0.1051,0.6,13.6072,9.26,73.8,62.7
4878,45.705521,3.544063,487.3098,384.6,0.1051,0.6,13.6022,9.26,73.8,62.7
4879,45.705186,3.545258,487.4098,376.6,0.1051,0.6,13.5972,9.26,73.8,62.7
4880,45.704807,3.546414,487.509,383.7,0.1051,0.6,13.5923,9.26,73.8,62.7
4881,45.704212,3.547365,487.6082,385.9,0.1051,0.6,13.5874,9.26,73.8,62.7
4882,45.703722,3.548414,487.7062,388.8,0.1051,0.6,13.5825,9.26,73.8,62.7
4883,45.703493,3.549646,487.8052,384.3,0.1051,0.6,13.5776,9.26,73.8,62.7
4884,45.70347,3.550933,487.9052,368.7,0.1051,0.6,13.5726,9.26,73.8,62.7
4885,45.703326,3.5522,488.0049,375.3,0.1051,0.6,13.5676,9.26,73.8,62.7
4886,45.702877,3.553303,488.104,372.7,0.1051,0.6,13.5627,9.26,73.8,62.7
4887,45.702222,3.554186,488.204,372.4,0.1051,0.6,13.5577,9.26,73.8,62.7
4888,45.701571,3.555074,488.304,379.8,0.1051,0.6,13.5527,9.26,73.8,62.7
4889,45.700936,3.555986,488.404,383.9,0.1051,0.6,13.5478,9.26,73.8,62.7
4890,45.700308,3.556907,488.504,395.4,0.1051,0.6,13.5428,9.26,73.8,62.7
4891,45.699891,3.558012,488.6015,416.8,0.1051,0.6,13.5379,9.26,73.8,62.7
4892,45.699834,3.559292,488.7011,412.3,0.1051,0.6,13.533,9.26,73.8,62.7
4893,45.699963,3.560564,488.8009,391.6,0.1051,0.6,13.528,9.26,73.8,62.7
4894,45.700507,3.561568,488.8996,386.4,0.1051,0.6,13.5231,9.26,73.8,62.7
4895,45.700886,3.562717,488.9983,383.6,0.1051,0.6,13.5182,9.26,73.8,62.7
4896,45.700922,3.563995,489.0976,384.4,0.1051,0.6,13.5132,9.26,73.8,62.7
4897,45.700809,3.565273,489.1976,382.0,0.1051,0.6,13.5083,9.26,73.8,62.7
4898,45.700695,3.56655,489.2976,384.9,0.1051,0.6,13.5033,9.26,73.8,62.7
4899,45.700611,3.567832,489.3976,385.9,0.1051,0.6,13.4983,9.26,73.8,62.7
4900,45.700577,3.569116,489.4974,388.6,0.1051,0.6,13.4934,9.26,73.8,62.7
4901,45.700785,3.570361,489.5968,391.2,0.1051,0.6,13.4884,9.26,73.8,62.7
4902,45.700908,3.571623,489.6958,386.7,0.1051,0.6,13.4835,9.26,73.8,62.7
4903,45.700772,3.572894,489.7957,391.5,0.1051,0.6,13.4785,9.26,73.8,62.7
4904,45.700535,3.574136,489.8957,395.8,0.1051,0.6,13.4735,9.26,73.8,62.7
4905,45.700297,3.575378,489.9957,391.5,0.1051,0.6,13.4686,9.26,73.8,62.7
4906,45.700114,3.576635,490.0954,388.2,0.1051,0.6,13.4636,9.26,73.8,62.7
4907,45.700051,3.577913,490.1949,387.1,0.1051,0.6,13.4587,9.26,73.8,62.7
4908,45.700293,3.579127,490.2929,394.4,0.1051,0.6,13.4538,9.26,73.8,62.7
4909,45.700805,3.580178,490.3924,396.6,0.1051,0.6,13.4488,9.26,73.8,62.7
4910,45.701477,3.581028,490.4921,394.9,0.1051,0.6,13.4439,9.26,73.8,62.7
4911,45.702108,3.581928,490.5911,393.3,0.1051,0.6,13.4389,9.26,73.8,62.7
4912,45.702508,3.583078,490.6909,398.8,0.1051,0.6,13.434,9.26,73.8,62.7
4913,45.702626,3.584339,490.7897,398.4,0.1051,0.6,13.4291,9.26,73.8,62.7
4914,45.702508,3.585615,490.8897,393.7,0.1051,0.6,13.4241,9.26,73.8,62.7
4915,45.702363,3.586886,490.9897,391.1,0.1051,0.6,13.4191,9.26,73.8,62.7
4916,45.702174,3.588145,491.0897,382.1,0.1051,0.6,13.4141,9.26,73.8,62.7
4917,45.701846,3.589338,491.1893,396.6,0.1051,0.6,13.4092,9.26,73.8,62.7
4918,45.701161,3.590147,491.288,397.5,0.1051,0.6,13.4043,9.26,73.8,62.7
4919,45.700338,3.590635,491.3871,397.1,0.1051,0.6,13.3993,9.26,73.8,62.7
4920,45.699445,3.590748,491.4868,393.4,0.1051,0.6,13.3944,9.26,73.8,62.7
4921,45.698564,3.590508,491.5865,394.4,0.1051,0.6,13.3894,9.26,73.8,62.7
4922,45.697669,3.590384,491.6865,397.8,0.1051,0.6,13.3844,9.26,73.8,62.7
4923,45.696775,3.590263,491.7864,400.3,0.1051,0.6,13.3795,9.26,73.8,62.7
4924,45.695877,3.590188,491.8864,400.1,0.1051,0.6,13.3745,9.26,73.8,62.7
4925,45.694985,3.59022,491.9856,398.2,0.1051,0.6,13.3696,9.26,73.8,62.7
4926,45.69412,3.590569,492.0855,396.6,0.1051,0.6,13.3646,9.26,73.8,62.7
4927,45.693314,3.591118,492.1847,398.2,0.1051,0.6,13.3596,9.26,73.8,62.7
4928,45.692733,3.59209,492.2841,404.8,0.1051,0.6,13.3547,9.26,73.8,62.7
4929,45.692351,3.593246,492.3834,407.4,0.1051,0.6,13.3498,9.26,73.8,62.7
4930,45.692136,3.594493,492.4832,410.4,0.1051,0.6,13.3448,9.26,73.8,62.7
4931,45.692006,3.595767,492.5832,416.3,0.1051,0.6,13.3398,9.26,73.8,62.7
4932,45.691992,3.597053,492.6831,417.8,0.1051,0.6,13.3348,9.26,73.8,62.7
4933,45.691912,3.598319,492.7818,419.5,0.1051,0.6,13.3299,9.26,73.8,62.7
4934,45.691538,3.599489,492.8817,424.3,0.1051,0.6,13.325,9.26,73.8,62.7
4935,45.69116,3.600654,492.9815,426.7,0.1051,0.6,13.32,9.26,73.8,62.7
4936,45.690936,3.601901,493.0815,417.1,0.1055,0.602,13.3143,9.2568,73.8289,62.708
4937,45.690885,3.603179,493.1809,418.8,0.1058,0.604,13.3087,9.2536,73.8576,62.7159
4938,45.691047,3.604446,493.2809,416.9,0.1062,0.606,13.303,9.2505,73.8864,62.7238
4939,45.69117,3.60572,493.3808,412.5,0.1066,0.608,13.2973,9.2473,73.9153,62.7318
4940,45.691118,3.606988,493.4795,405.9,0.1069,0.6099,13.2917,9.2441,73.9438,62.7397
4941,45.69073,3.608136,493.5786,404.0,0.1073,0.6119,13.2861,9.241,73.9724,62.7476
4942,45.69012,3.609079,493.6784,404.5,0.1077,0.6139,13.2805,9.2378,74.0012,62.7555
4943,45.689363,3.609765,493.778,405.6,0.1081,0.6159,13.2748,9.2346,74.03,62.7634
4944,45.688513,3.610169,493.8776,407.4,0.1084,0.6178,13.2691,9.2315,74.0587,62.7714
4945,45.687625,3.610347,493.9773,410.3,0.1088,0.6198,13.2635,9.2283,74.0875,62.7793
4946,45.686748,3.610139,494.0761,419.7,0.1092,0.6218,13.2579,9.2251,74.116,62.7872
4947,45.685916,3.609648,494.1762,427.9,0.1095,0.6238,13.2522,9.2219,74.1449,62.7952
4948,45.685065,3.609236,494.2761,431.2,0.1099,0.6258,13.2465,9.2188,74.1738,62.8031
4949,45.684173,3.609111,494.3758,427.1,0.1103,0.6278,13.2409,9.2156,74.2026,62.8111
4950,45.683345,3.609577,494.4747,415.0,0.1106,0.6297,13.2353,9.2124,74.2311,62.8189
4951,45.682644,3.610377,494.5744,423.7,0.111,0.6317,13.2296,9.2093,74.2599,62.8269
4952,45.682281,3.611532,494.6728,429.7,0.1114,0.6337,13.224,9.2061,74.2883,62.8347
4953,45.682067,3.612781,494.7727,428.0,0.1118,0.6357,13.2183,9.2029,74.3172,62.8427
4954,45.681691,3.613947,494.8725,427.4,0.1121,0.6377,13.2127,9.1998,74.346,62.8506
4955,45.681411,3.61515,494.971,424.5,0.1125,0.6396,13.2071,9.1966,74.3744,62.8585
4956,45.681197,3.616398,495.0708,426.7,0.1129,0.6416,13.2014,9.1934,74.4032,62.8664
4957,45.680705,3.617459,495.1697,432.7,0.1132,0.6436,13.1958,9.1903,74.4318,62.8743
4958,45.680026,3.618287,495.2689,420.3,0.1136,0.6455,13.1902,9.1871,74.4604,62.8822
4959,45.679283,3.619012,495.3689,419.2,0.114,0.6475,13.1845,9.1839,74.4893,62.8902
4960,45.678609,3.619847,495.468,423.2,0.1143,0.6495,13.1789,9.1808,74.5179,62.898
4961,45.678186,3.620979,495.5677,424.9,0.1147,0.6515,13.1732,9.1776,74.5467,62.906
4962,45.678063,3.622248,495.6672,426.8,0.1151,0.6535,13.1676,9.1744,74.5754,62.9139
4963,45.6781,3.623527,495.7667,431.2,0.1154,0.6555,13.1619,9.1713,74.6042,62.9218
4964,45.678328,3.624772,495.8667,436.5,0.1158,0.6575,13.1563,9.1681,74.633,62.9298
4965,45.678562,3.626015,495.9667,442.6,0.1162,0.6594,13.1506,9.1649,74.6619,62.9378
4966,45.678754,3.627266,496.0662,451.8,0.1166,0.6614,13.1449,9.1617,74.6906,62.9457
4967,45.678663,3.628537,496.1655,449.2,0.1169,0.6634,13.1393,9.1586,74.7193,62.9536
4968,45.678295,3.629701,496.2648,442.6,0.1173,0.6654,13.1337,9.1554,74.748,62.9615
4969,45.677667,3.630603,496.3637,436.5,0.1177,0.6673,13.1281,9.1522,74.7765,62.9694
4970,45.676859,3.631136,496.4626,435.0,0.118,0.6693,13.1224,9.1491,74.8051,62.9773
4971,45.675986,3.631446,496.5626,431.8,0.1184,0.6713,13.1168,9.1459,74.834,62.9852
4972,45.675174,3.631987,496.6622,428.6,0.1188,0.6733,13.1111,9.1427,74.8627,62.9932
4973,45.67449,3.632814,496.7618,438.0,0.1191,0.6753,13.1055,9.1396,74.8915,63.0011
4974,45.673996,3.633887,496.8616,459.7,0.1195,0.6773,13.0998,9.1364,74.9203,63.009
4975,45.673586,3.635032,496.9616,454.7,0.1199,0.6793,13.0941,9.1332,74.9492,63.017
4976,45.673152,3.636159,497.0616,445.2,0.1203,0.6812,13.0885,9.13,74.978,63.025
4977,45.672704,3.637275,497.1616,445.2,0.1206,0.6832,13.0828,9.1268,75.0069,63.0329
4978,45.672202,3.638332,497.2609,445.7,0.121,0.6852,13.0771,9.1237,75.0356,63.0409
4979,45.671515,3.639161,497.3608,449.1,0.1214,0.6872,13.0715,9.1205,75.0644,63.0488
4980,45.670811,3.639961,497.4608,447.9,0.1217,0.6892,13.0658,9.1173,75.0933,63.0568
4981,45.6703,3.640995,497.5592,458.4,0.1221,0.6912,13.0602,9.1142,75.1217,63.0646
4982,45.669847,3.642102,497.6589,467.7,0.1225,0.6931,13.0546,9.111,75.1505,63.0726
4983,45.669073,3.642675,497.7558,475.9,0.1228,0.6951,13.0491,9.1079,75.1785,63.0803
4984,45.668182,3.642848,497.8558,468.6,0.1232,0.6971,13.0434,9.1047,75.2074,63.0882
4985,45.667346,3.643259,497.9541,459.4,0.1236,0.699,13.0378,9.1016,75.2357,63.0961
4986,45.666594,3.643963,498.054,460.5,0.1239,0.701,13.0321,9.0984,75.2646,63.104
4987,45.66591,3.644789,498.1535,461.4,0.1243,0.703,13.0265,9.0952,75.2933,63.1119
4988,45.665403,3.645843,498.2529,460.2,0.1247,0.705,13.0208,9.0921,75.322,63.1199
4989,45.665171,3.647084,498.3527,461.3,0.125,0.707,13.0152,9.0889,75.3508,63.1278
4990,45.665163,3.648368,498.4525,463.0,0.1254,0.7089,13.0095,9.0857,75.3796,63.1358
4991,45.665072,3.649639,498.5518,462.6,0.1258,0.7109,13.0039,9.0825,75.4083,63.1437
4992,45.664683,3.650781,498.6505,460.6,0.1262,0.7129,12.9983,9.0794,75.4368,63.1515
4993,45.664034,3.651657,498.7497,460.1,0.1265,0.7149,12.9927,9.0762,75.4655,63.1594
4994,45.663221,3.652208,498.8497,460.4,0.1269,0.7168,12.987,9.073,75.4943,63.1674
4995,45.662394,3.652713,498.9497,465.1,0.1273,0.7188,12.9813,9.0699,75.5232,63.1754
4996,45.661696,3.65352,499.0495,473.8,0.1276,0.7208,12.9756,9.0667,75.552,63.1833
4997,45.661146,3.654523,499.1486,474.2,0.128,0.7228,12.97,9.0635,75.5806,63.1912
4998,45.660831,3.655727,499.2485,470.6,0.1284,0.7248,12.9643,9.0603,75.6095,63.1992
4999,45.660333,3.656785,499.3476,473.4,0.1287,0.7268,12.9587,9.0572,75.6381,63.2071
5000,45.65962,3.657552,499.4468,475.0,0.1291,0.7287,12.9531,9.054,75.6667,63.215
5001,45.65875,3.657853,499.5463,481.0,0.1295,0.7307,12.9474,9.0508,75.6955,63.2229
5002,45.657853,3.657822,499.6461,486.9,0.1299,0.7327,12.9418,9.0477,75.7243,63.2308
5003,45.656954,3.657819,499.7461,485.4,0.1302,0.7347,12.9361,9.0445,75.7531,63.2388
5004,45.656095,3.658133,499.8447,472.5,0.1306,0.7367,12.9305,9.0413,75.7816,63.2467
5005,45.655374,3.65889,499.9441,464.9,0.131,0.7386,12.9249,9.0382,75.8103,63.2546
5006,45.654852,3.659931,500.0437,466.9,0.1313,0.7406,12.9192,9.035,75.8391,63.2625
5007,45.654603,3.661156,500.1429,472.1,0.1317,0.7426,12.9136,9.0318,75.8677,63.2704
5008,45.654411,3.662413,500.2429,470.4,0.1321,0.7446,12.9079,9.0287,75.8966,63.2784
5009,45.65413,3.66362,500.3418,471.4,0.1324,0.7466,12.9023,9.0255,75.9251,63.2862
5010,45.6536,3.664642,500.4407,473.6,0.1328,0.7485,12.8967,9.0224,75.9537,63.2941
5011,45.652851,3.665336,500.5399,475.3,0.1332,0.7505,12.8911,9.0192,75.9823,63.302
5012,45.651964,3.665529,500.6397,479.1,0.1335,0.7525,12.8854,9.016,76.0111,63.31
5013,45.651069,3.665614,500.7394,478.6,0.1339,0.7545,12.8797,9.0128,76.0399,63.3179
5014,45.650171,3.665583,500.8393,477.1,0.1343,0.7565,12.8741,9.0097,76.0688,63.3259
5015,45.649289,3.665377,500.9387,476.2,0.1347,0.7584,12.8684,9.0065,76.0975,63.3338
5016,45.648452,3.664908,501.0387,482.3,0.135,0.7604,12.8628,9.0033,76.1264,63.3418
5017,45.647642,3.664351,501.1386,486.6,0.1354,0.7624,12.8571,9.0001,76.1552,63.3497
5018,45.646775,3.664147,501.2363,485.7,0.1358,0.7644,12.8515,8.997,76.1834,63.3575
5019,45.645888,3.664332,501.336,482.9,0.1361,0.7664,12.8459,8.9938,76.2122,63.3654
5020,45.645116,3.664972,501.4352,481.3,0.1365,0.7683,12.8403,8.9907,76.2408,63.3733
5021,45.644503,3.665905,501.5347,485.7,0.1369,0.7703,12.8346,8.9875,76.2696,63.3813
5022,45.644158,3.667085,501.6341,487.4,0.1372,0.7723,12.829,8.9843,76.2983,63.3892
5023,45.644134,3.668361,501.7333,480.5,0.1376,0.7743,12.8233,8.9812,76.3269,63.3971
5024,45.644342,3.669606,501.8328,480.9,0.138,0.7763,12.8177,8.978,76.3556,63.405
5025,45.644782,3.670714,501.9319,487.9,0.1383,0.7782,12.8121,8.9748,76.3842,63.4129
5026,45.645384,3.671664,502.0316,490.3,0.1387,0.7802,12.8064,8.9717,76.413,63.4208
5027,45.646037,3.67255,502.1317,495.7,0.1391,0.7822,12.8007,8.9685,76.4419,63.4288
5028,45.646749,3.673333,502.2316,495.6,0.1395,0.7842,12.7951,8.9653,76.4708,63.4368
5029,45.647287,3.674337,502.3299,492.1,0.1398,0.7861,12.7895,8.9622,76.4992,63.4446
5030,45.64741,3.675605,502.4294,498.3,0.1402,0.7881,12.7838,8.959,76.5279,63.4525
5031,45.647379,3.676888,502.5292,496.8,0.1406,0.7901,12.7782,8.9558,76.5567,63.4605
5032,45.647023,3.678057,502.6283,493.8,0.1409,0.7921,12.7725,8.9527,76.5853,63.4684
5033,45.646417,3.679001,502.7279,495.3,0.1413,0.7941,12.7669,8.9495,76.6141,63.4763
5034,45.645691,3.679757,502.8278,498.9,0.1417,0.7961,12.7612,8.9463,76.6429,63.4843
5035,45.645025,3.680616,502.9275,499.1,0.142,0.798,12.7556,8.9431,76.6717,63.4922
5036,45.644645,3.681754,503.0255,497.0,0.1424,0.8,12.75,8.94,76.7,63.5
5037,45.644528,3.683029,503.1255,501.1,0.1422,0.799,12.751,8.9414,76.6851,63.499
5038,45.644795,3.684246,503.2247,495.5,0.1419,0.798,12.752,8.9428,76.6703,63.498
5039,45.645229,3.685372,503.3247,495.9,0.1417,0.797,12.753,8.9442,76.6554,63.497
5040,45.645663,3.686499,503.4247,497.8,0.1415,0.796,12.754,8.9456,76.6405,63.496
5041,45.64598,3.687697,503.5243,498.2,0.1413,0.795,12.755,8.9469,76.6257,63.495
5042,45.646105,3.68897,503.6242,500.9,0.141,0.7941,12.7559,8.9483,76.6108,63.4941
5043,45.646137,3.690253,503.724,505.6,0.1408,0.7931,12.7569,8.9497,76.5959,63.4931
5044,45.646301,3.691518,503.824,502.1,0.1406,0.7921,12.7579,8.9511,76.581,63.4921
5045,45.646384,3.692795,503.9237,499.3,0.1403,0.7911,12.7589,8.9525,76.5661,63.4911
5046,45.646397,3.694081,504.0237,499.2,0.1401,0.7901,12.7599,8.9539,76.5512,63.4901
5047,45.646314,3.695362,504.1237,497.2,0.1399,0.7891,12.7609,8.9553,76.5363,63.4891
5048,45.646163,3.696626,504.2234,498.2,0.1397,0.7881,12.7619,8.9567,76.5215,63.4881
5049,45.645816,3.697813,504.3234,503.5,0.1394,0.7871,12.7629,8.9581,76.5066,63.4871
5050,45.645425,3.698971,504.4234,505.6,0.1392,0.7861,12.7639,8.9594,76.4917,63.4861
5051,45.645171,3.700199,504.523,498.3,0.139,0.7851,12.7649,8.9608,76.4768,63.4851
5052,45.644963,3.70145,504.623,495.1,0.1387,0.7841,12.7659,8.9622,76.4619,63.4841
5053,45.644745,3.702698,504.723,495.8,0.1385,0.7831,12.7669,8.9636,76.447,63.4831
5054,45.64442,3.703882,504.8219,493.9,0.1383,0.7822,12.7678,8.965,76.4323,63.4822
5055,45.643817,3.704827,504.9214,494.8,0.1381,0.7812,12.7688,8.9664,76.4175,63.4812
5056,45.643035,3.70543,505.0202,496.0,0.1378,0.7802,12.7698,8.9677,76.4027,63.4802
5057,45.642166,3.705736,505.1197,495.9,0.1376,0.7792,12.7708,8.9691,76.3879,63.4792
5058,45.641268,3.705792,505.2196,494.5,0.1374,0.7782,12.7718,8.9705,76.373,63.4782
5059,45.640369,3.705846,505.3197,496.5,0.1372,0.7772,12.7728,8.9719,76.3581,63.4772
5060,45.639479,3.706017,505.4196,496.7,0.1369,0.7762,12.7738,8.9733,76.3432,63.4762
5061,45.638642,3.706473,505.5192,495.5,0.1367,0.7752,12.7748,8.9747,76.3284,63.4752
5062,45.63788,3.707145,505.6187,496.0,0.1365,0.7742,12.7758,8.9761,76.3135,63.4742
5063,45.637221,3.708021,505.7187,497.2,0.1362,0.7732,12.7768,8.9775,76.2986,63.4732
5064,45.636553,3.708881,505.8186,498.1,0.136,0.7722,12.7778,8.9789,76.2837,63.4722
5065,45.635916,3.709787,505.9185,502.2,0.1358,0.7713,12.7787,8.9802,76.2689,63.4713
5066,45.63516,3.710472,506.018,507.0,0.1356,0.7703,12.7797,8.9816,76.254,63.4703
5067,45.634306,3.710842,506.1172,509.8,0.1353,0.7693,12.7807,8.983,76.2392,63.4693
5068,45.633412,3.710799,506.2167,513.7,0.1351,0.7683,12.7817,8.9844,76.2244,63.4683
5069,45.632583,3.710303,506.3166,513.9,0.1349,0.7673,12.7827,8.9858,76.2095,63.4673
5070,45.631784,3.709713,506.4166,514.5,0.1347,0.7663,12.7837,8.9872,76.1946,63.4663
5071,45.630916,3.709433,506.5155,510.4,0.1344,0.7653,12.7847,8.9885,76.1799,63.4653
5072,45.630025,3.709517,506.6148,503.8,0.1342,0.7643,12.7857,8.9899,76.1651,63.4643
5073,45.629189,3.709979,506.7145,510.1,0.134,0.7633,12.7867,8.9913,76.1502,63.4633
5074,45.628518,3.71082,506.8137,512.5,0.1337,0.7624,12.7876,8.9927,76.1354,63.4624
5075,45.628017,3.711886,506.9136,507.6,0.1335,0.7614,12.7886,8.9941,76.1206,63.4614
5076,45.627497,3.712927,507.0131,510.1,0.1333,0.7604,12.7896,8.9955,76.1057,63.4604
5077,45.626729,3.713572,507.1121,517.6,0.1331,0.7594,12.7906,8.9968,76.091,63.4594
5078,45.625858,3.713865,507.2116,525.0,0.1328,0.7584,12.7916,8.9982,76.0761,63.4584
5079,45.624959,3.713915,507.3116,521.7,0.1326,0.7574,12.7926,8.9996,76.0612,63.4574
5080,45.624089,3.714205,507.4109,509.8,0.1324,0.7564,12.7936,9.001,76.0464,63.4564
5081,45.623344,3.714906,507.5101,507.3,0.1322,0.7554,12.7946,9.0024,76.0317,63.4554
5082,45.622761,3.715879,507.6097,507.9,0.1319,0.7545,12.7955,9.0038,76.0168,63.4545
5083,45.622437,3.717062,507.7085,510.9,0.1317,0.7535,12.7965,9.0051,76.0021,63.4535
5084,45.622303,3.718333,507.8085,518.4,0.1315,0.7525,12.7975,9.0065,75.9872,63.4525
5085,45.621978,3.71952,507.9076,523.7,0.1312,0.7515,12.7985,9.0079,75.9724,63.4515
5086,45.621399,3.720503,508.0075,524.1,0.131,0.7505,12.7995,9.0093,75.9575,63.4505
5087,45.620693,3.721296,508.1073,523.3,0.1308,0.7495,12.8005,9.0107,75.9427,63.4495
5088,45.620035,3.722172,508.2073,519.8,0.1306,0.7485,12.8015,9.0121,75.9277,63.4485
5089,45.61939,3.723061,508.3069,517.3,0.1303,0.7475,12.8025,9.0135,75.9129,63.4475
5090,45.618617,3.723713,508.4067,516.5,0.1301,0.7465,12.8035,9.0149,75.898,63.4465
5091,45.61773,3.723852,508.5059,524.2,0.1299,0.7455,12.8045,9.0162,75.8832,63.4455
5092,45.616854,3.723604,508.6052,536.0,0.1296,0.7446,12.8054,9.0176,75.8685,63.4446
5093,45.616087,3.722955,508.7043,558.4,0.1294,0.7436,12.8064,9.019,75.8537,63.4436
5094,45.61554,3.721952,508.8032,556.7,0.1292,0.7426,12.8074,9.0204,75.8389,63.4426
5095,45.615134,3.720814,508.9026,530.7,0.129,0.7416,12.8084,9.0217,75.8241,63.4416
5096,45.614789,3.719633,509.0021,523.8,0.1287,0.7406,12.8094,9.0231,75.8093,63.4406
5097,45.614189,3.718689,509.1013,518.4,0.1285,0.7396,12.8104,9.0245,75.7945,63.4396
5098,45.613407,3.718079,509.2004,513.5,0.1283,0.7386,12.8114,9.0259,75.7797,63.4386
5099,45.612534,3.717789,509.3001,511.1,0.1281,0.7377,12.8123,9.0273,75.7649,63.4377
5100,45.611648,3.717928,509.3992,510.0,0.1278,0.7367,12.8133,9.0287,75.7501,63.4367
5101,45.610792,3.71832,509.4991,511.7,0.1276,0.7357,12.8143,9.03,75.7352,63.4357
5102,45.609928,3.718667,509.5989,512.1,0.1274,0.7347,12.8153,9.0314,75.7204,63.4347
5103,45.609037,3.718845,509.6989,513.6,0.1272,0.7337,12.8163,9.0328,75.7055,63.4337
5104,45.608142,3.718937,509.7987,512.0,0.1269,0.7327,12.8173,9.0342,75.6906,63.4327
5105,45.607243,3.718878,509.8988,512.6,0.1267,0.7317,12.8183,9.0356,75.6757,63.4317
5106,45.606345,3.718818,509.9988,515.6,0.1265,0.7307,12.8193,9.037,75.6608,63.4307
5107,45.605447,3.718758,510.0988,519.0,0.1262,0.7297,12.8203,9.0384,75.6459,63.4297
5108,45.604548,3.718698,510.1989,527.4,0.126,0.7287,12.8213,9.0398,75.6309,63.4287
5109,45.60365,3.718639,510.2989,529.9,0.1258,0.7277,12.8223,9.0412,75.616,63.4277
5110,45.602752,3.718579,510.3989,526.2,0.1256,0.7267,12.8233,9.0426,75.6011,63.4267
5111,45.601853,3.718519,510.499,521.9,0.1253,0.7257,12.8243,9.044,75.5862,63.4257
5112,45.600956,3.718429,510.599,527.8,0.1251,0.7248,12.8252,9.0453,75.5713,63.4248
5113,45.600059,3.718337,510.699,529.4,0.1249,0.7238,12.8262,9.0467,75.5564,63.4238
5114,45.599162,3.718246,510.799,532.0,0.1246,0.7228,12.8272,9.0481,75.5415,63.4228
5115,45.598263,3.71823,510.899,533.2,0.1244,0.7218,12.8282,9.0495,75.5266,63.4218
5116,45.597412,3.71862,510.9984,532.0,0.1242,0.7208,12.8292,9.0509,75.5118,63.4208
5117,45.596678,3.719346,511.0977,535.3,0.124,0.7198,12.8302,9.0523,75.497,63.4198
5118,45.596159,3.720389,511.1973,532.2,0.1237,0.7188,12.8312,9.0537,75.4821,63.4188
5119,45.595859,3.721595,511.2969,527.4,0.1235,0.7178,12.8322,9.0551,75.4673,63.4178
5120,45.59579,3.722877,511.3969,522.0,0.1233,0.7168,12.8332,9.0564,75.4524,63.4168
5121,45.595721,3.724158,511.4969,523.1,0.123,0.7158,12.8342,9.0578,75.4375,63.4158
5122,45.595475,3.725382,511.596,520.5,0.1228,0.7148,12.8352,9.0592,75.4227,63.4148
5123,45.594963,3.726424,511.6951,518.4,0.1226,0.7139,12.8361,9.0606,75.408,63.4139
5124,45.594234,3.727168,511.7947,518.8,0.1224,0.7129,12.8371,9.062,75.3931,63.4129
5125,45.593384,3.727523,511.8932,527.6,0.1221,0.7119,12.8381,9.0633,75.3784,63.4119
5126,45.592498,3.727347,511.9927,533.3,0.1219,0.7109,12.8391,9.0647,75.3636,63.4109
5127,45.591625,3.727039,512.0927,537.9,0.1217,0.7099,12.8401,9.0661,75.3487,63.4099
5128,45.590752,3.726727,512.1928,537.7,0.1215,0.7089,12.8411,9.0675,75.3338,63.4089
5129,45.589883,3.7264,512.2927,540.9,0.1212,0.7079,12.8421,9.0689,75.3189,63.4079
5130,45.589017,3.726053,512.3927,535.2,0.121,0.7069,12.8431,9.0703,75.304,63.4069
5131,45.588196,3.725541,512.4923,531.9,0.1208,0.7059,12.8441,9.0717,75.2892,63.4059
5132,45.58744,3.724848,512.5922,528.7,0.1205,0.705,12.845,9.0731,75.2743,63.405
5133,45.586674,3.724182,512.6919,530.6,0.1203,0.704,12.846,9.0745,75.2594,63.404
5134,45.585817,3.723837,512.7909,530.9,0.1201,0.703,12.847,9.0758,75.2446,63.403
5135,45.58492,3.723863,512.8907,534.3,0.1199,0.702,12.848,9.0772,75.2298,63.402
5136,45.584026,3.724,512.9907,529.6,0.1196,0.701,12.849,9.0786,75.2149,63.401
5137,45.583155,3.724311,513.0905,525.8,0.1194,0.7,12.85,9.08,75.2,63.4
5138,45.582383,3.724967,513.1904,522.1,0.1194,0.7,12.8425,9.08,75.199,63.4
5139,45.581634,3.725677,513.2903,520.7,0.1194,0.7,12.8351,9.08,75.198,63.4
5140,45.580891,3.726402,513.3903,521.0,0.1194,0.7,12.8276,9.08,75.197,63.4
5141,45.580093,3.726992,513.4902,529.9,0.1194,0.7,12.8202,9.08,75.196,63.4
5142,45.579271,3.72751,513.5901,526.9,0.1194,0.7,12.8127,9.08,75.195,63.4
5143,45.578448,3.728029,513.6901,524.5,0.1194,0.7,12.8053,9.08,75.194,63.4
5144,45.577625,3.728548,513.7901,524.1,0.1194,0.7,12.7978,9.08,75.193,63.4
5145,45.576773,3.728952,513.8899,526.9,0.1194,0.7,12.7904,9.08,75.192,63.4
5146,45.575895,3.72922,513.9897,526.6,0.1194,0.7,12.7829,9.08,75.1911,63.4
5147,45.574998,3.729231,514.0894,529.3,0.1194,0.7,12.7755,9.08,75.1901,63.4
5148,45.574099,3.729205,514.1894,526.5,0.1194,0.7,12.768,9.08,75.1891,63.4
5149,45.5732,3.729181,514.2894,522.9,0.1194,0.7,12.7605,9.08,75.1881,63.4
5150,45.572301,3.729149,514.3894,524.0,0.1194,0.7,12.7531,9.08,75.1871,63.4
5151,45.571402,3.729106,514.4894,524.7,0.1194,0.7,12.7456,9.08,75.1861,63.4
5152,45.570503,3.729063,514.5894,522.9,0.1194,0.7,12.7382,9.08,75.1851,63.4
5153,45.569604,3.729038,514.6894,523.1,0.1194,0.7,12.7307,9.08,75.1841,63.4
5154,45.568705,3.729018,514.7894,526.3,0.1194,0.7,12.7232,9.08,75.1831,63.4
5155,45.567809,3.729125,514.8894,529.3,0.1194,0.7,12.7158,9.08,75.1821,63.4
5156,45.566912,3.729232,514.9895,530.8,0.1194,0.7,12.7083,9.08,75.1811,63.4
5157,45.566016,3.729338,515.0895,530.8,0.1194,0.7,12.7008,9.08,75.1801,63.4
5158,45.56512,3.729444,515.1895,533.7,0.1194,0.7,12.6934,9.08,75.1791,63.4
5159,45.564224,3.729549,515.2895,531.9,0.1194,0.7,12.6859,9.08,75.1781,63.4
5160,45.563328,3.729671,515.3896,528.4,0.1194,0.7,12.6784,9.08,75.1771,63.4
5161,45.562433,3.729793,515.4896,528.1,0.1194,0.7,12.671,9.08,75.1761,63.4
5162,45.561536,3.729892,515.5896,528.9,0.1194,0.7,12.6635,9.08,75.1751,63.4
5163,45.560641,3.729999,515.6895,531.7,0.1194,0.7,12.6561,9.08,75.1741,63.4
5164,45.559743,3.730076,515.7895,530.5,0.1194,0.7,12.6486,9.08,75.1731,63.4
5165,45.558845,3.730156,515.8895,533.8,0.1194,0.7,12.6411,9.08,75.1722,63.4
5166,45.55795,3.730271,515.9894,535.3,0.1194,0.7,12.6337,9.08,75.1712,63.4
5167,45.557052,3.730354,516.0895,532.7,0.1194,0.7,12.6262,9.08,75.1702,63.4
5168,45.55616,3.730488,516.1892,525.9,0.1194,0.7,12.6188,9.08,75.1692,63.4
5169,45.55532,3.730917,516.2884,526.7,0.1194,0.7,12.6114,9.08,75.1682,63.4
5170,45.554655,3.731761,516.3873,524.2,0.1194,0.7,12.604,9.08,75.1672,63.4
5171,45.554083,3.732751,516.4872,524.0,0.1194,0.7,12.5965,9.08,75.1662,63.4
5172,45.553446,3.733655,516.5871,523.0,0.1194,0.7,12.5891,9.08,75.1652,63.4
5173,45.552671,3.73429,516.6865,524.0,0.1194,0.7,12.5817,9.08,75.1642,63.4
5174,45.551807,3.734619,516.7859,524.6,0.1194,0.7,12.5743,9.08,75.1632,63.4
5175,45.550911,3.734732,516.8859,525.9,0.1194,0.7,12.5668,9.08,75.1622,63.4
5176,45.550012,3.734763,516.9859,527.8,0.1194,0.7,12.5593,9.08,75.1612,63.4
5177,45.549113,3.734795,517.0859,526.1,0.1194,0.7,12.5519,9.08,75.1602,63.4
5178,45.548215,3.734865,517.1859,525.8,0.1194,0.7,12.5444,9.08,75.1593,63.4
5179,45.547317,3.734937,517.2859,526.6,0.1194,0.7,12.537,9.08,75.1583,63.4
5180,45.546419,3.735008,517.3859,527.2,0.1194,0.7,12.5295,9.08,75.1573,63.4
5181,45.545521,3.73508,517.4859,527.1,0.1194,0.7,12.522,9.08,75.1563,63.4
5182,45.544623,3.735151,517.5859,526.8,0.1194,0.7,12.5146,9.08,75.1553,63.4
5183,45.543725,3.735223,517.6859,528.0,0.1194,0.7,12.5071,9.08,75.1543,63.4
5184,45.542827,3.735292,517.7859,528.3,0.1194,0.7,12.4996,9.08,75.1533,63.4
5185,45.541928,3.735325,517.8859,527.3,0.1194,0.7,12.4922,9.08,75.1523,63.4
5186,45.54103,3.735373,517.9858,527.0,0.1194,0.7,12.4847,9.08,75.1513,63.4
5187,45.540131,3.73542,518.0858,528.0,0.1194,0.7,12.4773,9.08,75.1503,63.4
5188,45.539232,3.735467,518.1858,529.9,0.1194,0.7,12.4698,9.08,75.1493,63.4
5189,45.538333,3.735514,518.2858,532.2,0.1194,0.7,12.4623,9.08,75.1483,63.4
5190,45.537435,3.735562,518.3857,532.8,0.1194,0.7,12.4549,9.08,75.1473,63.4
5191,45.536536,3.735609,518.4857,532.6,0.1194,0.7,12.4474,9.08,75.1463,63.4
5192,45.535637,3.735656,518.5857,531.6,0.1194,0.7,12.44,9.08,75.1453,63.4
5193,45.534739,3.735703,518.6856,531.1,0.1194,0.7,12.4325,9.08,75.1443,63.4
5194,45.53384,3.735757,518.7857,530.9,0.1194,0.7,12.425,9.08,75.1433,63.4
5195,45.532942,3.735813,518.8856,533.2,0.1194,0.7,12.4176,9.08,75.1423,63.4
5196,45.532043,3.735868,518.9857,533.8,0.1194,0.7,12.4101,9.08,75.1413,63.4
5197,45.531145,3.735923,519.0856,534.4,0.1194,0.7,12.4027,9.08,75.1404,63.4
5198,45.530246,3.735979,519.1857,534.6,0.1194,0.7,12.3952,9.08,75.1394,63.4
5199,45.529348,3.736034,519.2856,533.2,0.1194,0.7,12.3877,9.08,75.1384,63.4
5200,45.528449,3.736085,519.3856,533.0,0.1194,0.7,12.3803,9.08,75.1374,63.4
5201,45.52755,3.736073,519.4856,533.7,0.1194,0.7,12.3728,9.08,75.1364,63.4
5202,45.526658,3.735937,519.5854,531.6,0.1194,0.7,12.3654,9.08,75.1354,63.4
5203,45.525794,3.735582,519.6854,528.9,0.1194,0.7,12.3579,9.08,75.1344,63.4
5204,45.524985,3.735026,519.7852,528.6,0.1194,0.7,12.3505,9.08,75.1334,63.4
5205,45.524217,3.734358,519.8852,532.1,0.1194,0.7,12.343,9.08,75.1324,63.4
5206,45.524204,3.733671,519.9387,531.6,0.1194,0.7,12.339,9.08,75.1319,63.4
5207,45.524994,3.733056,520.0388,532.2,0.1194,0.7,12.3315,9.08,75.1309,63.4
5208,45.525784,3.732441,520.1389,530.3,0.1194,0.7,12.3241,9.08,75.1299,63.4
5209,45.526574,3.731826,520.239,529.0,0.1194,0.7,12.3166,9.08,75.1289,63.4
5210,45.527364,3.731211,520.3391,528.6,0.1194,0.7,12.3091,9.08,75.1279,63.4
5211,45.528154,3.730595,520.4392,529.7,0.1194,0.7,12.3017,9.08,75.1269,63.4
5212,45.528944,3.72998,520.5393,538.5,0.1194,0.7,12.2942,9.08,75.1259,63.4
5213,45.529734,3.729365,520.6394,532.0,0.1194,0.7,12.2867,9.08,75.1249,63.4
5214,45.530524,3.72875,520.7395,530.2,0.1194,0.7,12.2793,9.08,75.1239,63.4
5215,45.531314,3.728135,520.8396,530.1,0.1194,0.7,12.2718,9.08,75.1229,63.4
5216,45.532104,3.727519,520.9397,532.6,0.1194,0.7,12.2643,9.08,75.1219,63.4
5217,45.532894,3.726904,521.0398,534.3,0.1194,0.7,12.2568,9.08,75.1209,63.4
5218,45.533684,3.726289,521.1399,538.2,0.1194,0.7,12.2494,9.08,75.1199,63.4
5219,45.534474,3.725674,521.24,539.4,0.1194,0.7,12.2419,9.08,75.1189,63.4
5220,45.535264,3.725059,521.3401,540.4,0.1194,0.7,12.2344,9.08,75.1179,63.4
5221,45.536054,3.724444,521.4402,542.8,0.1194,0.7,12.227,9.08,75.1169,63.4
5222,45.536844,3.723828,521.5403,546.5,0.1194,0.7,12.2195,9.08,75.1159,63.4
5223,45.537634,3.723213,521.6404,553.9,0.1194,0.7,12.212,9.08,75.1149,63.4
5224,45.538424,3.722598,521.7405,563.9,0.1194,0.7,12.2046,9.08,75.1139,63.4
5225,45.539213,3.721983,521.8405,558.0,0.1194,0.7,12.1971,9.08,75.1129,63.4
5226,45.540003,3.721368,521.9406,558.5,0.1194,0.7,12.1896,9.08,75.112,63.4
5227,45.540793,3.720752,522.0407,575.3,0.1194,0.7,12.1822,9.08,75.111,63.4
5228,45.541583,3.720137,522.1408,598.2,0.1194,0.7,12.1747,9.08,75.11,63.4
5229,45.542373,3.719522,522.2409,615.2,0.1194,0.7,12.1672,9.08,75.109,63.4
5230,45.543163,3.718907,522.341,625.3,0.1194,0.7,12.1598,9.08,75.108,63.4
5231,45.543953,3.718292,522.4411,630.0,0.1194,0.7,12.1523,9.08,75.107,63.4
5232,45.544743,3.717677,522.5412,642.9,0.1194,0.7,12.1448,9.08,75.106,63.4
5233,45.545533,3.717061,522.6413,651.0,0.1194,0.7,12.1373,9.08,75.105,63.4
5234,45.546323,3.716446,522.7414,651.3,0.1194,0.7,12.1299,9.08,75.104,63.4
5235,45.547113,3.715831,522.8415,642.9,0.1194,0.7,12.1224,9.08,75.103,63.4
5236,45.547903,3.715216,522.9416,630.6,0.1194,0.7,12.1149,9.08,75.102,63.4
5237,45.548693,3.714601,523.0417,633.6,0.1194,0.7,12.1075,9.08,75.101,63.4
5238,45.549483,3.713985,523.1418,633.4,0.1194,0.7,12.1,9.08,75.1,63.4
5239,45.550273,3.71337,523.2418,640.7,0.1196,0.701,12.095,9.0786,75.115,63.401
5240,45.551063,3.712755,523.3418,648.2,0.1199,0.702,12.09,9.0772,75.13,63.402
5241,45.551853,3.71214,523.4418,647.2,0.1201,0.703,12.085,9.0758,75.145,63.403
5242,45.552643,3.711525,523.5418,639.2,0.1203,0.704,12.08,9.0744,75.16,63.404
5243,45.553433,3.71091,523.6418,638.8,0.1205,0.705,12.075,9.073,75.175,63.405
5244,45.554223,3.710294,523.7419,644.5,0.1208,0.706,12.07,9.0716,75.19,63.406
5245,45.555013,3.709679,523.8419,645.9,0.121,0.707,12.065,9.0702,75.205,63.407
5246,45.555803,3.709064,523.9419,636.8,0.1212,0.708,12.06,9.0688,75.22,63.408
5247,45.556593,3.708449,524.0419,616.7,0.1215,0.709,12.055,9.0674,75.235,63.409
5248,45.557383,3.707834,524.1419,625.6,0.1217,0.71,12.05,9.066,75.25,63.41
5249,45.558173,3.707218,524.242,640.1,0.1219,0.711,12.045,9.0646,75.265,63.411
5250,45.558963,3.706603,524.342,651.5,0.1222,0.712,12.04,9.0632,75.28,63.412
5251,45.559753,3.705988,524.442,673.4,0.1224,0.713,12.035,9.0618,75.295,63.413
5252,45.560543,3.705373,524.542,690.8,0.1226,0.714,12.03,9.0604,75.31,63.414
5253,45.561333,3.704758,524.642,697.8,0.1228,0.715,12.025,9.059,75.325,63.415
5254,45.562123,3.704143,524.742,708.5,0.1231,0.716,12.02,9.0576,75.34,63.416
5255,45.562913,3.703527,524.8421,714.6,0.1233,0.717,12.015,9.0562,75.355,63.417
5256,45.563703,3.702912,524.9421,726.9,0.1235,0.718,12.01,9.0548,75.37,63.418
5257,45.564493,3.702297,525.0421,745.0,0.1238,0.719,12.005,9.0534,75.385,63.419
5258,45.565282,3.701682,525.142,757.5,0.124,0.72,12.0,9.052,75.4,63.42
5259,45.566072,3.701067,525.242,752.3,0.1242,0.721,11.995,9.0506,75.415,63.421
5260,45.566862,3.700451,525.3421,748.5,0.1245,0.722,11.99,9.0492,75.43,63.422
5261,45.567652,3.699836,525.4421,757.8,0.1247,0.723,11.985,9.0478,75.445,63.423
5262,45.568442,3.699221,525.5421,768.5,0.1249,0.724,11.98,9.0464,75.46,63.424
5263,45.569232,3.698606,525.6421,778.0,0.1251,0.725,11.975,9.045,75.475,63.425
5264,45.570022,3.697991,525.7421,768.3,0.1254,0.726,11.97,9.0436,75.49,63.426
5265,45.570812,3.697376,525.8421,737.8,0.1256,0.727,11.965,9.0422,75.505,63.427
5266,45.571602,3.69676,525.9422,712.0,0.1258,0.728,11.96,9.0408,75.52,63.428
5267,45.572392,3.696145,526.0422,721.7,0.1261,0.729,11.955,9.0394,75.535,63.429
5268,45.573182,3.69553,526.1422,750.3,0.1263,0.73,11.95,9.038,75.55,63.43
5269,45.573972,3.694915,526.2422,782.9,0.1265,0.731,11.945,9.0366,75.565,63.431
5270,45.574762,3.6943,526.3422,798.4,0.1268,0.732,11.94,9.0352,75.58,63.432
5271,45.575552,3.693684,526.4423,788.1,0.127,0.733,11.935,9.0338,75.595,63.433
5272,45.576342,3.693069,526.5423,756.5,0.1272,0.734,11.93,9.0324,75.61,63.434
5273,45.577132,3.692454,526.6423,735.8,0.1274,0.735,11.925,9.031,75.625,63.435
5274,45.577922,3.691839,526.7423,733.3,0.1277,0.736,11.92,9.0296,75.64,63.436
5275,45.578712,3.691224,526.8423,739.8,0.1279,0.737,11.915,9.0282,75.655,63.437
5276,45.579502,3.690609,526.9423,742.3,0.1281,0.738,11.91,9.0268,75.67,63.438
5277,45.580292,3.689993,527.0424,748.1,0.1284,0.739,11.905,9.0254,75.685,63.439
5278,45.581082,3.689378,527.1424,747.1,0.1286,0.74,11.9,9.024,75.7,63.44
5279,45.581872,3.688763,527.2424,738.6,0.1288,0.741,11.895,9.0226,75.715,63.441
5280,45.582662,3.688148,527.3424,738.1,0.1291,0.742,11.89,9.0212,75.73,63.442
5281,45.583452,3.687533,527.4424,744.6,0.1293,0.743,11.885,9.0198,75.745,63.443
5282,45.584242,3.686917,527.5425,752.0,0.1295,0.744,11.88,9.0184,75.76,63.444
5283,45.585032,3.686302,527.6425,762.8,0.1298,0.745,11.875,9.017,75.775,63.445
5284,45.585822,3.685687,527.7425,775.1,0.13,0.746,11.87,9.0156,75.79,63.446
5285,45.586612,3.685072,527.8425,787.5,0.1302,0.747,11.865,9.0142,75.805,63.447
5286,45.587402,3.684457,527.9425,797.2,0.1304,0.748,11.86,9.0128,75.82,63.448
5287,45.588192,3.683842,528.0425,808.8,0.1307,0.749,11.855,9.0114,75.835,63.449
5288,45.588982,3.683226,528.1426,816.0,0.1309,0.75,11.85,9.01,75.85,63.45
5289,45.589772,3.682611,528.2426,819.5,0.1311,0.751,11.845,9.0086,75.865,63.451
5290,45.590562,3.681996,528.3426,815.0,0.1314,0.752,11.84,9.0072,75.88,63.452
5291,45.591352,3.681381,528.4426,819.6,0.1316,0.753,11.835,9.0058,75.895,63.453
5292,45.592141,3.680766,528.5425,831.4,0.1318,0.754,11.83,9.0044,75.91,63.454
5293,45.592931,3.68015,528.6426,852.4,0.132,0.755,11.825,9.003,75.925,63.455
5294,45.593721,3.679535,528.7426,880.9,0.1323,0.756,11.82,9.0016,75.94,63.456
5295,45.594511,3.67892,528.8426,900.3,0.1325,0.757,11.815,9.0002,75.955,63.457
5296,45.595301,3.678305,528.9426,905.6,0.1327,0.758,11.81,8.9988,75.97,63.458
5297,45.596091,3.67769,529.0426,896.5,0.133,0.759,11.805,8.9974,75.985,63.459
5298,45.596881,3.677075,529.1426,887.3,0.1332,0.76,11.8,8.996,76.0,63.46
5299,45.597671,3.676459,529.2427,871.0,0.1334,0.761,11.795,8.9946,76.015,63.461
5300,45.598461,3.675844,529.3427,855.5,0.1337,0.762,11.79,8.9932,76.03,63.462
5301,45.599251,3.675229,529.4427,849.3,0.1339,0.763,11.785,8.9918,76.045,63.463
5302,45.600041,3.674614,529.5427,848.7,0.1341,0.764,11.78,8.9904,76.06,63.464
5303,45.600831,3.673999,529.6427,857.4,0.1343,0.765,11.775,8.989,76.075,63.465
5304,45.601621,3.673384,529.7427,864.1,0.1346,0.766,11.77,8.9876,76.09,63.466
5305,45.602411,3.672768,529.8428,862.2,0.1348,0.767,11.765,8.9862,76.105,63.467
5306,45.603201,3.672153,529.9428,855.7,0.135,0.768,11.76,8.9848,76.12,63.468
5307,45.603991,3.671538,530.0428,865.6,0.1353,0.769,11.755,8.9834,76.135,63.469
5308,45.604781,3.670923,530.1428,875.3,0.1355,0.77,11.75,8.982,76.15,63.47
5309,45.605571,3.670308,530.2428,874.7,0.1357,0.771,11.745,8.9806,76.165,63.471
5310,45.606361,3.669692,530.3429,867.4,0.136,0.772,11.74,8.9792,76.18,63.472
5311,45.607151,3.669077,530.4429,844.4,0.1362,0.773,11.735,8.9778,76.195,63.473
5312,45.607941,3.668462,530.5429,831.6,0.1364,0.774,11.73,8.9764,76.21,63.474
5313,45.608731,3.667847,530.6429,816.9,0.1366,0.775,11.725,8.975,76.225,63.475
5314,45.609521,3.667232,530.7429,788.8,0.1369,0.776,11.72,8.9736,76.24,63.476
5315,45.610311,3.666617,530.8429,774.5,0.1371,0.777,11.715,8.9722,76.255,63.477
5316,45.611101,3.666001,530.943,764.5,0.1373,0.778,11.71,8.9708,76.27,63.478
5317,45.611891,3.665386,531.043,758.5,0.1376,0.779,11.705,8.9694,76.285,63.479
5318,45.612681,3.664771,531.143,753.3,0.1378,0.78,11.7,8.968,76.3,63.48
5319,45.613471,3.664156,531.243,732.5,0.138,0.781,11.695,8.9666,76.315,63.481
5320,45.614261,3.663541,531.343,711.0,0.1383,0.782,11.69,8.9652,76.33,63.482
5321,45.615051,3.662925,531.4431,698.4,0.1385,0.783,11.685,8.9638,76.345,63.483
5322,45.615841,3.66231,531.5431,688.2,0.1387,0.784,11.68,8.9624,76.36,63.484
5323,45.616631,3.661695,531.6431,675.2,0.139,0.785,11.675,8.961,76.375,63.485
5324,45.617421,3.66108,531.7431,666.3,0.1392,0.786,11.67,8.9596,76.39,63.486
5325,45.61821,3.660465,531.843,651.3,0.1394,0.787,11.665,8.9582,76.405,63.487
5326,45.619,3.65985,531.943,666.0,0.1396,0.788,11.66,8.9568,76.42,63.488
5327,45.61979,3.659234,532.0431,709.2,0.1399,0.789,11.655,8.9554,76.435,63.489
5328,45.62058,3.658619,532.1431,732.5,0.1401,0.79,11.65,8.954,76.45,63.49
5329,45.62137,3.658004,532.2431,735.3,0.1403,0.791,11.645,8.9526,76.465,63.491
5330,45.62216,3.657389,532.3431,726.3,0.1406,0.792,11.64,8.9512,76.48,63.492
5331,45.62295,3.656774,532.4431,715.9,0.1408,0.793,11.635,8.9498,76.495,63.493
5332,45.62374,3.656158,532.5432,704.4,0.141,0.794,11.63,8.9484,76.51,63.494
5333,45.62453,3.655543,532.6432,700.2,0.1412,0.795,11.625,8.947,76.525,63.495
5334,45.62532,3.654928,532.7432,704.1,0.1415,0.796,11.62,8.9456,76.54,63.496
5335,45.62611,3.654313,532.8432,707.3,0.1417,0.797,11.615,8.9442,76.555,63.497
5336,45.6269,3.653698,532.9432,696.1,0.1419,0.798,11.61,8.9428,76.57,63.498
5337,45.62769,3.653083,533.0432,680.8,0.1422,0.799,11.605,8.9414,76.585,63.499
5338,45.62848,3.652467,533.1433,673.0,0.1424,0.8,11.6,8.94,76.6,63.5
5339,45.62927,3.651852,533.2433,654.3,0.142,0.798,11.6126,8.9432,76.5713,63.4921
5340,45.63006,3.651237,533.3433,644.7,0.1417,0.796,11.6251,8.9463,76.5426,63.4842
5341,45.63085,3.650622,533.4433,642.0,0.1413,0.7941,11.6377,8.9495,76.5139,63.4762
5342,45.63164,3.650007,533.5433,652.9,0.1409,0.7921,11.6503,8.9527,76.4851,63.4683
5343,45.63243,3.649391,533.6434,666.6,0.1406,0.7901,11.6629,8.9558,76.4564,63.4604
5344,45.63322,3.648776,533.7434,669.5,0.1402,0.7881,11.6755,8.959,76.4277,63.4525
5345,45.63401,3.648161,533.8434,656.4,0.1398,0.7861,11.688,8.9622,76.399,63.4445
5346,45.6348,3.647546,533.9434,659.0,0.1394,0.7842,11.7006,8.9653,76.3703,63.4366
5347,45.63559,3.646931,534.0434,674.8,0.1391,0.7822,11.7132,8.9685,76.3416,63.4287
5348,45.63638,3.646316,534.1434,687.3,0.1387,0.7802,11.7258,8.9717,76.3128,63.4208
5349,45.63717,3.6457,534.2435,703.9,0.1383,0.7782,11.7383,8.9749,76.2841,63.4129
5350,45.63796,3.645085,534.3435,719.8,0.138,0.7762,11.7509,8.978,76.2554,63.4049
5351,45.63875,3.64447,534.4435,735.1,0.1376,0.7743,11.7635,8.9812,76.2267,63.397
5352,45.63954,3.643855,534.5435,745.9,0.1372,0.7723,11.7761,8.9844,76.198,63.3891
5353,45.64033,3.64324,534.6435,755.6,0.1369,0.7703,11.7886,8.9875,76.1692,63.3812
5354,45.64112,3.642624,534.7435,759.1,0.1365,0.7683,11.8012,8.9907,76.1405,63.3733
5355,45.64191,3.642009,534.8435,752.2,0.1361,0.7663,11.8138,8.9939,76.1118,63.3653
5356,45.6427,3.641394,534.9435,737.9,0.1358,0.7644,11.8264,8.997,76.0831,63.3574
5357,45.64349,3.640779,535.0435,722.9,0.1354,0.7624,11.8389,9.0002,76.0544,63.3495
5358,45.64428,3.640164,535.1435,709.6,0.135,0.7604,11.8515,9.0034,76.0257,63.3416
5359,45.645069,3.639549,535.2434,687.7,0.1346,0.7584,11.8641,9.0065,75.997,63.3337
5360,45.645859,3.638933,535.3434,663.6,0.1343,0.7564,11.8766,9.0097,75.9683,63.3257
5361,45.646649,3.638318,535.4434,646.2,0.1339,0.7545,11.8892,9.0129,75.9396,63.3178
5362,45.647439,3.637703,535.5434,616.0,0.1335,0.7525,11.9018,9.016,75.9109,63.3099
5363,45.648229,3.637088,535.6434,594.1,0.1332,0.7505,11.9144,9.0192,75.8821,63.302
5364,45.649019,3.636473,535.7434,585.0,0.1328,0.7485,11.9269,9.0224,75.8534,63.294
5365,45.649809,3.635857,535.8434,594.1,0.1324,0.7465,11.9395,9.0255,75.8247,63.2861
5366,45.650599,3.635242,535.9434,598.3,0.1321,0.7446,11.9521,9.0287,75.796,63.2782
5367,45.651389,3.634627,536.0434,614.0,0.1317,0.7426,11.9647,9.0319,75.7673,63.2703
5368,45.652179,3.634012,536.1434,637.7,0.1313,0.7406,11.9772,9.0351,75.7386,63.2624
5369,45.652969,3.633397,536.2434,658.4,0.131,0.7386,11.9898,9.0382,75.7099,63.2544
5370,45.653759,3.632782,536.3434,672.6,0.1306,0.7366,12.0024,9.0414,75.6812,63.2465
5371,45.654549,3.632166,536.4434,670.5,0.1302,0.7347,12.015,9.0446,75.6524,63.2386
5372,45.655339,3.631551,536.5434,676.1,0.1298,0.7327,12.0275,9.0477,75.6237,63.2307
5373,45.656129,3.630936,536.6434,696.8,0.1295,0.7307,12.0401,9.0509,75.595,63.2228
5374,45.656919,3.630321,536.7434,705.2,0.1291,0.7287,12.0527,9.0541,75.5663,63.2148
5375,45.657709,3.629706,536.8434,715.0,0.1287,0.7267,12.0653,9.0572,75.5376,63.2069
5376,45.658499,3.62909,536.9434,713.9,0.1284,0.7247,12.0778,9.0604,75.5089,63.199
5377,45.659289,3.628475,537.0434,701.3,0.128,0.7228,12.0904,9.0636,75.4802,63.1911
5378,45.660079,3.62786,537.1434,689.5,0.1276,0.7208,12.103,9.0667,75.4514,63.1832
5379,45.660869,3.627245,537.2434,681.1,0.1273,0.7188,12.1156,9.0699,75.4227,63.1752
5380,45.661659,3.62663,537.3434,669.7,0.1269,0.7168,12.1281,9.0731,75.394,63.1673
5381,45.662449,3.626015,537.4434,653.7,0.1265,0.7148,12.1407,9.0762,75.3653,63.1594
5382,45.663239,3.625399,537.5434,640.5,0.1261,0.7129,12.1533,9.0794,75.3366,63.1515
5383,45.664029,3.624784,537.6434,627.9,0.1258,0.7109,12.1659,9.0826,75.3079,63.1436
5384,45.664819,3.624169,537.7434,614.1,0.1254,0.7089,12.1784,9.0857,75.2792,63.1356
5385,45.665609,3.623554,537.8434,599.0,0.125,0.7069,12.191,9.0889,75.2505,63.1277
5386,45.666399,3.622939,537.9434,598.4,0.1247,0.7049,12.2036,9.0921,75.2217,63.1198
5387,45.667189,3.622323,538.0434,588.3,0.1243,0.703,12.2162,9.0953,75.193,63.1119
5388,45.667979,3.621708,538.1434,583.6,0.1239,0.701,12.2287,9.0984,75.1643,63.1039
5389,45.668769,3.621093,538.2434,591.8,0.1236,0.699,12.2413,9.1016,75.1356,63.096
5390,45.669559,3.620478,538.3434,608.4,0.1232,0.697,12.2539,9.1048,75.1069,63.0881
5391,45.670349,3.619863,538.4434,623.3,0.1228,0.695,12.2665,9.1079,75.0782,63.0802
5392,45.671138,3.619248,538.5433,622.2,0.1225,0.6931,12.279,9.1111,75.0495,63.0723
5393,45.671928,3.618632,538.6433,606.7,0.1221,0.6911,12.2916,9.1143,75.0208,63.0644
5394,45.672718,3.618017,538.7433,599.5,0.1217,0.6891,12.3042,9.1174,74.9921,63.0564
5395,45.673508,3.617402,538.8433,604.7,0.1213,0.6871,12.3167,9.1206,74.9634,63.0485
5396,45.674298,3.616787,538.9433,603.8,0.121,0.6851,12.3293,9.1238,74.9346,63.0406
5397,45.675088,3.616172,539.0433,595.8,0.1206,0.6832,12.3419,9.1269,74.9059,63.0327
5398,45.675878,3.615557,539.1433,560.0,0.1202,0.6812,12.3545,9.1301,74.8772,63.0247
5399,45.676668,3.614941,539.2433,522.4,0.1199,0.6792,12.367,9.1333,74.8485,63.0168
5400,45.677458,3.614326,539.3433,503.7,0.1195,0.6772,12.3796,9.1364,74.8198,63.0089
5401,45.678248,3.613711,539.4433,500.6,0.1191,0.6752,12.3922,9.1396,74.7911,63.001
5402,45.679038,3.613096,539.5433,506.7,0.1188,0.6733,12.4048,9.1428,74.7624,62.9931
5403,45.679828,3.612481,539.6433,515.3,0.1184,0.6713,12.4173,9.1459,74.7336,62.9851
5404,45.680618,3.611865,539.7433,508.9,0.118,0.6693,12.4299,9.1491,74.7049,62.9772
5405,45.681408,3.61125,539.8433,481.8,0.1177,0.6673,12.4425,9.1523,74.6762,62.9693
5406,45.682198,3.610635,539.9433,440.4,0.1173,0.6653,12.4551,9.1554,74.6475,62.9614
5407,45.682988,3.61002,540.0433,417.1,0.1169,0.6634,12.4676,9.1586,74.6188,62.9535
5408,45.683778,3.609405,540.1433,418.4,0.1165,0.6614,12.4802,9.1618,74.5901,62.9455
5409,45.684568,3.60879,540.2433,444.2,0.1162,0.6594,12.4928,9.165,74.5614,62.9376
5410,45.685358,3.608174,540.3433,481.5,0.1158,0.6574,12.5054,9.1681,74.5327,62.9297
5411,45.686148,3.607559,540.4433,486.2,0.1154,0.6554,12.5179,9.1713,74.5039,62.9218
5412,45.686938,3.606944,540.5433,486.1,0.1151,0.6535,12.5305,9.1745,74.4752,62.9139
5413,45.687728,3.606329,540.6433,475.5,0.1147,0.6515,12.5431,9.1776,74.4465,62.9059
5414,45.688518,3.605714,540.7433,454.2,0.1143,0.6495,12.5557,9.1808,74.4178,62.898
5415,45.689308,3.605098,540.8433,448.3,0.114,0.6475,12.5682,9.184,74.3891,62.8901
5416,45.690098,3.604483,540.9433,438.9,0.1136,0.6455,12.5808,9.1871,74.3604,62.8822
5417,45.690888,3.603868,541.0433,419.5,0.1132,0.6436,12.5934,9.1903,74.3317,62.8743
5418,45.691678,3.603253,541.1433,416.2,0.1129,0.6416,12.606,9.1935,74.3029,62.8663
5419,45.692468,3.602638,541.2433,457.1,0.1125,0.6396,12.6185,9.1966,74.2742,62.8584
5420,45.693258,3.602023,541.3433,493.2,0.1121,0.6376,12.6311,9.1998,74.2455,62.8505
5421,45.694048,3.601407,541.4433,503.5,0.1117,0.6356,12.6437,9.203,74.2168,62.8426
5422,45.694838,3.600792,541.5433,511.6,0.1114,0.6337,12.6562,9.2061,74.1881,62.8346
5423,45.695628,3.600177,541.6433,524.1,0.111,0.6317,12.6688,9.2093,74.1594,62.8267
5424,45.696418,3.599562,541.7433,528.5,0.1106,0.6297,12.6814,9.2125,74.1307,62.8188
5425,45.697208,3.598947,541.8433,516.7,0.1103,0.6277,12.694,9.2156,74.102,62.8109
5426,45.697997,3.598331,541.9432,500.1,0.1099,0.6257,12.7065,9.2188,74.0733,62.803
5427,45.698787,3.597716,542.0432,489.6,0.1095,0.6238,12.7191,9.222,74.0446,62.7951
5428,45.699577,3.597101,542.1432,480.9,0.1092,0.6218,12.7317,9.2251,74.0158,62.7871
5429,45.700367,3.596486,542.2432,461.7,0.1088,0.6198,12.7443,9.2283,73.9871,62.7792
5430,45.701157,3.595871,542.3432,425.9,0.1084,0.6178,12.7568,9.2315,73.9584,62.7713
5431,45.701947,3.595256,542.4432,406.3,0.1081,0.6158,12.7694,9.2347,73.9297,62.7634
5432,45.702737,3.59464,542.5432,410.7,0.1077,0.6139,12.782,9.2378,73.901,62.7554
5433,45.703527,3.594025,542.6432,421.2,0.1073,0.6119,12.7946,9.241,73.8723,62.7475
5434,45.704317,3.59341,542.7432,433.8,0.1069,0.6099,12.8071,9.2442,73.8436,62.7396
5435,45.705107,3.592795,542.8432,444.7,0.1066,0.6079,12.8197,9.2473,73.8149,62.7317
5436,45.705897,3.59218,542.9432,458.5,0.1062,0.6059,12.8323,9.2505,73.7861,62.7238
5437,45.706687,3.591564,543.0432,483.2,0.1058,0.604,12.8449,9.2537,73.7574,62.7158
5438,45.707477,3.590949,543.1432,491.2,0.1055,0.602,12.8574,9.2568,73.7287,62.7079
5439,45.708267,3.590334,543.2432,465.7,0.1051,0.6,12.87,9.26,73.7,62.7
5440,45.709057,3.589719,543.3432,450.3,0.1051,0.6,12.8809,9.26,73.702,62.7
5441,45.709847,3.589104,543.4432,462.4,0.1051,0.6,12.8918,9.26,73.704,62.7
5442,45.710637,3.588489,543.5432,482.1,0.1051,0.6,12.9027,9.26,73.7059,62.7
5443,45.711427,3.587873,543.6432,507.0,0.1051,0.6,12.9136,9.26,73.7079,62.7
5444,45.712217,3.587258,543.7432,522.5,0.1051,0.6,12.9245,9.26,73.7099,62.7
5445,45.713007,3.586643,543.8432,534.3,0.1051,0.6,12.9353,9.26,73.7119,62.7
5446,45.713797,3.586028,543.9432,547.7,0.1051,0.6,12.9462,9.26,73.7139,62.7
5447,45.714587,3.585413,544.0432,559.2,0.1051,0.6,12.9571,9.26,73.7158,62.7
5448,45.715377,3.584797,544.1432,567.7,0.1051,0.6,12.968,9.26,73.7178,62.7
5449,45.716167,3.584182,544.2432,571.1,0.1051,0.6,12.9789,9.26,73.7198,62.7
5450,45.716957,3.583567,544.3432,572.8,0.1051,0.6,12.9898,9.26,73.7218,62.7
5451,45.717747,3.582952,544.4432,566.6,0.1051,0.6,13.0007,9.26,73.7238,62.7
5452,45.718537,3.582337,544.5432,555.3,0.1051,0.6,13.0116,9.26,73.7257,62.7
5453,45.719327,3.581722,544.6432,544.6,0.1051,0.6,13.0225,9.26,73.7277,62.7
5454,45.720117,3.581106,544.7432,539.3,0.1051,0.6,13.0334,9.26,73.7297,62.7
5455,45.720907,3.580491,544.8432,535.3,0.1051,0.6,13.0443,9.26,73.7317,62.7
5456,45.721697,3.579876,544.9432,531.5,0.1051,0.6,13.0552,9.26,73.7337,62.7
5457,45.722487,3.579261,545.0432,524.9,0.1051,0.6,13.066,9.26,73.7356,62.7
5458,45.723277,3.578646,545.1432,525.3,0.1051,0.6,13.0769,9.26,73.7376,62.7
5459,45.724067,3.57803,545.2432,526.0,0.1051,0.6,13.0878,9.26,73.7396,62.7
5460,45.724856,3.577415,545.3431,520.9,0.1051,0.6,13.0987,9.26,73.7416,62.7
5461,45.725646,3.5768,545.4431,520.1,0.1051,0.6,13.1096,9.26,73.7436,62.7
5462,45.726436,3.576185,545.5431,519.9,0.1051,0.6,13.1205,9.26,73.7455,62.7
5463,45.727226,3.57557,545.6431,519.5,0.1051,0.6,13.1314,9.26,73.7475,62.7
5464,45.728016,3.574955,545.7431,516.4,0.1051,0.6,13.1423,9.26,73.7495,62.7
5465,45.728806,3.574339,545.8431,510.6,0.1051,0.6,13.1532,9.26,73.7515,62.7
5466,45.729596,3.573724,545.9431,508.0,0.1051,0.6,13.1641,9.26,73.7535,62.7
5467,45.730386,3.573109,546.0431,496.1,0.1051,0.6,13.1749,9.26,73.7554,62.7
5468,45.731176,3.572494,546.1431,490.1,0.1051,0.6,13.1858,9.26,73.7574,62.7
5469,45.731966,3.571879,546.2431,483.5,0.1051,0.6,13.1967,9.26,73.7594,62.7
5470,45.732756,3.571263,546.3431,476.9,0.1051,0.6,13.2076,9.26,73.7614,62.7
5471,45.733546,3.570648,546.4431,470.1,0.1051,0.6,13.2185,9.26,73.7634,62.7
5472,45.734336,3.570033,546.5431,454.6,0.1051,0.6,13.2294,9.26,73.7653,62.7
5473,45.735126,3.569418,546.6431,435.1,0.1051,0.6,13.2403,9.26,73.7673,62.7
5474,45.735916,3.568803,546.7431,424.0,0.1051,0.6,13.2512,9.26,73.7693,62.7
5475,45.736706,3.568188,546.8431,413.9,0.1051,0.6,13.2621,9.26,73.7713,62.7
5476,45.737496,3.567572,546.9431,405.0,0.1051,0.6,13.273,9.26,73.7733,62.7
5477,45.738286,3.566957,547.0431,398.6,0.1051,0.6,13.2839,9.26,73.7752,62.7
5478,45.739076,3.566342,547.1431,392.2,0.1051,0.6,13.2948,9.26,73.7772,62.7
5479,45.739866,3.565727,547.2431,387.2,0.1051,0.6,13.3056,9.26,73.7792,62.7
5480,45.740656,3.565112,547.3431,379.6,0.1051,0.6,13.3165,9.26,73.7812,62.7
5481,45.741446,3.564496,547.4431,368.3,0.1051,0.6,13.3274,9.26,73.7832,62.7
5482,45.742236,3.563881,547.5431,354.9,0.1051,0.6,13.3383,9.26,73.7851,62.7
5483,45.743026,3.563266,547.6431,342.1,0.1051,0.6,13.3492,9.26,73.7871,62.7
5484,45.743816,3.562651,547.7431,336.9,0.1051,0.6,13.3601,9.26,73.7891,62.7
5485,45.744606,3.562036,547.8431,332.5,0.1051,0.6,13.371,9.26,73.7911,62.7
5486,45.745396,3.561421,547.9431,329.2,0.1051,0.6,13.3819,9.26,73.7931,62.7
5487,45.746186,3.560805,548.0431,328.1,0.1051,0.6,13.3928,9.26,73.7951,62.7
5488,45.746976,3.56019,548.1431,348.8,0.1051,0.6,13.4037,9.26,73.797,62.7
5489,45.747766,3.559575,548.2431,369.5,0.1051,0.6,13.4146,9.26,73.799,62.7
5490,45.748556,3.55896,548.3431,373.4,0.1051,0.6,13.4255,9.26,73.801,62.7
5491,45.749346,3.558345,548.4431,378.6,0.1051,0.6,13.4363,9.26,73.803,62.7
5492,45.750136,3.55773,548.5431,385.6,0.1051,0.6,13.4472,9.26,73.805,62.7
5493,45.750925,3.557114,548.643,388.0,0.1051,0.6,13.4581,9.26,73.8069,62.7
5494,45.751715,3.556499,548.743,384.9,0.1051,0.6,13.469,9.26,73.8089,62.7
5495,45.752505,3.555884,548.843,385.8,0.1051,0.6,13.4799,9.26,73.8109,62.7
5496,45.753295,3.555269,548.943,381.0,0.1051,0.6,13.4908,9.26,73.8129,62.7
5497,45.754085,3.554654,549.043,374.4,0.1051,0.6,13.5017,9.26,73.8149,62.7
5498,45.754875,3.554038,549.143,366.8,0.1051,0.6,13.5126,9.26,73.8168,62.7
5499,45.755665,3.553423,549.243,354.0,0.1051,0.6,13.5235,9.26,73.8188,62.7
5500,45.756455,3.552808,549.343,344.4,0.1051,0.6,13.5344,9.26,73.8208,62.7
5501,45.757245,3.552193,549.443,333.3,0.1051,0.6,13.5452,9.26,73.8228,62.7
5502,45.758035,3.551578,549.543,324.3,0.1051,0.6,13.5561,9.26,73.8248,62.7
5503,45.758825,3.550963,549.643,320.8,0.1051,0.6,13.567,9.26,73.8267,62.7
5504,45.759615,3.550347,549.743,318.0,0.1051,0.6,13.5779,9.26,73.8287,62.7
5505,45.760405,3.549732,549.843,316.0,0.1051,0.6,13.5888,9.26,73.8307,62.7
5506,45.761195,3.549117,549.943,316.0,0.1051,0.6,13.5997,9.26,73.8327,62.7
5507,45.761985,3.548502,550.043,314.4,0.1051,0.6,13.6106,9.26,73.8347,62.7
5508,45.762775,3.547887,550.143,314.5,0.1051,0.6,13.6215,9.26,73.8366,62.7
5509,45.763565,3.547271,550.243,312.5,0.1051,0.6,13.6324,9.26,73.8386,62.7
5510,45.764355,3.546656,550.343,312.4,0.1051,0.6,13.6433,9.26,73.8406,62.7
5511,45.765145,3.546041,550.443,310.7,0.1051,0.6,13.6542,9.26,73.8426,62.7
5512,45.765935,3.545426,550.543,309.8,0.1051,0.6,13.6651,9.26,73.8446,62.7
5513,45.766725,3.544811,550.643,310.3,0.1051,0.6,13.6759,9.26,73.8465,62.7
5514,45.767515,3.544196,550.743,310.6,0.1051,0.6,13.6868,9.26,73.8485,62.7
5515,45.768305,3.54358,550.843,309.5,0.1051,0.6,13.6977,9.26,73.8505,62.7
5516,45.769095,3.542965,550.943,307.5,0.1051,0.6,13.7086,9.26,73.8525,62.7
5517,45.769885,3.54235,551.043,308.0,0.1051,0.6,13.7195,9.26,73.8545,62.7
5518,45.770675,3.541735,551.143,307.8,0.1051,0.6,13.7304,9.26,73.8564,62.7
5519,45.771465,3.54112,551.243,307.7,0.1051,0.6,13.7413,9.26,73.8584,62.7
5520,45.772255,3.540504,551.343,307.2,0.1051,0.6,13.7522,9.26,73.8604,62.7
5521,45.773045,3.539889,551.443,306.1,0.1051,0.6,13.7631,9.26,73.8624,62.7
5522,45.773835,3.539274,551.543,307.1,0.1051,0.6,13.774,9.26,73.8644,62.7
5523,45.774625,3.538659,551.643,306.4,0.1051,0.6,13.7849,9.26,73.8663,62.7
5524,45.775415,3.538044,551.743,307.3,0.1051,0.6,13.7957,9.26,73.8683,62.7
5525,45.776205,3.537429,551.843,308.4,0.1051,0.6,13.8066,9.26,73.8703,62.7
5526,45.776995,3.536813,551.943,309.5,0.1051,0.6,13.8175,9.26,73.8723,62.7
5527,45.777784,3.536198,552.0429,308.3,0.1051,0.6,13.8284,9.26,73.8743,62.7
5528,45.778574,3.535583,552.1429,308.2,0.1051,0.6,13.8393,9.26,73.8762,62.7
5529,45.779364,3.534968,552.2429,308.5,0.1051,0.6,13.8502,9.26,73.8782,62.7
5530,45.780154,3.534353,552.3429,309.5,0.1051,0.6,13.8611,9.26,73.8802,62.7
5531,45.780944,3.533737,552.4429,309.8,0.1051,0.6,13.872,9.26,73.8822,62.7
5532,45.781734,3.533122,552.5429,311.1,0.1051,0.6,13.8829,9.26,73.8842,62.7
5533,45.782524,3.532507,552.6429,311.9,0.1051,0.6,13.8938,9.26,73.8861,62.7
5534,45.783314,3.531892,552.7429,311.9,0.1051,0.6,13.9047,9.26,73.8881,62.7
5535,45.784104,3.531277,552.8429,314.5,0.1051,0.6,13.9155,9.26,73.8901,62.7
5536,45.784894,3.530662,552.9429,317.5,0.1051,0.6,13.9264,9.26,73.8921,62.7
5537,45.785684,3.530046,553.0429,316.2,0.1051,0.6,13.9373,9.26,73.8941,62.7
5538,45.786474,3.529431,553.1429,312.5,0.1051,0.6,13.9482,9.26,73.896,62.7
5539,45.787264,3.528816,553.2429,309.4,0.1051,0.6,13.9591,9.26,73.898,62.7
5540,45.788054,3.528201,553.3429,307.9,0.1051,0.6,13.97,9.26,73.9,62.7
5541,45.788844,3.527586,553.4429,307.2,0.1051,0.6,13.968,9.26,73.899,62.7
5542,45.789634,3.52697,553.5429,307.2,0.1051,0.6,13.966,9.26,73.898,62.7
5543,45.790424,3.526355,553.6429,307.4,0.1051,0.6,13.964,9.26,73.897,62.7
5544,45.791214,3.52574,553.7429,308.3,0.1051,0.6,13.962,9.26,73.896,62.7
5545,45.792004,3.525125,553.8429,310.0,0.1051,0.6,13.96,9.26,73.895,62.7
5546,45.792794,3.52451,553.9429,311.5,0.1051,0.6,13.958,9.26,73.894,62.7
5547,45.793584,3.523895,554.0429,311.3,0.1051,0.6,13.956,9.26,73.893,62.7
5548,45.794374,3.523279,554.1429,308.2,0.1051,0.6,13.954,9.26,73.892,62.7
5549,45.795164,3.522664,554.2428,307.3,0.1051,0.6,13.952,9.26,73.891,62.7
5550,45.795954,3.522049,554.3427,307.2,0.1051,0.6,13.95,9.26,73.89,62.7
5551,45.796744,3.521434,554.4426,307.2,0.1051,0.6,13.948,9.26,73.889,62.7
5552,45.797534,3.520819,554.5425,305.6,0.1051,0.6,13.9461,9.26,73.888,62.7
5553,45.798324,3.520203,554.6425,303.6,0.1051,0.6,13.9441,9.26,73.887,62.7
5554,45.799114,3.519588,554.7424,300.6,0.1051,0.6,13.9421,9.26,73.886,62.7
5555,45.799904,3.518973,554.8423,300.4,0.1051,0.6,13.9401,9.26,73.885,62.7
5556,45.800694,3.518358,554.9422,303.9,0.1051,0.6,13.9381,9.26,73.884,62.7
5557,45.801484,3.517743,555.0421,312.8,0.1051,0.6,13.9361,9.26,73.883,62.7
5558,45.802274,3.517128,555.142,313.3,0.1051,0.6,13.9341,9.26,73.882,62.7
5559,45.803064,3.516512,555.242,307.5,0.1051,0.6,13.9321,9.26,73.881,62.7
5560,45.803853,3.515897,555.3418,305.8,0.1051,0.6,13.9301,9.26,73.88,62.7
5561,45.804643,3.515282,555.4417,306.8,0.1051,0.6,13.9281,9.26,73.8791,62.7
5562,45.805433,3.514667,555.5416,306.5,0.1051,0.6,13.9261,9.26,73.8781,62.7
5563,45.806223,3.514052,555.6415,304.1,0.1051,0.6,13.9241,9.26,73.8771,62.7
5564,45.807013,3.513436,555.7415,304.2,0.1051,0.6,13.9221,9.26,73.8761,62.7
5565,45.807803,3.512821,555.8414,309.5,0.1051,0.6,13.9201,9.26,73.8751,62.7
5566,45.808593,3.512206,555.9413,315.9,0.1051,0.6,13.9181,9.26,73.8741,62.7
5567,45.809383,3.511591,556.0412,323.1,0.1051,0.6,13.9161,9.26,73.8731,62.7
5568,45.810173,3.510976,556.1411,324.3,0.1051,0.6,13.9141,9.26,73.8721,62.7
5569,45.810963,3.510361,556.241,322.2,0.1051,0.6,13.9122,9.26,73.8711,62.7
5570,45.811753,3.509745,556.341,318.8,0.1051,0.6,13.9102,9.26,73.8701,62.7
5571,45.812543,3.50913,556.4409,307.3,0.1051,0.6,13.9082,9.26,73.8691,62.7
5572,45.813333,3.508515,556.5408,301.2,0.1051,0.6,13.9062,9.26,73.8681,62.7
5573,45.814123,3.5079,556.6407,301.9,0.1051,0.6,13.9042,9.26,73.8671,62.7
5574,45.814913,3.507285,556.7406,303.8,0.1051,0.6,13.9022,9.26,73.8661,62.7
5575,45.815703,3.506669,556.8406,305.1,0.1051,0.6,13.9002,9.26,73.8651,62.7
5576,45.816493,3.506054,556.9405,304.5,0.1051,0.6,13.8982,9.26,73.8641,62.7
5577,45.817283,3.505439,557.0404,306.4,0.1051,0.6,13.8962,9.26,73.8631,62.7
5578,45.818073,3.504824,557.1403,308.7,0.1051,0.6,13.8942,9.26,73.8621,62.7
5579,45.818863,3.504209,557.2402,307.6,0.1051,0.6,13.8922,9.26,73.8611,62.7
5580,45.819653,3.503594,557.3401,306.5,0.1051,0.6,13.8902,9.26,73.8601,62.7
5581,45.820443,3.502978,557.4401,309.2,0.1051,0.6,13.8882,9.26,73.8591,62.7
5582,45.821233,3.502363,557.54,310.5,0.1051,0.6,13.8862,9.26,73.8581,62.7
5583,45.822023,3.501748,557.6399,311.2,0.1051,0.6,13.8842,9.26,73.8571,62.7
5584,45.822813,3.501133,557.7398,312.5,0.1051,0.6,13.8822,9.26,73.8561,62.7
5585,45.823603,3.500518,557.8397,312.8,0.1051,0.6,13.8802,9.26,73.8551,62.7
5586,45.824393,3.499903,557.9396,311.4,0.1051,0.6,13.8782,9.26,73.8541,62.7
5587,45.825183,3.499287,558.0396,310.4,0.1051,0.6,13.8762,9.26,73.8531,62.7
5588,45.825973,3.498672,558.1395,305.1,0.1051,0.6,13.8743,9.26,73.8521,62.7
5589,45.826763,3.498057,558.2394,302.9,0.1051,0.6,13.8723,9.26,73.8511,62.7
5590,45.827553,3.497442,558.3393,303.5,0.1051,0.6,13.8703,9.26,73.8501,62.7
5591,45.828343,3.496827,558.4392,304.1,0.1051,0.6,13.8683,9.26,73.8491,62.7
5592,45.829133,3.496211,558.5392,305.0,0.1051,0.6,13.8663,9.26,73.8481,62.7
5593,45.829923,3.495596,558.6391,303.8,0.1051,0.6,13.8643,9.26,73.8471,62.7
5594,45.830712,3.494981,558.7389,303.6,0.1051,0.6,13.8623,9.26,73.8461,62.7
5595,45.831502,3.494366,558.8388,305.9,0.1051,0.6,13.8603,9.26,73.8451,62.7
5596,45.832292,3.493751,558.9387,308.6,0.1051,0.6,13.8583,9.26,73.8442,62.7
5597,45.833082,3.493136,559.0386,306.7,0.1051,0.6,13.8563,9.26,73.8432,62.7
5598,45.833872,3.49252,559.1386,303.4,0.1051,0.6,13.8543,9.26,73.8422,62.7
5599,45.834662,3.491905,559.2385,303.8,0.1051,0.6,13.8523,9.26,73.8412,62.7
5600,45.835452,3.49129,559.3384,304.3,0.1051,0.6,13.8503,9.26,73.8402,62.7
5601,45.836242,3.490675,559.4383,305.2,0.1051,0.6,13.8483,9.26,73.8392,62.7
5602,45.837032,3.49006,559.5382,306.3,0.1051,0.6,13.8463,9.26,73.8382,62.7
5603,45.836979,3.489713,559.5657,306.5,0.1051,0.6,13.8458,9.26,73.8379,62.7
5604,45.836082,3.489719,559.6654,306.5,0.1051,0.6,13.8438,9.26,73.8369,62.7
5605,45.835198,3.489922,559.7649,310.1,0.1051,0.6,13.8418,9.26,73.8359,62.7
5606,45.83439,3.490467,559.8642,310.5,0.1051,0.6,13.8398,9.26,73.8349,62.7
5607,45.833685,3.49127,559.9643,307.2,0.1051,0.6,13.8378,9.26,73.8339,62.7
5608,45.833097,3.492241,560.064,306.9,0.1051,0.6,13.8358,9.26,73.8329,62.7
5609,45.832529,3.493241,560.164,308.5,0.1051,0.6,13.8338,9.26,73.8319,62.7
5610,45.831961,3.494242,560.264,307.3,0.1051,0.6,13.8318,9.26,73.8309,62.7
5611,45.8314,3.495251,560.364,303.6,0.1051,0.6,13.8299,9.26,73.8299,62.7
5612,45.830841,3.496262,560.464,302.0,0.1051,0.6,13.8279,9.26,73.8289,62.7
5613,45.830282,3.497273,560.564,302.1,0.1051,0.6,13.8259,9.26,73.8279,62.7
5614,45.829723,3.498284,560.664,303.0,0.1051,0.6,13.8239,9.26,73.8269,62.7
5615,45.829158,3.499288,560.764,304.8,0.1051,0.6,13.8219,9.26,73.8259,62.7
5616,45.828593,3.500292,560.864,302.4,0.1051,0.6,13.8199,9.26,73.8249,62.7
5617,45.828028,3.501296,560.964,298.9,0.1051,0.6,13.8179,9.26,73.8239,62.7
5618,45.827429,3.502251,561.0636,298.8,0.1051,0.6,13.8159,9.26,73.8229,62.7
5619,45.826676,3.502948,561.1632,299.7,0.1051,0.6,13.8139,9.26,73.8219,62.7
5620,45.825851,3.503459,561.2631,299.9,0.1051,0.6,13.8119,9.26,73.821,62.7
5621,45.824978,3.503763,561.363,301.9,0.1051,0.6,13.8099,9.26,73.82,62.7
5622,45.824102,3.504056,561.463,301.4,0.1051,0.6,13.8079,9.26,73.819,62.7
5623,45.823226,3.504348,561.563,299.8,0.1051,0.6,13.8059,9.26,73.818,62.7
5624,45.822351,3.50464,561.6629,299.3,0.1051,0.6,13.8039,9.26,73.817,62.7
5625,45.821475,3.504932,561.7629,300.1,0.1051,0.6,13.8019,9.26,73.816,62.7
5626,45.820599,3.505225,561.8629,301.9,0.1051,0.6,13.7999,9.26,73.815,62.7
5627,45.819724,3.505517,561.9628,302.6,0.1051,0.6,13.7979,9.26,73.814,62.7
5628,45.818848,3.505809,562.0628,306.2,0.1051,0.6,13.7959,9.26,73.813,62.7
5629,45.817972,3.506101,562.1628,305.5,0.1051,0.6,13.7939,9.26,73.812,62.7
5630,45.817097,3.506394,562.2627,305.4,0.1051,0.6,13.792,9.26,73.811,62.7
5631,45.816221,3.506686,562.3627,304.1,0.1051,0.6,13.79,9.26,73.81,62.7
5632,45.815345,3.506978,562.4627,305.1,0.1051,0.6,13.788,9.26,73.809,62.7
5633,45.81447,3.50727,562.5626,303.0,0.1051,0.6,13.786,9.26,73.808,62.7
5634,45.813594,3.507563,562.6626,302.7,0.1051,0.6,13.784,9.26,73.807,62.7
5635,45.812718,3.507855,562.7626,308.2,0.1051,0.6,13.782,9.26,73.806,62.7
5636,45.811843,3.508147,562.8625,323.7,0.1051,0.6,13.78,9.26,73.805,62.7
5637,45.810967,3.508439,562.9625,332.9,0.1051,0.6,13.778,9.26,73.804,62.7
5638,45.810091,3.508732,563.0625,335.6,0.1051,0.6,13.776,9.26,73.803,62.7
5639,45.809216,3.509024,563.1624,336.4,0.1051,0.6,13.774,9.26,73.802,62.7
5640,45.80834,3.509316,563.2624,330.5,0.1051,0.6,13.772,9.26,73.801,62.7
5641,45.807464,3.509608,563.3624,322.1,0.1051,0.6,13.77,9.26,73.8,62.7
5642,45.806589,3.509901,563.4623,311.1,0.1051,0.6,13.766,9.26,73.8,62.7
5643,45.805713,3.510193,563.5623,310.6,0.1051,0.6,13.7621,9.26,73.8,62.7
5644,45.804837,3.510485,563.6623,316.4,0.1051,0.6,13.7581,9.26,73.8,62.7
5645,45.803961,3.510777,563.7623,332.4,0.1051,0.6,13.7542,9.26,73.8,62.7
5646,45.803086,3.51107,563.8622,342.1,0.1051,0.6,13.7502,9.26,73.8,62.7
5647,45.80221,3.511362,563.9622,345.4,0.1051,0.6,13.7462,9.26,73.8,62.7
5648,45.801334,3.511654,564.0622,346.1,0.1051,0.6,13.7423,9.26,73.8,62.7
5649,45.800459,3.511946,564.1621,347.9,0.1051,0.6,13.7383,9.26,73.8,62.7
5650,45.799583,3.512239,564.2621,352.0,0.1051,0.6,13.7344,9.26,73.8,62.7
5651,45.798707,3.512531,564.3621,354.6,0.1051,0.6,13.7304,9.26,73.8,62.7
5652,45.797832,3.512823,564.462,355.3,0.1051,0.6,13.7264,9.26,73.8,62.7
5653,45.796956,3.513115,564.562,355.0,0.1051,0.6,13.7225,9.26,73.8,62.7
5654,45.79608,3.513408,564.662,353.2,0.1051,0.6,13.7185,9.26,73.8,62.7
5655,45.795205,3.5137,564.7619,351.3,0.1051,0.6,13.7146,9.26,73.8,62.7
5656,45.794329,3.513992,564.8619,360.0,0.1051,0.6,13.7106,9.26,73.8,62.7
5657,45.793453,3.514284,564.9619,355.5,0.1051,0.6,13.7066,9.26,73.8,62.7
5658,45.792578,3.514576,565.0618,353.6,0.1051,0.6,13.7027,9.26,73.8,62.7
5659,45.791702,3.514869,565.1618,362.3,0.1051,0.6,13.6987,9.26,73.8,62.7
5660,45.790826,3.515161,565.2618,363.6,0.1051,0.6,13.6948,9.26,73.8,62.7
5661,45.789951,3.515453,565.3617,363.8,0.1051,0.6,13.6908,9.26,73.8,62.7
5662,45.789075,3.515745,565.4617,363.9,0.1051,0.6,13.6868,9.26,73.8,62.7
5663,45.788199,3.516038,565.5617,360.7,0.1051,0.6,13.6829,9.26,73.8,62.7
5664,45.787324,3.51633,565.6616,352.9,0.1051,0.6,13.6789,9.26,73.8,62.7
5665,45.786448,3.516622,565.7616,343.6,0.1051,0.6,13.675,9.26,73.8,62.7
5666,45.785572,3.516914,565.8616,352.3,0.1051,0.6,13.671,9.26,73.8,62.7
5667,45.784697,3.517207,565.9615,364.2,0.1051,0.6,13.667,9.26,73.8,62.7
5668,45.783821,3.517499,566.0615,367.5,0.1051,0.6,13.6631,9.26,73.8,62.7
5669,45.782945,3.517791,566.1615,366.4,0.1051,0.6,13.6591,9.26,73.8,62.7
5670,45.78207,3.518083,566.2614,364.6,0.1051,0.6,13.6552,9.26,73.8,62.7
5671,45.781194,3.518376,566.3614,359.6,0.1051,0.6,13.6512,9.26,73.8,62.7
5672,45.780318,3.518668,566.4614,360.2,0.1051,0.6,13.6472,9.26,73.8,62.7
5673,45.779443,3.51896,566.5613,367.6,0.1051,0.6,13.6433,9.26,73.8,62.7
5674,45.778567,3.519252,566.6613,370.4,0.1051,0.6,13.6393,9.26,73.8,62.7
5675,45.777691,3.519545,566.7613,370.4,0.1051,0.6,13.6353,9.26,73.8,62.7
5676,45.776816,3.519837,566.8612,372.4,0.1051,0.6,13.6314,9.26,73.8,62.7
5677,45.77594,3.520129,566.9612,369.4,0.1051,0.6,13.6274,9.26,73.8,62.7
5678,45.775064,3.520421,567.0612,362.7,0.1051,0.6,13.6235,9.26,73.8,62.7
5679,45.774189,3.520714,567.1611,363.6,0.1051,0.6,13.6195,9.26,73.8,62.7
5680,45.773313,3.521006,567.2611,369.4,0.1051,0.6,13.6155,9.26,73.8,62.7
5681,45.772437,3.521298,567.3611,374.4,0.1051,0.6,13.6116,9.26,73.8,62.7
5682,45.771562,3.52159,567.461,377.1,0.1051,0.6,13.6076,9.26,73.8,62.7
5683,45.770686,3.521883,567.561,369.9,0.1051,0.6,13.6037,9.26,73.8,62.7
5684,45.76981,3.522175,567.661,370.2,0.1051,0.6,13.5997,9.26,73.8,62.7
5685,45.768935,3.522467,567.7609,383.3,0.1051,0.6,13.5957,9.26,73.8,62.7
5686,45.768059,3.522759,567.8609,385.2,0.1051,0.6,13.5918,9.26,73.8,62.7
5687,45.767183,3.523052,567.9609,379.2,0.1051,0.6,13.5878,9.26,73.8,62.7
5688,45.766308,3.523344,568.0608,369.8,0.1051,0.6,13.5839,9.26,73.8,62.7
5689,45.765432,3.523636,568.1608,356.8,0.1051,0.6,13.5799,9.26,73.8,62.7
5690,45.764556,3.523928,568.2608,347.3,0.1051,0.6,13.5759,9.26,73.8,62.7
5691,45.763681,3.524221,568.3607,347.9,0.1051,0.6,13.572,9.26,73.8,62.7
5692,45.762805,3.524513,568.4607,357.2,0.1051,0.6,13.568,9.26,73.8,62.7
5693,45.761929,3.524805,568.5607,364.3,0.1051,0.6,13.5641,9.26,73.8,62.7
5694,45.761054,3.525097,568.6606,370.9,0.1051,0.6,13.5601,9.26,73.8,62.7
5695,45.760178,3.52539,568.7606,375.6,0.1051,0.6,13.5561,9.26,73.8,62.7
5696,45.759302,3.525682,568.8606,377.1,0.1051,0.6,13.5522,9.26,73.8,62.7
5697,45.758427,3.525974,568.9605,378.7,0.1051,0.6,13.5482,9.26,73.8,62.7
5698,45.757551,3.526266,569.0605,380.8,0.1051,0.6,13.5443,9.26,73.8,62.7
5699,45.756675,3.526558,569.1605,380.0,0.1051,0.6,13.5403,9.26,73.8,62.7
5700,45.7558,3.526851,569.2604,381.4,0.1051,0.6,13.5363,9.26,73.8,62.7
5701,45.754924,3.527143,569.3604,382.0,0.1051,0.6,13.5324,9.26,73.8,62.7
5702,45.754048,3.527435,569.4604,377.8,0.1051,0.6,13.5284,9.26,73.8,62.7
5703,45.753173,3.527727,569.5603,372.0,0.1051,0.6,13.5245,9.26,73.8,62.7
5704,45.752297,3.52802,569.6603,369.1,0.1051,0.6,13.5205,9.26,73.8,62.7
5705,45.751421,3.528312,569.7603,372.0,0.1051,0.6,13.5165,9.26,73.8,62.7
5706,45.750546,3.528604,569.8602,370.8,0.1051,0.6,13.5126,9.26,73.8,62.7
5707,45.74967,3.528896,569.9602,364.1,0.1051,0.6,13.5086,9.26,73.8,62.7
5708,45.748794,3.529189,570.0602,366.7,0.1051,0.6,13.5047,9.26,73.8,62.7
5709,45.747918,3.529481,570.1602,354.4,0.1051,0.6,13.5007,9.26,73.8,62.7
5710,45.747043,3.529773,570.2601,349.1,0.1051,0.6,13.4967,9.26,73.8,62.7
5711,45.746167,3.530065,570.3601,372.2,0.1051,0.6,13.4928,9.26,73.8,62.7
5712,45.745291,3.530358,570.4601,392.4,0.1051,0.6,13.4888,9.26,73.8,62.7
5713,45.744416,3.53065,570.56,410.4,0.1051,0.6,13.4849,9.26,73.8,62.7
5714,45.74354,3.530942,570.66,416.8,0.1051,0.6,13.4809,9.26,73.8,62.7
5715,45.742664,3.531234,570.76,419.8,0.1051,0.6,13.4769,9.26,73.8,62.7
5716,45.741789,3.531527,570.8599,425.7,0.1051,0.6,13.473,9.26,73.8,62.7
5717,45.740913,3.531819,570.9599,428.8,0.1051,0.6,13.469,9.26,73.8,62.7
5718,45.740037,3.532111,571.0599,415.0,0.1051,0.6,13.465,9.26,73.8,62.7
5719,45.739162,3.532403,571.1598,379.7,0.1051,0.6,13.4611,9.26,73.8,62.7
5720,45.738286,3.532696,571.2598,346.9,0.1051,0.6,13.4571,9.26,73.8,62.7
5721,45.73741,3.532988,571.3598,325.7,0.1051,0.6,13.4532,9.26,73.8,62.7
5722,45.736535,3.53328,571.4597,348.5,0.1051,0.6,13.4492,9.26,73.8,62.7
5723,45.735659,3.533572,571.5597,371.9,0.1051,0.6,13.4452,9.26,73.8,62.7
5724,45.734783,3.533865,571.6597,403.2,0.1051,0.6,13.4413,9.26,73.8,62.7
5725,45.733908,3.534157,571.7596,416.1,0.1051,0.6,13.4373,9.26,73.8,62.7
5726,45.733032,3.534449,571.8596,419.1,0.1051,0.6,13.4334,9.26,73.8,62.7
5727,45.732156,3.534741,571.9596,426.4,0.1051,0.6,13.4294,9.26,73.8,62.7
5728,45.731281,3.535034,572.0595,431.7,0.1051,0.6,13.4254,9.26,73.8,62.7
5729,45.730405,3.535326,572.1595,431.7,0.1051,0.6,13.4215,9.26,73.8,62.7
5730,45.729529,3.535618,572.2595,438.8,0.1051,0.6,13.4175,9.26,73.8,62.7
5731,45.728654,3.53591,572.3594,444.0,0.1051,0.6,13.4136,9.26,73.8,62.7
5732,45.727778,3.536203,572.4594,447.5,0.1051,0.6,13.4096,9.26,73.8,62.7
5733,45.726902,3.536495,572.5594,457.6,0.1051,0.6,13.4056,9.26,73.8,62.7
5734,45.726027,3.536787,572.6593,464.0,0.1051,0.6,13.4017,9.26,73.8,62.7
5735,45.725151,3.537079,572.7593,470.5,0.1051,0.6,13.3977,9.26,73.8,62.7
5736,45.724275,3.537372,572.8593,472.8,0.1051,0.6,13.3938,9.26,73.8,62.7
5737,45.7234,3.537664,572.9592,470.7,0.1051,0.6,13.3898,9.26,73.8,62.7
5738,45.722524,3.537956,573.0592,464.3,0.1051,0.6,13.3858,9.26,73.8,62.7
5739,45.721648,3.538248,573.1592,455.1,0.1051,0.6,13.3819,9.26,73.8,62.7
5740,45.720773,3.53854,573.2591,442.3,0.1051,0.6,13.3779,9.26,73.8,62.7
5741,45.719897,3.538833,573.3591,425.0,0.1051,0.6,13.374,9.26,73.8,62.7
5742,45.719021,3.539125,573.4591,411.4,0.1051,0.6,13.37,9.26,73.8,62.7
5743,45.718146,3.539417,573.559,421.4,0.1051,0.6,13.3487,9.26,73.796,62.7
5744,45.71727,3.539709,573.659,429.8,0.1051,0.6,13.3274,9.26,73.7921,62.7
5745,45.716394,3.540002,573.759,435.0,0.1051,0.6,13.3061,9.26,73.7881,62.7
5746,45.715519,3.540294,573.8589,450.0,0.1051,0.6,13.2849,9.26,73.7842,62.7
5747,45.714643,3.540586,573.9589,461.5,0.1051,0.6,13.2636,9.26,73.7802,62.7
5748,45.713767,3.540878,574.0589,469.3,0.1051,0.6,13.2423,9.26,73.7762,62.7
5749,45.712892,3.541171,574.1588,473.4,0.1051,0.6,13.221,9.26,73.7723,62.7
5750,45.712016,3.541463,574.2588,474.6,0.1051,0.6,13.1997,9.26,73.7683,62.7
5751,45.71114,3.541755,574.3588,475.0,0.1051,0.6,13.1784,9.26,73.7644,62.7
5752,45.710265,3.542047,574.4587,474.5,0.1051,0.6,13.1571,9.26,73.7604,62.7
5753,45.709389,3.54234,574.5587,471.4,0.1051,0.6,13.1359,9.26,73.7564,62.7
5754,45.708513,3.542632,574.6587,460.0,0.1051,0.6,13.1146,9.26,73.7525,62.7
5755,45.707638,3.542924,574.7586,444.7,0.1051,0.6,13.0933,9.26,73.7485,62.7
5756,45.706762,3.543216,574.8586,423.4,0.1051,0.6,13.072,9.26,73.7446,62.7
5757,45.705886,3.543509,574.9586,394.4,0.1051,0.6,13.0507,9.26,73.7406,62.7
5758,45.705011,3.543801,575.0585,381.7,0.1051,0.6,13.0294,9.26,73.7366,62.7
5759,45.704135,3.544093,575.1585,414.8,0.1051,0.6,13.0081,9.26,73.7327,62.7
5760,45.703259,3.544385,575.2585,441.7,0.1051,0.6,12.9868,9.26,73.7287,62.7
5761,45.702384,3.544678,575.3584,462.2,0.1051,0.6,12.9656,9.26,73.7248,62.7
5762,45.701508,3.54497,575.4584,473.9,0.1051,0.6,12.9443,9.26,73.7208,62.7
5763,45.700632,3.545262,575.5584,466.7,0.1051,0.6,12.923,9.26,73.7168,62.7
5764,45.699757,3.545554,575.6583,444.2,0.1051,0.6,12.9017,9.26,73.7129,62.7
5765,45.698881,3.545847,575.7583,439.4,0.1051,0.6,12.8804,9.26,73.7089,62.7
5766,45.698005,3.546139,575.8583,462.5,0.1051,0.6,12.8591,9.26,73.705,62.7
5767,45.69713,3.546431,575.9582,480.3,0.1051,0.6,12.8378,9.26,73.701,62.7
5768,45.696254,3.546723,576.0582,495.3,0.1051,0.6,12.8165,9.26,73.697,62.7
5769,45.695378,3.547016,576.1582,497.6,0.1051,0.6,12.7953,9.26,73.6931,62.7
5770,45.694503,3.547308,576.2581,499.4,0.1051,0.6,12.774,9.26,73.6891,62.7
5771,45.693627,3.5476,576.3581,506.6,0.1051,0.6,12.7527,9.26,73.6852,62.7
5772,45.692751,3.547892,576.4581,517.0,0.1051,0.6,12.7314,9.26,73.6812,62.7
5773,45.691875,3.548185,576.5581,527.4,0.1051,0.6,12.7101,9.26,73.6772,62.7
5774,45.691,3.548477,576.658,536.8,0.1051,0.6,12.6888,9.26,73.6733,62.7
5775,45.690124,3.548769,576.758,547.3,0.1051,0.6,12.6675,9.26,73.6693,62.7
5776,45.689248,3.549061,576.858,561.4,0.1051,0.6,12.6462,9.26,73.6653,62.7
5777,45.688373,3.549354,576.9579,574.9,0.1051,0.6,12.625,9.26,73.6614,62.7
5778,45.687497,3.549646,577.0579,587.6,0.1051,0.6,12.6037,9.26,73.6574,62.7
5779,45.686621,3.549938,577.1579,591.0,0.1051,0.6,12.5824,9.26,73.6535,62.7
5780,45.685746,3.55023,577.2578,592.7,0.1051,0.6,12.5611,9.26,73.6495,62.7
5781,45.68487,3.550522,577.3578,591.4,0.1051,0.6,12.5398,9.26,73.6455,62.7
5782,45.683994,3.550815,577.4578,586.1,0.1051,0.6,12.5185,9.26,73.6416,62.7
5783,45.683119,3.551107,577.5577,580.0,0.1051,0.6,12.4972,9.26,73.6376,62.7
5784,45.682243,3.551399,577.6577,584.2,0.1051,0.6,12.4759,9.26,73.6337,62.7
5785,45.681367,3.551691,577.7577,581.6,0.1051,0.6,12.4547,9.26,73.6297,62.7
5786,45.680492,3.551984,577.8576,577.4,0.1051,0.6,12.4334,9.26,73.6257,62.7
5787,45.679616,3.552276,577.9576,586.6,0.1051,0.6,12.4121,9.26,73.6218,62.7
5788,45.67874,3.552568,578.0576,597.3,0.1051,0.6,12.3908,9.26,73.6178,62.7
5789,45.677865,3.55286,578.1575,604.8,0.1051,0.6,12.3695,9.26,73.6139,62.7
5790,45.676989,3.553153,578.2575,612.3,0.1051,0.6,12.3482,9.26,73.6099,62.7
5791,45.676113,3.553445,578.3575,621.7,0.1051,0.6,12.3269,9.26,73.6059,62.7
5792,45.675238,3.553737,578.4574,632.4,0.1051,0.6,12.3057,9.26,73.602,62.7
5793,45.674362,3.554029,578.5574,636.7,0.1051,0.6,12.2844,9.26,73.598,62.7
5794,45.673486,3.554322,578.6574,639.7,0.1051,0.6,12.2631,9.26,73.5941,62.7
5795,45.672611,3.554614,578.7573,645.8,0.1051,0.6,12.2418,9.26,73.5901,62.7
5796,45.671735,3.554906,578.8573,654.8,0.1051,0.6,12.2205,9.26,73.5861,62.7
5797,45.670859,3.555198,578.9573,660.8,0.1051,0.6,12.1992,9.26,73.5822,62.7
5798,45.669984,3.555491,579.0572,662.1,0.1051,0.6,12.1779,9.26,73.5782,62.7
5799,45.669108,3.555783,579.1572,663.3,0.1051,0.6,12.1566,9.26,73.5743,62.7
5800,45.668232,3.556075,579.2572,665.4,0.1051,0.6,12.1353,9.26,73.5703,62.7
5801,45.667357,3.556367,579.3571,666.9,0.1051,0.6,12.1141,9.26,73.5663,62.7
5802,45.666481,3.55666,579.4571,668.4,0.1051,0.6,12.0928,9.26,73.5624,62.7
5803,45.665605,3.556952,579.5571,671.6,0.1051,0.6,12.0715,9.26,73.5584,62.7
5804,45.66473,3.557244,579.657,676.5,0.1051,0.6,12.0502,9.26,73.5545,62.7
5805,45.663854,3.557536,579.757,681.6,0.1051,0.6,12.0289,9.26,73.5505,62.7
5806,45.662978,3.557829,579.857,684.2,0.1051,0.6,12.0076,9.26,73.5465,62.7
5807,45.662103,3.558121,579.9569,683.8,0.1051,0.6,11.9864,9.26,73.5426,62.7
5808,45.661227,3.558413,580.0569,684.2,0.1051,0.6,11.9651,9.26,73.5386,62.7
5809,45.660351,3.558705,580.1569,685.5,0.1051,0.6,11.9438,9.26,73.5347,62.7
5810,45.659476,3.558998,580.2568,685.8,0.1051,0.6,11.9225,9.26,73.5307,62.7
5811,45.6586,3.55929,580.3568,686.1,0.1051,0.6,11.9012,9.26,73.5267,62.7
5812,45.657724,3.559582,580.4568,688.9,0.1051,0.6,11.8799,9.26,73.5228,62.7
5813,45.656849,3.559874,580.5567,693.7,0.1051,0.6,11.8586,9.26,73.5188,62.7
5814,45.655973,3.560167,580.6567,696.6,0.1051,0.6,11.8373,9.26,73.5149,62.7
5815,45.655097,3.560459,580.7567,700.0,0.1051,0.6,11.816,9.26,73.5109,62.7
5816,45.654222,3.560751,580.8566,707.8,0.1051,0.6,11.7948,9.26,73.5069,62.7
5817,45.653346,3.561043,580.9566,712.9,0.1051,0.6,11.7735,9.26,73.503,62.7
5818,45.65247,3.561336,581.0566,713.0,0.1051,0.6,11.7522,9.26,73.499,62.7
5819,45.651595,3.561628,581.1565,713.2,0.1051,0.6,11.7309,9.26,73.4951,62.7
5820,45.650719,3.56192,581.2565,709.2,0.1051,0.6,11.7096,9.26,73.4911,62.7
5821,45.649843,3.562212,581.3565,715.9,0.1051,0.6,11.6883,9.26,73.4871,62.7
5822,45.648968,3.562504,581.4564,729.8,0.1051,0.6,11.667,9.26,73.4832,62.7
5823,45.648092,3.562797,581.5564,744.3,0.1051,0.6,11.6458,9.26,73.4792,62.7
5824,45.647216,3.563089,581.6564,749.4,0.1051,0.6,11.6245,9.26,73.4752,62.7
5825,45.646341,3.563381,581.7563,743.3,0.1051,0.6,11.6032,9.26,73.4713,62.7
5826,45.645465,3.563673,581.8563,728.4,0.1051,0.6,11.5819,9.26,73.4673,62.7
5827,45.644589,3.563966,581.9563,718.6,0.1051,0.6,11.5606,9.26,73.4634,62.7
5828,45.643714,3.564258,582.0562,718.6,0.1051,0.6,11.5393,9.26,73.4594,62.7
5829,45.642838,3.56455,582.1562,723.0,0.1051,0.6,11.518,9.26,73.4554,62.7
5830,45.641962,3.564842,582.2562,721.2,0.1051,0.6,11.4967,9.26,73.4515,62.7
5831,45.641087,3.565135,582.3561,718.0,0.1051,0.6,11.4755,9.26,73.4475,62.7
5832,45.640211,3.565427,582.4561,718.2,0.1051,0.6,11.4542,9.26,73.4436,62.7
5833,45.639335,3.565719,582.5561,716.8,0.1051,0.6,11.4329,9.26,73.4396,62.7
5834,45.63846,3.566011,582.656,715.0,0.1051,0.6,11.4116,9.26,73.4356,62.7
5835,45.637584,3.566304,582.756,713.4,0.1051,0.6,11.3903,9.26,73.4317,62.7
5836,45.636708,3.566596,582.856,717.1,0.1051,0.6,11.369,9.26,73.4277,62.7
5837,45.635833,3.566888,582.9559,721.5,0.1051,0.6,11.3477,9.26,73.4238,62.7
5838,45.634957,3.56718,583.0559,724.9,0.1051,0.6,11.3264,9.26,73.4198,62.7
5839,45.634081,3.567473,583.1559,726.5,0.1051,0.6,11.3052,9.26,73.4158,62.7
5840,45.633205,3.567765,583.2559,728.3,0.1051,0.6,11.2839,9.26,73.4119,62.7
5841,45.63233,3.568057,583.3558,731.6,0.1051,0.6,11.2626,9.26,73.4079,62.7
5842,45.631454,3.568349,583.4558,731.4,0.1051,0.6,11.2413,9.26,73.404,62.7
5843,45.630578,3.568642,583.5558,728.5,0.1051,0.6,11.22,9.26,73.4,62.7
5844,45.629703,3.568934,583.6557,726.9,0.1051,0.6,11.2023,9.2593,73.398,62.7079
5845,45.628827,3.569226,583.7557,723.6,0.1051,0.6,11.1846,9.2586,73.396,62.7158
5846,45.627951,3.569518,583.8557,715.1,0.1051,0.6,11.1668,9.2579,73.3941,62.7238
5847,45.627076,3.569811,583.9556,708.3,0.105,0.6,11.1491,9.2572,73.3921,62.7317
5848,45.6262,3.570103,584.0556,701.3,0.105,0.6,11.1314,9.2565,73.3901,62.7396
5849,45.625324,3.570395,584.1556,700.3,0.105,0.6,11.1137,9.2558,73.3881,62.7475
5850,45.624449,3.570687,584.2555,705.5,0.105,0.6,11.096,9.2551,73.3861,62.7554
5851,45.623573,3.57098,584.3555,712.3,0.105,0.6,11.0782,9.2545,73.3842,62.7634
5852,45.622697,3.571272,584.4555,721.8,0.105,0.6,11.0605,9.2538,73.3822,62.7713
5853,45.621822,3.571564,584.5554,729.8,0.1049,0.6,11.0428,9.2531,73.3802,62.7792
5854,45.620946,3.571856,584.6554,726.9,0.1049,0.6,11.0251,9.2524,73.3782,62.7871
5855,45.62007,3.572149,584.7554,723.1,0.1049,0.6,11.0073,9.2517,73.3762,62.795
5856,45.619195,3.572441,584.8553,723.6,0.1049,0.6,10.9896,9.251,73.3743,62.803
5857,45.618319,3.572733,584.9553,723.0,0.1049,0.6,10.9719,9.2503,73.3723,62.8109
5858,45.617443,3.573025,585.0553,720.6,0.1049,0.6,10.9542,9.2496,73.3703,62.8188
5859,45.616568,3.573317,585.1552,723.8,0.1048,0.6,10.9364,9.2489,73.3683,62.8267
5860,45.615692,3.57361,585.2552,731.4,0.1048,0.6,10.9187,9.2482,73.3663,62.8347
5861,45.614816,3.573902,585.3552,741.2,0.1048,0.6,10.901,9.2475,73.3644,62.8426
5862,45.613941,3.574194,585.4551,744.5,0.1048,0.6,10.8833,9.2468,73.3624,62.8505
5863,45.613065,3.574486,585.5551,751.7,0.1048,0.6,10.8655,9.2461,73.3604,62.8584
5864,45.612189,3.574779,585.6551,759.1,0.1048,0.6,10.8478,9.2454,73.3584,62.8663
5865,45.611314,3.575071,585.755,767.4,0.1048,0.6,10.8301,9.2448,73.3564,62.8743
5866,45.610438,3.575363,585.855,777.6,0.1047,0.6,10.8124,9.2441,73.3545,62.8822
5867,45.609562,3.575655,585.955,789.3,0.1047,0.6,10.7947,9.2434,73.3525,62.8901
5868,45.608687,3.575948,586.0549,797.6,0.1047,0.6,10.7769,9.2427,73.3505,62.898
5869,45.607811,3.57624,586.1549,813.7,0.1047,0.6,10.7592,9.242,73.3485,62.9059
5870,45.606935,3.576532,586.2549,828.4,0.1047,0.6,10.7415,9.2413,73.3465,62.9139
5871,45.60606,3.576824,586.3548,833.9,0.1047,0.6,10.7238,9.2406,73.3446,62.9218
5872,45.605184,3.577117,586.4548,836.3,0.1046,0.6,10.706,9.2399,73.3426,62.9297
5873,45.604308,3.577409,586.5548,837.4,0.1046,0.6,10.6883,9.2392,73.3406,62.9376
5874,45.603433,3.577701,586.6547,845.1,0.1046,0.6,10.6706,9.2385,73.3386,62.9455
5875,45.602557,3.577993,586.7547,856.5,0.1046,0.6,10.6529,9.2378,73.3366,62.9535
5876,45.601681,3.578286,586.8547,866.7,0.1046,0.6,10.6351,9.2371,73.3347,62.9614
5877,45.600806,3.578578,586.9546,886.5,0.1046,0.6,10.6174,9.2364,73.3327,62.9693
5878,45.59993,3.57887,587.0546,915.1,0.1045,0.6,10.5997,9.2357,73.3307,62.9772
5879,45.599054,3.579162,587.1546,951.0,0.1045,0.6,10.582,9.235,73.3287,62.9851
5880,45.598179,3.579455,587.2545,978.5,0.1045,0.6,10.5643,9.2344,73.3267,62.9931
5881,45.597303,3.579747,587.3545,994.0,0.1045,0.6,10.5465,9.2337,73.3248,63.001
5882,45.596427,3.580039,587.4545,1003.1,0.1045,0.6,10.5288,9.233,73.3228,63.0089
5883,45.595552,3.580331,587.5544,1012.3,0.1045,0.6,10.5111,9.2323,73.3208,63.0168
5884,45.594676,3.580624,587.6544,1012.8,0.1045,0.6,10.4934,9.2316,73.3188,63.0248
5885,45.5938,3.580916,587.7544,1009.1,0.1044,0.6,10.4756,9.2309,73.3168,63.0327
5886,45.592925,3.581208,587.8543,1009.3,0.1044,0.6,10.4579,9.2302,73.3149,63.0406
5887,45.592049,3.5815,587.9543,1010.3,0.1044,0.6,10.4402,9.2295,73.3129,63.0485
5888,45.591173,3.581793,588.0543,1007.0,0.1044,0.6,10.4225,9.2288,73.3109,63.0564
5889,45.590298,3.582085,588.1542,993.9,0.1044,0.6,10.4048,9.2281,73.3089,63.0644
5890,45.589422,3.582377,588.2542,987.5,0.1044,0.6,10.387,9.2274,73.3069,63.0723
5891,45.588546,3.582669,588.3542,990.0,0.1043,0.6,10.3693,9.2267,73.305,63.0802
5892,45.587671,3.582962,588.4541,989.4,0.1043,0.6,10.3516,9.226,73.303,63.0881
5893,45.586795,3.583254,588.5541,977.4,0.1043,0.6,10.3339,9.2253,73.301,63.096
5894,45.585919,3.583546,588.6541,976.6,0.1043,0.6,10.3161,9.2247,73.299,63.104
5895,45.585044,3.583838,588.754,991.1,0.1043,0.6,10.2984,9.224,73.297,63.1119
5896,45.584168,3.584131,588.854,990.4,0.1043,0.6,10.2807,9.2233,73.295,63.1198
5897,45.583292,3.584423,588.954,969.6,0.1042,0.6,10.263,9.2226,73.2931,63.1277
5898,45.582417,3.584715,589.0539,948.9,0.1042,0.6,10.2453,9.2219,73.2911,63.1356
5899,45.581541,3.585007,589.1539,937.5,0.1042,0.6,10.2275,9.2212,73.2891,63.1436
5900,45.580665,3.585299,589.2539,933.4,0.1042,0.6,10.2098,9.2205,73.2871,63.1515
5901,45.57979,3.585592,589.3538,939.0,0.1042,0.6,10.1921,9.2198,73.2851,63.1594
5902,45.578914,3.585884,589.4538,956.6,0.1042,0.6,10.1744,9.2191,73.2832,63.1673
5903,45.578038,3.586176,589.5538,986.2,0.1041,0.6,10.1566,9.2184,73.2812,63.1752
5904,45.577162,3.586468,589.6538,1000.6,0.1041,0.6,10.1389,9.2177,73.2792,63.1832
5905,45.576287,3.586761,589.7537,1012.3,0.1041,0.6,10.1212,9.217,73.2772,63.1911
5906,45.575411,3.587053,589.8537,1016.9,0.1041,0.6,10.1035,9.2163,73.2752,63.199
5907,45.574535,3.587345,589.9537,1017.2,0.1041,0.6,10.0857,9.2156,73.2733,63.2069
5908,45.57366,3.587637,590.0536,1014.5,0.1041,0.6,10.068,9.215,73.2713,63.2149
5909,45.572784,3.58793,590.1536,1012.9,0.1041,0.6,10.0503,9.2143,73.2693,63.2228
5910,45.571908,3.588222,590.2536,1029.4,0.104,0.6,10.0326,9.2136,73.2673,63.2307
5911,45.571033,3.588514,590.3535,1040.9,0.104,0.6,10.0149,9.2129,73.2653,63.2386
5912,45.570157,3.588806,590.4535,1048.0,0.104,0.6,9.9971,9.2122,73.2634,63.2465
5913,45.569281,3.589099,590.5535,1055.4,0.104,0.6,9.9794,9.2115,73.2614,63.2545
5914,45.568406,3.589391,590.6534,1058.0,0.104,0.6,9.9617,9.2108,73.2594,63.2624
5915,45.56753,3.589683,590.7534,1064.3,0.104,0.6,9.944,9.2101,73.2574,63.2703
5916,45.566654,3.589975,590.8534,1064.6,0.1039,0.6,9.9262,9.2094,73.2554,63.2782
5917,45.565779,3.590268,590.9533,1068.6,0.1039,0.6,9.9085,9.2087,73.2535,63.2861
5918,45.564903,3.59056,591.0533,1077.2,0.1039,0.6,9.8908,9.208,73.2515,63.2941
5919,45.564027,3.590852,591.1533,1084.6,0.1039,0.6,9.8731,9.2073,73.2495,63.302
5920,45.563152,3.591144,591.2532,1094.7,0.1039,0.6,9.8553,9.2066,73.2475,63.3099
5921,45.562276,3.591437,591.3532,1103.4,0.1039,0.6,9.8376,9.2059,73.2455,63.3178
5922,45.5614,3.591729,591.4532,1108.9,0.1038,0.6,9.8199,9.2052,73.2436,63.3257
5923,45.560525,3.592021,591.5531,1117.1,0.1038,0.6,9.8022,9.2046,73.2416,63.3337
5924,45.559649,3.592313,591.6531,1117.8,0.1038,0.6,9.7845,9.2039,73.2396,63.3416
5925,45.558773,3.592606,591.7531,1119.5,0.1038,0.6,9.7667,9.2032,73.2376,63.3495
5926,45.557898,3.592898,591.853,1115.3,0.1038,0.6,9.749,9.2025,73.2356,63.3574
5927,45.557022,3.59319,591.953,1106.7,0.1038,0.6,9.7313,9.2018,73.2337,63.3653
5928,45.556146,3.593482,592.053,1090.6,0.1038,0.6,9.7136,9.2011,73.2317,63.3733
5929,45.555271,3.593775,592.1529,1071.4,0.1037,0.6,9.6958,9.2004,73.2297,63.3812
5930,45.554395,3.594067,592.2529,1071.3,0.1037,0.6,9.6781,9.1997,73.2277,63.3891
5931,45.553519,3.594359,592.3529,1069.7,0.1037,0.6,9.6604,9.199,73.2257,63.397
5932,45.552644,3.594651,592.4528,1069.4,0.1037,0.6,9.6427,9.1983,73.2238,63.405
5933,45.551768,3.594944,592.5528,1072.0,0.1037,0.6,9.6249,9.1976,73.2218,63.4129
5934,45.550892,3.595236,592.6528,1079.4,0.1037,0.6,9.6072,9.1969,73.2198,63.4208
5935,45.550017,3.595528,592.7527,1080.0,0.1036,0.6,9.5895,9.1962,73.2178,63.4287
5936,45.549141,3.59582,592.8527,1070.6,0.1036,0.6,9.5718,9.1955,73.2158,63.4366
5937,45.548265,3.596113,592.9527,1065.9,0.1036,0.6,9.554,9.1949,73.2139,63.4446
5938,45.54739,3.596405,593.0526,1059.5,0.1036,0.6,9.5363,9.1942,73.2119,63.4525
5939,45.546514,3.596697,593.1526,1055.1,0.1036,0.6,9.5186,9.1935,73.2099,63.4604
5940,45.545638,3.596989,593.2526,1053.0,0.1036,0.6,9.5009,9.1928,73.2079,63.4683
5941,45.544763,3.597281,593.3525,1047.9,0.1035,0.6,9.4832,9.1921,73.2059,63.4762
5942,45.543887,3.597574,593.4525,1042.2,0.1035,0.6,9.4654,9.1914,73.204,63.4842
5943,45.543011,3.597866,593.5525,1042.5,0.1035,0.6,9.4477,9.1907,73.202,63.4921
5944,45.542136,3.598158,593.6524,1042.2,0.1035,0.6,9.43,9.19,73.2,63.5
5945,45.54126,3.59845,593.7524,1047.0,0.1037,0.601,9.4361,9.1889,73.2158,63.499
5946,45.540384,3.598743,593.8524,1044.6,0.1038,0.602,9.4423,9.1878,73.2317,63.498
5947,45.539509,3.599035,593.9523,1041.5,0.104,0.603,9.4484,9.1867,73.2475,63.497
5948,45.538633,3.599327,594.0523,1038.6,0.1041,0.604,9.4546,9.1856,73.2634,63.496
5949,45.537757,3.599619,594.1523,1037.0,0.1043,0.605,9.4607,9.1846,73.2792,63.495
5950,45.536882,3.599912,594.2522,1035.1,0.1044,0.6059,9.4668,9.1835,73.295,63.4941
5951,45.536006,3.600204,594.3522,1032.9,0.1046,0.6069,9.473,9.1824,73.3109,63.4931
5952,45.53513,3.600496,594.4522,1029.5,0.1048,0.6079,9.4791,9.1813,73.3267,63.4921
5953,45.534255,3.600788,594.5521,1024.7,0.1049,0.6089,9.4852,9.1802,73.3426,63.4911
5954,45.533379,3.601081,594.6521,1022.7,0.1051,0.6099,9.4914,9.1791,73.3584,63.4901
5955,45.532503,3.601373,594.7521,1019.2,0.1052,0.6109,9.4975,9.178,73.3743,63.4891
5956,45.531628,3.601665,594.852,1013.5,0.1054,0.6119,9.5037,9.1769,73.3901,63.4881
5957,45.530752,3.601957,594.952,1014.0,0.1055,0.6129,9.5098,9.1758,73.4059,63.4871
5958,45.529876,3.60225,595.052,1018.6,0.1057,0.6139,9.5159,9.1748,73.4218,63.4861
5959,45.529001,3.602542,595.1519,1012.7,0.1059,0.6149,9.5221,9.1737,73.4376,63.4851
5960,45.528125,3.602834,595.2519,1006.5,0.106,0.6158,9.5282,9.1726,73.4535,63.4842
5961,45.527249,3.603126,595.3519,1008.4,0.1062,0.6168,9.5344,9.1715,73.4693,63.4832
5962,45.526374,3.603419,595.4518,1006.4,0.1063,0.6178,9.5405,9.1704,73.4851,63.4822
5963,45.525498,3.603711,595.5518,1002.5,0.1065,0.6188,9.5466,9.1693,73.501,63.4812
5964,45.524622,3.604003,595.6518,997.1,0.1066,0.6198,9.5528,9.1682,73.5168,63.4802
5965,45.523747,3.604295,595.7517,994.6,0.1068,0.6208,9.5589,9.1671,73.5327,63.4792
5966,45.522871,3.604588,595.8517,996.2,0.107,0.6218,9.565,9.166,73.5485,63.4782
5967,45.521995,3.60488,595.9517,1002.4,0.1071,0.6228,9.5712,9.165,73.5644,63.4772
5968,45.521119,3.605172,596.0517,1004.2,0.1073,0.6238,9.5773,9.1639,73.5802,63.4762
5969,45.520244,3.605464,596.1516,1006.6,0.1074,0.6248,9.5835,9.1628,73.596,63.4752
5970,45.519368,3.605757,596.2516,1009.0,0.1076,0.6257,9.5896,9.1617,73.6119,63.4743
5971,45.518492,3.606049,596.3516,1007.2,0.1078,0.6267,9.5957,9.1606,73.6277,63.4733
5972,45.517617,3.606341,596.4515,999.8,0.1079,0.6277,9.6019,9.1595,73.6435,63.4723
5973,45.516741,3.606633,596.5515,991.4,0.1081,0.6287,9.608,9.1584,73.6594,63.4713
5974,45.515865,3.606926,596.6515,977.9,0.1082,0.6297,9.6142,9.1573,73.6752,63.4703
5975,45.51499,3.607218,596.7514,972.2,0.1084,0.6307,9.6203,9.1562,73.6911,63.4693
5976,45.514114,3.60751,596.8514,977.4,0.1085,0.6317,9.6264,9.1551,73.7069,63.4683
5977,45.513238,3.607802,596.9514,986.8,0.1087,0.6327,9.6326,9.1541,73.7228,63.4673
5978,45.512363,3.608095,597.0513,990.1,0.1089,0.6337,9.6387,9.153,73.7386,63.4663
5979,45.511487,3.608387,597.1513,987.4,0.109,0.6347,9.6448,9.1519,73.7544,63.4653
5980,45.510611,3.608679,597.2513,986.1,0.1092,0.6356,9.651,9.1508,73.7703,63.4644
5981,45.509736,3.608971,597.3512,993.1,0.1093,0.6366,9.6571,9.1497,73.7861,63.4634
5982,45.50886,3.609263,597.4512,995.5,0.1095,0.6376,9.6633,9.1486,73.802,63.4624
5983,45.507984,3.609556,597.5512,994.6,0.1096,0.6386,9.6694,9.1475,73.8178,63.4614
5984,45.507109,3.609848,597.6511,993.0,0.1098,0.6396,9.6755,9.1464,73.8336,63.4604
5985,45.506233,3.61014,597.7511,993.8,0.11,0.6406,9.6817,9.1453,73.8495,63.4594
5986,45.505357,3.610432,597.8511,994.6,0.1101,0.6416,9.6878,9.1443,73.8653,63.4584
5987,45.504482,3.610725,597.951,985.9,0.1103,0.6426,9.694,9.1432,73.8812,63.4574
5988,45.503606,3.611017,598.051,973.2,0.1104,0.6436,9.7001,9.1421,73.897,63.4564
5989,45.50273,3.611309,598.151,982.9,0.1106,0.6446,9.7062,9.141,73.9129,63.4554
5990,45.501855,3.611601,598.2509,988.2,0.1107,0.6455,9.7124,9.1399,73.9287,63.4545
5991,45.500979,3.611894,598.3509,984.7,0.1109,0.6465,9.7185,9.1388,73.9445,63.4535
5992,45.500103,3.612186,598.4509,982.0,0.1111,0.6475,9.7246,9.1377,73.9604,63.4525
5993,45.499228,3.612478,598.5508,976.2,0.1112,0.6485,9.7308,9.1366,73.9762,63.4515
5994,45.498352,3.61277,598.6508,974.6,0.1114,0.6495,9.7369,9.1355,73.9921,63.4505
5995,45.497476,3.613063,598.7508,976.6,0.1115,0.6505,9.7431,9.1345,74.0079,63.4495
5996,45.496601,3.613355,598.8507,975.6,0.1117,0.6515,9.7492,9.1334,74.0237,63.4485
5997,45.495725,3.613647,598.9507,973.0,0.1118,0.6525,9.7553,9.1323,74.0396,63.4475
5998,45.494849,3.613939,599.0507,966.7,0.112,0.6535,9.7615,9.1312,74.0554,63.4465
5999,45.493974,3.614232,599.1506,959.5,0.1122,0.6545,9.7676,9.1301,74.0713,63.4455
6000,45.493098,3.614524,599.2506,960.5,0.1123,0.6554,9.7738,9.129,74.0871,63.4446
6001,45.492222,3.614816,599.3506,964.7,0.1125,0.6564,9.7799,9.1279,74.1029,63.4436
6002,45.491347,3.615108,599.4505,963.0,0.1126,0.6574,9.786,9.1268,74.1188,63.4426
6003,45.490471,3.615401,599.5505,955.2,0.1128,0.6584,9.7922,9.1257,74.1346,63.4416
6004,45.489595,3.615693,599.6505,944.7,0.1129,0.6594,9.7983,9.1247,74.1505,63.4406
6005,45.48872,3.615985,599.7504,930.6,0.1131,0.6604,9.8044,9.1236,74.1663,63.4396
6006,45.487844,3.616277,599.8504,928.6,0.1133,0.6614,9.8106,9.1225,74.1821,63.4386
6007,45.486968,3.61657,599.9504,934.8,0.1134,0.6624,9.8167,9.1214,74.198,63.4376
6008,45.486093,3.616862,600.0503,925.2,0.1136,0.6634,9.8229,9.1203,74.2138,63.4366
6009,45.485217,3.617154,600.1503,910.2,0.1137,0.6644,9.829,9.1192,74.2297,63.4356
6010,45.484341,3.617446,600.2503,902.4,0.1139,0.6653,9.8351,9.1181,74.2455,63.4347
6011,45.483466,3.617739,600.3502,897.0,0.114,0.6663,9.8413,9.117,74.2613,63.4337
6012,45.48259,3.618031,600.4502,900.2,0.1142,0.6673,9.8474,9.1159,74.2772,63.4327
6013,45.481714,3.618323,600.5502,905.0,0.1144,0.6683,9.8536,9.1149,74.293,63.4317
6014,45.480839,3.618615,600.6501,910.8,0.1145,0.6693,9.8597,9.1138,74.3089,63.4307
6015,45.479963,3.618908,600.7501,917.1,0.1147,0.6703,9.8658,9.1127,74.3247,63.4297
6016,45.479087,3.6192,600.8501,913.4,0.1148,0.6713,9.872,9.1116,74.3406,63.4287
6017,45.478212,3.619492,600.95,905.3,0.115,0.6723,9.8781,9.1105,74.3564,63.4277
6018,45.477336,3.619784,601.05,896.1,0.1151,0.6733,9.8842,9.1094,74.3722,63.4267
6019,45.47646,3.620077,601.15,890.3,0.1153,0.6743,9.8904,9.1083,74.3881,63.4257
6020,45.475585,3.620369,601.2499,889.8,0.1155,0.6752,9.8965,9.1072,74.4039,63.4248
6021,45.474709,3.620661,601.3499,893.4,0.1156,0.6762,9.9027,9.1061,74.4198,63.4238
6022,45.473833,3.620953,601.4499,905.2,0.1158,0.6772,9.9088,9.1051,74.4356,63.4228
6023,45.472958,3.621245,601.5498,917.5,0.1159,0.6782,9.9149,9.104,74.4514,63.4218
6024,45.472082,3.621538,601.6499,914.2,0.1161,0.6792,9.9211,9.1029,74.4673,63.4208
6025,45.471206,3.62183,601.7499,903.4,0.1163,0.6802,9.9272,9.1018,74.4831,63.4198
6026,45.470331,3.622122,601.8498,905.4,0.1164,0.6812,9.9334,9.1007,74.499,63.4188
6027,45.469455,3.622414,601.9498,919.3,0.1166,0.6822,9.9395,9.0996,74.5148,63.4178
6028,45.468579,3.622707,602.0499,940.1,0.1167,0.6832,9.9456,9.0985,74.5307,63.4168
6029,45.467704,3.622999,602.1498,952.6,0.1169,0.6842,9.9518,9.0974,74.5465,63.4158
6030,45.466828,3.623291,602.2498,956.8,0.117,0.6851,9.9579,9.0963,74.5624,63.4149
6031,45.465952,3.623583,602.3498,959.8,0.1172,0.6861,9.9641,9.0952,74.5782,63.4139
6032,45.465077,3.623876,602.4497,960.6,0.1174,0.6871,9.9702,9.0942,74.594,63.4129
6033,45.464201,3.624168,602.5497,960.2,0.1175,0.6881,9.9763,9.0931,74.6099,63.4119
6034,45.463325,3.62446,602.6497,963.0,0.1177,0.6891,9.9825,9.092,74.6257,63.4109
6035,45.462449,3.624752,602.7497,969.5,0.1178,0.6901,9.9886,9.0909,74.6416,63.4099
6036,45.461574,3.625045,602.8496,976.2,0.118,0.6911,9.9947,9.0898,74.6574,63.4089
6037,45.460698,3.625337,602.9496,977.7,0.1181,0.6921,10.0009,9.0887,74.6732,63.4079
6038,45.459822,3.625629,603.0496,980.9,0.1183,0.6931,10.007,9.0876,74.6891,63.4069
6039,45.458947,3.625921,603.1495,983.4,0.1185,0.6941,10.0132,9.0865,74.7049,63.4059
6040,45.458071,3.626214,603.2496,967.5,0.1186,0.695,10.0193,9.0854,74.7208,63.405
6041,45.457195,3.626506,603.3496,961.6,0.1188,0.696,10.0254,9.0844,74.7366,63.404
6042,45.45632,3.626798,603.4495,964.1,0.1189,0.697,10.0316,9.0833,74.7525,63.403
6043,45.455444,3.62709,603.5495,965.2,0.1191,0.698,10.0377,9.0822,74.7683,63.402
6044,45.454568,3.627383,603.6496,955.2,0.1192,0.699,10.0439,9.0811,74.7842,63.401
6045,45.453693,3.627675,603.7495,943.0,0.1194,0.7,10.05,9.08,74.8,63.4
6046,45.452817,3.627967,603.8495,932.9,0.1192,0.698,10.0524,9.0881,74.7842,63.3901
6047,45.451941,3.628259,603.9495,920.0,0.1189,0.696,10.0548,9.0962,74.7683,63.3802
6048,45.451066,3.628552,604.0494,903.8,0.1187,0.6941,10.0571,9.1044,74.7525,63.3703
6049,45.45019,3.628844,604.1494,892.6,0.1185,0.6921,10.0595,9.1125,74.7366,63.3604
6050,45.449314,3.629136,604.2494,880.8,0.1182,0.6901,10.0619,9.1206,74.7208,63.3505
6051,45.448439,3.629428,604.3493,869.7,0.118,0.6881,10.0643,9.1287,74.705,63.3406
6052,45.447563,3.629721,604.4494,849.4,0.1178,0.6861,10.0666,9.1368,74.6891,63.3307
6053,45.446687,3.630013,604.5494,834.2,0.1175,0.6842,10.069,9.145,74.6733,63.3208
6054,45.445812,3.630305,604.6493,841.0,0.1173,0.6822,10.0714,9.1531,74.6574,63.3109
6055,45.444936,3.630597,604.7493,852.2,0.1171,0.6802,10.0738,9.1612,74.6416,63.301
6056,45.44406,3.63089,604.8494,863.6,0.1169,0.6782,10.0761,9.1693,74.6257,63.2911
6057,45.443185,3.631182,604.9493,867.2,0.1166,0.6762,10.0785,9.1774,74.6099,63.2812
6058,45.442309,3.631474,605.0493,871.6,0.1164,0.6743,10.0809,9.1855,74.5941,63.2713
6059,45.441433,3.631766,605.1493,876.9,0.1162,0.6723,10.0833,9.1937,74.5782,63.2614
6060,45.440558,3.632058,605.2492,883.3,0.1159,0.6703,10.0856,9.2018,74.5624,63.2515
6061,45.439682,3.632351,605.3493,893.7,0.1157,0.6683,10.088,9.2099,74.5465,63.2416
6062,45.438806,3.632643,605.4493,900.0,0.1155,0.6663,10.0904,9.218,74.5307,63.2317
6063,45.437931,3.632935,605.5492,908.0,0.1152,0.6644,10.0928,9.2261,74.5149,63.2218
6064,45.437055,3.633227,605.6492,921.2,0.115,0.6624,10.0951,9.2343,74.499,63.2119
6065,45.436179,3.63352,605.7493,924.0,0.1148,0.6604,10.0975,9.2424,74.4832,63.202
6066,45.435304,3.633812,605.8492,930.0,0.1145,0.6584,10.0999,9.2505,74.4673,63.1921
6067,45.434428,3.634104,605.9492,940.7,0.1143,0.6564,10.1023,9.2586,74.4515,63.1822
6068,45.433552,3.634396,606.0492,961.0,0.1141,0.6545,10.1047,9.2667,74.4356,63.1723
6069,45.432677,3.634689,606.1491,974.5,0.1138,0.6525,10.107,9.2748,74.4198,63.1624
6070,45.431801,3.634981,606.2491,981.7,0.1136,0.6505,10.1094,9.283,74.404,63.1525
6071,45.430925,3.635273,606.3491,980.6,0.1134,0.6485,10.1118,9.2911,74.3881,63.1426
6072,45.43005,3.635565,606.449,977.0,0.1131,0.6465,10.1142,9.2992,74.3723,63.1327
6073,45.429174,3.635858,606.5491,967.8,0.1129,0.6446,10.1165,9.3073,74.3564,63.1228
6074,45.428298,3.63615,606.6491,950.2,0.1127,0.6426,10.1189,9.3154,74.3406,63.1129
6075,45.427423,3.636442,606.749,935.5,0.1124,0.6406,10.1213,9.3236,74.3248,63.103
6076,45.426547,3.636734,606.849,919.1,0.1122,0.6386,10.1237,9.3317,74.3089,63.0931
6077,45.425671,3.637027,606.9491,906.3,0.112,0.6366,10.126,9.3398,74.2931,63.0832
6078,45.424796,3.637319,607.049,897.6,0.1118,0.6347,10.1284,9.3479,74.2772,63.0733
6079,45.42392,3.637611,607.149,894.4,0.1115,0.6327,10.1308,9.356,74.2614,63.0634
6080,45.423044,3.637903,607.249,900.4,0.1113,0.6307,10.1332,9.3642,74.2455,63.0535
6081,45.422169,3.638196,607.3489,905.8,0.1111,0.6287,10.1355,9.3723,74.2297,63.0436
6082,45.421293,3.638488,607.4489,908.6,0.1108,0.6267,10.1379,9.3804,74.2139,63.0337
6083,45.420417,3.63878,607.5489,914.4,0.1106,0.6248,10.1403,9.3885,74.198,63.0238
6084,45.419542,3.639072,607.6488,915.3,0.1104,0.6228,10.1427,9.3966,74.1822,63.0139
6085,45.418666,3.639365,607.7489,908.2,0.1101,0.6208,10.145,9.4048,74.1663,63.004
6086,45.41779,3.639657,607.8489,904.6,0.1099,0.6188,10.1474,9.4129,74.1505,62.9941
6087,45.416915,3.639949,607.9488,908.2,0.1097,0.6168,10.1498,9.421,74.1347,62.9842
6088,45.416039,3.640241,608.0488,920.6,0.1094,0.6149,10.1522,9.4291,74.1188,62.9743
6089,45.415163,3.640534,608.1489,928.0,0.1092,0.6129,10.1546,9.4372,74.103,62.9644
6090,45.414288,3.640826,608.2488,934.7,0.109,0.6109,10.1569,9.4453,74.0871,62.9545
6091,45.413412,3.641118,608.3488,950.4,0.1087,0.6089,10.1593,9.4535,74.0713,62.9446
6092,45.412536,3.64141,608.4488,958.5,0.1085,0.6069,10.1617,9.4616,74.0554,62.9347
6093,45.411661,3.641703,608.5487,966.9,0.1083,0.605,10.1641,9.4697,74.0396,62.9248
6094,45.410785,3.641995,608.6487,972.3,0.108,0.603,10.1664,9.4778,74.0238,62.9149
6095,45.409909,3.642287,608.7487,969.2,0.1078,0.601,10.1688,9.4859,74.0079,62.905
6096,45.409034,3.642579,608.8486,964.3,0.1076,0.599,10.1712,9.494,73.9921,62.8951
6097,45.408158,3.642872,608.9487,950.0,0.1074,0.597,10.1736,9.5022,73.9762,62.8852
6098,45.407282,3.643164,609.0487,942.9,0.1071,0.595,10.1759,9.5103,73.9604,62.8752
6099,45.406406,3.643456,609.1487,935.8,0.1069,0.5931,10.1783,9.5184,73.9446,62.8653
6100,45.405531,3.643748,609.2486,928.8,0.1067,0.5911,10.1807,9.5265,73.9287,62.8555
6101,45.404655,3.64404,609.3486,920.8,0.1064,0.5891,10.1831,9.5346,73.9129,62.8456
6102,45.403779,3.644333,609.4487,917.2,0.1062,0.5871,10.1854,9.5428,73.897,62.8356
6103,45.402904,3.644625,609.5486,912.6,0.106,0.5851,10.1878,9.5509,73.8812,62.8257
6104,45.402028,3.644917,609.6486,905.4,0.1057,0.5832,10.1902,9.559,73.8654,62.8158
6105,45.401152,3.645209,609.7486,901.2,0.1055,0.5812,10.1926,9.5671,73.8495,62.8059
6106,45.400277,3.645502,609.8485,895.9,0.1053,0.5792,10.1949,9.5752,73.8337,62.796
6107,45.399401,3.645794,609.9485,894.3,0.105,0.5772,10.1973,9.5834,73.8178,62.7861
6108,45.398525,3.646086,610.0485,888.0,0.1048,0.5752,10.1997,9.5915,73.802,62.7762
6109,45.39765,3.646378,610.1484,878.0,0.1046,0.5733,10.2021,9.5996,73.7862,62.7664
6110,45.396774,3.646671,610.2485,865.3,0.1043,0.5713,10.2045,9.6077,73.7703,62.7564
6111,45.395898,3.646963,610.3485,854.1,0.1041,0.5693,10.2068,9.6158,73.7545,62.7465
6112,45.395023,3.647255,610.4484,852.1,0.1039,0.5673,10.2092,9.624,73.7386,62.7366
6113,45.394147,3.647547,610.5484,854.5,0.1036,0.5653,10.2116,9.6321,73.7228,62.7267
6114,45.393271,3.64784,610.6485,852.3,0.1034,0.5634,10.214,9.6402,73.7069,62.7168
6115,45.392396,3.648132,610.7484,842.7,0.1032,0.5614,10.2163,9.6483,73.6911,62.7069
6116,45.39152,3.648424,610.8484,836.4,0.103,0.5594,10.2187,9.6564,73.6753,62.697
6117,45.390644,3.648716,610.9484,830.3,0.1027,0.5574,10.2211,9.6646,73.6594,62.6871
6118,45.389769,3.649009,611.0483,824.0,0.1025,0.5554,10.2235,9.6727,73.6436,62.6772
6119,45.388893,3.649301,611.1483,831.6,0.1023,0.5535,10.2258,9.6808,73.6277,62.6673
6120,45.388017,3.649593,611.2483,846.3,0.102,0.5515,10.2282,9.6889,73.6119,62.6574
6121,45.387142,3.649885,611.3482,864.2,0.1018,0.5495,10.2306,9.697,73.5961,62.6475
6122,45.386266,3.650178,611.4483,885.0,0.1016,0.5475,10.233,9.7051,73.5802,62.6376
6123,45.38539,3.65047,611.5483,898.3,0.1013,0.5455,10.2353,9.7133,73.5644,62.6277
6124,45.384515,3.650762,611.6482,896.2,0.1011,0.5436,10.2377,9.7214,73.5485,62.6178
6125,45.383639,3.651054,611.7482,891.1,0.1009,0.5416,10.2401,9.7295,73.5327,62.6079
6126,45.382763,3.651347,611.8483,893.7,0.1006,0.5396,10.2425,9.7376,73.5168,62.598
6127,45.381888,3.651639,611.9482,899.9,0.1004,0.5376,10.2448,9.7457,73.501,62.5881
6128,45.381012,3.651931,612.0482,899.4,0.1002,0.5356,10.2472,9.7539,73.4852,62.5782
6129,45.380136,3.652223,612.1482,895.9,0.0999,0.5337,10.2496,9.762,73.4693,62.5683
6130,45.379261,3.652516,612.2482,901.7,0.0997,0.5317,10.252,9.7701,73.4535,62.5584
6131,45.378385,3.652808,612.3482,911.4,0.0995,0.5297,10.2544,9.7782,73.4376,62.5485
6132,45.377509,3.6531,612.4482,910.0,0.0992,0.5277,10.2567,9.7863,73.4218,62.5386
6133,45.376634,3.653392,612.5481,904.6,0.099,0.5257,10.2591,9.7944,73.406,62.5287
6134,45.375758,3.653685,612.6482,907.9,0.0988,0.5238,10.2615,9.8026,73.3901,62.5188
6135,45.374882,3.653977,612.7482,911.7,0.0985,0.5218,10.2639,9.8107,73.3743,62.5089
6136,45.374007,3.654269,612.8481,914.9,0.0983,0.5198,10.2662,9.8188,73.3584,62.499
6137,45.373131,3.654561,612.9481,915.9,0.0981,0.5178,10.2686,9.8269,73.3426,62.4891
6138,45.372255,3.654854,613.0482,921.6,0.0979,0.5158,10.271,9.8351,73.3267,62.4792
6139,45.37138,3.655146,613.1481,930.5,0.0976,0.5139,10.2734,9.8432,73.3109,62.4693
6140,45.370504,3.655438,613.2481,939.3,0.0974,0.5119,10.2757,9.8513,73.295,62.4594
6141,45.369628,3.65573,613.3481,940.8,0.0972,0.5099,10.2781,9.8594,73.2792,62.4495
6142,45.368753,3.656022,613.448,941.6,0.0969,0.5079,10.2805,9.8675,73.2634,62.4396
6143,45.367877,3.656315,613.5481,943.3,0.0967,0.5059,10.2829,9.8756,73.2475,62.4297
6144,45.367001,3.656607,613.6481,946.7,0.0965,0.504,10.2852,9.8838,73.2317,62.4198
6145,45.366126,3.656899,613.748,949.6,0.0962,0.502,10.2876,9.8919,73.2158,62.4099
6146,45.36525,3.657191,613.848,954.2,0.096,0.5,10.29,9.9,73.2,62.4
6147,45.364374,3.657484,613.9481,956.1,0.096,0.5,10.2816,9.9,73.198,62.4
6148,45.363499,3.657776,614.048,964.0,0.096,0.5,10.2732,9.9,73.196,62.4
6149,45.362623,3.658068,614.148,971.1,0.096,0.5,10.2648,9.9,73.1941,62.4
6150,45.361747,3.65836,614.248,974.5,0.096,0.5,10.2563,9.9,73.1921,62.4
6151,45.360872,3.658653,614.348,973.3,0.096,0.5,10.2479,9.9,73.1901,62.4
6152,45.359996,3.658945,614.448,971.9,0.096,0.5,10.2395,9.9,73.1881,62.4
6153,45.35912,3.659237,614.548,971.9,0.096,0.5,10.2311,9.9,73.1861,62.4
6154,45.358245,3.659529,614.6479,968.0,0.096,0.5,10.2227,9.9,73.1842,62.4
6155,45.357369,3.659822,614.748,972.0,0.096,0.5,10.2143,9.9,73.1822,62.4
6156,45.356493,3.660114,614.848,975.0,0.096,0.5,10.2058,9.9,73.1802,62.4
6157,45.355618,3.660406,614.9479,974.3,0.096,0.5,10.1974,9.9,73.1782,62.4
6158,45.354742,3.660698,615.0479,977.6,0.096,0.5,10.189,9.9,73.1762,62.4
6159,45.353866,3.660991,615.148,984.2,0.096,0.5,10.1806,9.9,73.1743,62.4
6160,45.352991,3.661283,615.2479,985.7,0.096,0.5,10.1722,9.9,73.1723,62.4
6161,45.352115,3.661575,615.3479,988.8,0.096,0.5,10.1638,9.9,73.1703,62.4
6162,45.351239,3.661867,615.4479,990.4,0.096,0.5,10.1553,9.9,73.1683,62.4
6163,45.350364,3.66216,615.5479,993.0,0.096,0.5,10.1469,9.9,73.1663,62.4
6164,45.349488,3.662452,615.6479,989.6,0.096,0.5,10.1385,9.9,73.1644,62.4
6165,45.348612,3.662744,615.7479,990.0,0.096,0.5,10.1301,9.9,73.1624,62.4
6166,45.347736,3.663036,615.8479,993.2,0.096,0.5,10.1217,9.9,73.1604,62.4
6167,45.346861,3.663329,615.9479,1001.2,0.096,0.5,10.1133,9.9,73.1584,62.4
6168,45.345985,3.663621,616.0479,993.9,0.096,0.5,10.1049,9.9,73.1564,62.4
6169,45.345109,3.663913,616.1479,989.6,0.096,0.5,10.0964,9.9,73.1545,62.4
6170,45.344234,3.664205,616.2478,983.8,0.096,0.5,10.088,9.9,73.1525,62.4
6171,45.343358,3.664498,616.3479,980.3,0.096,0.5,10.0796,9.9,73.1505,62.4
6172,45.342482,3.66479,616.4479,975.2,0.096,0.5,10.0712,9.9,73.1485,62.4
6173,45.341607,3.665082,616.5478,967.1,0.096,0.5,10.0628,9.9,73.1465,62.4
6174,45.340731,3.665374,616.6478,964.3,0.096,0.5,10.0544,9.9,73.1446,62.4
6175,45.339855,3.665667,616.7479,963.1,0.096,0.5,10.0459,9.9,73.1426,62.4
6176,45.33898,3.665959,616.8478,967.2,0.096,0.5,10.0375,9.9,73.1406,62.4
6177,45.338104,3.666251,616.9478,967.4,0.096,0.5,10.0291,9.9,73.1386,62.4
6178,45.337228,3.666543,617.0478,964.0,0.096,0.5,10.0207,9.9,73.1366,62.4
6179,45.336353,3.666836,617.1478,960.0,0.096,0.5,10.0123,9.9,73.1347,62.4
6180,45.335477,3.667128,617.2478,956.6,0.096,0.5,10.0039,9.9,73.1327,62.4
6181,45.334601,3.66742,617.3478,955.5,0.096,0.5,9.9954,9.9,73.1307,62.4
6182,45.333726,3.667712,617.4477,958.3,0.096,0.5,9.987,9.9,73.1287,62.4
6183,45.33285,3.668004,617.5477,953.4,0.096,0.5,9.9786,9.9,73.1267,62.4
6184,45.331974,3.668297,617.6478,961.5,0.096,0.5,9.9702,9.9,73.1248,62.4
6185,45.331099,3.668589,617.7477,983.7,0.096,0.5,9.9618,9.9,73.1228,62.4
6186,45.330223,3.668881,617.8477,994.7,0.096,0.5,9.9534,9.9,73.1208,62.4
6187,45.329347,3.669173,617.9477,992.9,0.096,0.5,9.945,9.9,73.1188,62.4
6188,45.328472,3.669466,618.0477,982.8,0.096,0.5,9.9365,9.9,73.1168,62.4
6189,45.327596,3.669758,618.1477,977.4,0.096,0.5,9.9281,9.9,73.1149,62.4
6190,45.32672,3.67005,618.2477,976.1,0.096,0.5,9.9197,9.9,73.1129,62.4
6191,45.325845,3.670342,618.3476,970.5,0.096,0.5,9.9113,9.9,73.1109,62.4
6192,45.324969,3.670635,618.4477,961.7,0.096,0.5,9.9029,9.9,73.1089,62.4
6193,45.324093,3.670927,618.5477,955.6,0.096,0.5,9.8945,9.9,73.1069,62.4
6194,45.323218,3.671219,618.6476,960.1,0.096,0.5,9.8861,9.9,73.105,62.4
6195,45.322342,3.671511,618.7476,968.3,0.096,0.5,9.8776,9.9,73.103,62.4
6196,45.321466,3.671804,618.8477,971.7,0.096,0.5,9.8692,9.9,73.101,62.4
6197,45.320591,3.672096,618.9476,970.7,0.096,0.5,9.8608,9.9,73.099,62.4
6198,45.319715,3.672388,619.0476,964.1,0.096,0.5,9.8524,9.9,73.097,62.4
6199,45.318839,3.67268,619.1476,955.6,0.096,0.5,9.844,9.9,73.0951,62.4
6200,45.317964,3.672973,619.2476,947.4,0.096,0.5,9.8356,9.9,73.0931,62.4
6201,45.317088,3.673265,619.3476,937.8,0.096,0.5,9.8271,9.9,73.0911,62.4
6202,45.316212,3.673557,619.4476,939.1,0.096,0.5,9.8187,9.9,73.0891,62.4
6203,45.315337,3.673849,619.5475,950.3,0.096,0.5,9.8103,9.9,73.0871,62.4
6204,45.314461,3.674142,619.6476,950.9,0.096,0.5,9.8019,9.9,73.0852,62.4
6205,45.313585,3.674434,619.7476,947.4,0.096,0.5,9.7935,9.9,73.0832,62.4
6206,45.31271,3.674726,619.8475,937.4,0.096,0.5,9.7851,9.9,73.0812,62.4
6207,45.311834,3.675018,619.9475,931.6,0.096,0.5,9.7767,9.9,73.0792,62.4
6208,45.310958,3.675311,620.0476,926.9,0.096,0.5,9.7682,9.9,73.0772,62.4
6209,45.310083,3.675603,620.1475,930.1,0.096,0.5,9.7598,9.9,73.0753,62.4
6210,45.309207,3.675895,620.2475,936.8,0.096,0.5,9.7514,9.9,73.0733,62.4
6211,45.308331,3.676187,620.3475,945.8,0.096,0.5,9.743,9.9,73.0713,62.4
6212,45.307456,3.67648,620.4475,957.0,0.096,0.5,9.7346,9.9,73.0693,62.4
6213,45.30658,3.676772,620.5475,962.5,0.096,0.5,9.7262,9.9,73.0673,62.4
6214,45.305704,3.677064,620.6475,962.5,0.096,0.5,9.7177,9.9,73.0653,62.4
6215,45.304829,3.677356,620.7474,957.7,0.096,0.5,9.7093,9.9,73.0634,62.4
6216,45.303953,3.677649,620.8475,947.3,0.096,0.5,9.7009,9.9,73.0614,62.4
6217,45.303077,3.677941,620.9475,946.6,0.096,0.5,9.6925,9.9,73.0594,62.4
6218,45.302202,3.678233,621.0474,955.5,0.096,0.5,9.6841,9.9,73.0574,62.4
6219,45.301326,3.678525,621.1474,972.1,0.096,0.5,9.6757,9.9,73.0555,62.4
6220,45.30045,3.678818,621.2475,982.8,0.096,0.5,9.6672,9.9,73.0535,62.4
6221,45.299575,3.67911,621.3474,982.5,0.096,0.5,9.6588,9.9,73.0515,62.4
6222,45.298699,3.679402,621.4474,987.1,0.096,0.5,9.6504,9.9,73.0495,62.4
6223,45.297823,3.679694,621.5474,1003.3,0.096,0.5,9.642,9.9,73.0475,62.4
6224,45.296948,3.679986,621.6473,1016.0,0.096,0.5,9.6336,9.9,73.0456,62.4
6225,45.296072,3.680279,621.7474,1030.3,0.096,0.5,9.6252,9.9,73.0436,62.4
6226,45.295196,3.680571,621.8474,1043.9,0.096,0.5,9.6167,9.9,73.0416,62.4
6227,45.294321,3.680863,621.9473,1056.5,0.096,0.5,9.6083,9.9,73.0396,62.4
6228,45.293445,3.681155,622.0473,1065.9,0.096,0.5,9.5999,9.9,73.0376,62.4
6229,45.292569,3.681448,622.1474,1068.9,0.096,0.5,9.5915,9.9,73.0356,62.4
6230,45.291693,3.68174,622.2474,1072.5,0.096,0.5,9.5831,9.9,73.0337,62.4
6231,45.290818,3.682032,622.3473,1071.2,0.096,0.5,9.5747,9.9,73.0317,62.4
6232,45.289942,3.682324,622.4473,1069.7,0.096,0.5,9.5663,9.9,73.0297,62.4
6233,45.289066,3.682617,622.5474,1071.9,0.096,0.5,9.5578,9.9,73.0277,62.4
6234,45.288191,3.682909,622.6473,1071.9,0.096,0.5,9.5494,9.9,73.0257,62.4
6235,45.287315,3.683201,622.7473,1070.2,0.096,0.5,9.541,9.9,73.0238,62.4
6236,45.286439,3.683493,622.8473,1076.5,0.096,0.5,9.5326,9.9,73.0218,62.4
6237,45.285564,3.683786,622.9473,1084.8,0.096,0.5,9.5242,9.9,73.0198,62.4
6238,45.284688,3.684078,623.0473,1091.6,0.096,0.5,9.5158,9.9,73.0178,62.4
6239,45.283812,3.68437,623.1473,1091.4,0.096,0.5,9.5073,9.9,73.0158,62.4
6240,45.282937,3.684662,623.2472,1095.3,0.096,0.5,9.4989,9.9,73.0139,62.4
6241,45.282061,3.684955,623.3473,1092.7,0.096,0.5,9.4905,9.9,73.0119,62.4
6242,45.281185,3.685247,623.4474,1090.1,0.096,0.5,9.4821,9.9,73.0099,62.4
6243,45.28031,3.685539,623.5473,1088.0,0.096,0.5,9.4737,9.9,73.0079,62.4
6244,45.279434,3.685831,623.6474,1087.4,0.096,0.5,9.4653,9.9,73.0059,62.4
6245,45.278558,3.686124,623.7475,1087.9,0.096,0.5,9.4568,9.9,73.004,62.4
6246,45.277683,3.686416,623.8474,1087.1,0.096,0.5,9.4484,9.9,73.002,62.4
6247,45.276807,3.686708,623.9475,1081.8,0.096,0.5,9.44,9.9,73.0,62.4
6248,45.275931,3.687,624.0476,1076.0,0.096,0.5,9.4465,9.9,73.001,62.4
6249,45.275056,3.687293,624.1476,1068.8,0.096,0.5,9.453,9.9,73.002,62.4
6250,45.27418,3.687585,624.2477,1061.0,0.096,0.5,9.4595,9.9,73.003,62.4
6251,45.273304,3.687877,624.3478,1054.4,0.096,0.5,9.466,9.9,73.004,62.4
6252,45.272429,3.688169,624.4477,1051.0,0.096,0.5,9.4725,9.9,73.005,62.4
6253,45.271553,3.688462,624.5478,1048.3,0.096,0.5,9.479,9.9,73.006,62.4
6254,45.270677,3.688754,624.6479,1046.0,0.096,0.5,9.4855,9.9,73.007,62.4
6255,45.269802,3.689046,624.7478,1044.6,0.096,0.5,9.492,9.9,73.008,62.4
6256,45.268926,3.689338,624.8479,1039.4,0.096,0.5,9.4985,9.9,73.009,62.4
6257,45.26805,3.689631,624.948,1026.1,0.096,0.5,9.505,9.9,73.01,62.4
6258,45.267175,3.689923,625.0479,1009.2,0.096,0.5,9.5115,9.9,73.011,62.4
6259,45.266299,3.690215,625.148,989.4,0.096,0.5,9.518,9.9,73.012,62.4
6260,45.265423,3.690507,625.2481,966.0,0.096,0.5,9.5245,9.9,73.013,62.4
6261,45.264548,3.690799,625.348,959.6,0.096,0.5,9.531,9.9,73.014,62.4
6262,45.263672,3.691092,625.4481,960.4,0.096,0.5,9.5375,9.9,73.015,62.4
6263,45.262796,3.691384,625.5482,969.4,0.096,0.5,9.544,9.9,73.016,62.4
6264,45.261921,3.691676,625.6481,985.2,0.096,0.5,9.5505,9.9,73.017,62.4
6265,45.261045,3.691968,625.7482,990.9,0.096,0.5,9.557,9.9,73.018,62.4
6266,45.260169,3.692261,625.8483,1004.9,0.096,0.5,9.5635,9.9,73.019,62.4
6267,45.259294,3.692553,625.9482,1030.4,0.096,0.5,9.57,9.9,73.02,62.4
6268,45.258418,3.692845,626.0483,1041.7,0.096,0.5,9.5765,9.9,73.021,62.4
6269,45.257542,3.693137,626.1484,1044.1,0.096,0.5,9.583,9.9,73.022,62.4
6270,45.256667,3.69343,626.2484,1043.9,0.096,0.5,9.5895,9.9,73.023,62.4
6271,45.255791,3.693722,626.3485,1040.2,0.096,0.5,9.596,9.9,73.024,62.4
6272,45.254915,3.694014,626.4486,1036.8,0.096,0.5,9.6025,9.9,73.025,62.4
6273,45.25404,3.694306,626.5485,1030.2,0.096,0.5,9.609,9.9,73.026,62.4
6274,45.253164,3.694599,626.6486,1021.8,0.096,0.5,9.6155,9.9,73.027,62.4
6275,45.252288,3.694891,626.7487,1006.6,0.096,0.5,9.622,9.9,73.028,62.4
6276,45.251413,3.695183,626.8486,986.7,0.096,0.5,9.6285,9.9,73.029,62.4
6277,45.250537,3.695475,626.9487,979.4,0.096,0.5,9.635,9.9,73.03,62.4
6278,45.249661,3.695768,627.0488,987.1,0.096,0.5,9.6415,9.9,73.031,62.4
6279,45.248786,3.69606,627.1487,1004.1,0.096,0.5,9.648,9.9,73.032,62.4
6280,45.24791,3.696352,627.2488,1011.6,0.096,0.5,9.6545,9.9,73.033,62.4
6281,45.247034,3.696644,627.3489,1013.5,0.096,0.5,9.661,9.9,73.034,62.4
6282,45.246159,3.696937,627.4489,1000.3,0.096,0.5,9.6675,9.9,73.035,62.4
6283,45.245283,3.697229,627.549,984.7,0.096,0.5,9.674,9.9,73.036,62.4
6284,45.244407,3.697521,627.6491,959.6,0.096,0.5,9.6805,9.9,73.037,62.4
6285,45.243532,3.697813,627.749,956.8,0.096,0.5,9.687,9.9,73.038,62.4
6286,45.242656,3.698106,627.8491,972.3,0.096,0.5,9.6935,9.9,73.039,62.4
6287,45.24178,3.698398,627.9492,990.6,0.096,0.5,9.7,9.9,73.04,62.4
6288,45.240905,3.69869,628.0491,1003.9,0.096,0.5,9.7065,9.9,73.041,62.4
6289,45.240029,3.698982,628.1492,1006.5,0.096,0.5,9.713,9.9,73.042,62.4
6290,45.239153,3.699275,628.2493,999.7,0.096,0.5,9.7195,9.9,73.043,62.4
6291,45.238278,3.699567,628.3492,991.4,0.096,0.5,9.726,9.9,73.044,62.4
6292,45.237402,3.699859,628.4493,979.3,0.096,0.5,9.7325,9.9,73.045,62.4
6293,45.236526,3.700151,628.5494,977.2,0.096,0.5,9.739,9.9,73.046,62.4
6294,45.23565,3.700444,628.6495,985.2,0.096,0.5,9.7455,9.9,73.047,62.4
6295,45.234775,3.700736,628.7494,992.7,0.096,0.5,9.752,9.9,73.048,62.4
6296,45.233899,3.701028,628.8495,996.8,0.096,0.5,9.7585,9.9,73.049,62.4
6297,45.233023,3.70132,628.9496,997.3,0.096,0.5,9.765,9.9,73.05,62.4
6298,45.232148,3.701613,629.0496,993.5,0.096,0.5,9.7715,9.9,73.051,62.4
6299,45.231272,3.701905,629.1497,991.5,0.096,0.5,9.778,9.9,73.052,62.4
6300,45.230396,3.702197,629.2498,990.9,0.096,0.5,9.7845,9.9,73.053,62.4
6301,45.229521,3.702489,629.3497,990.0,0.096,0.5,9.791,9.9,73.054,62.4
6302,45.228645,3.702781,629.4498,990.2,0.096,0.5,9.7975,9.9,73.055,62.4
6303,45.227769,3.703074,629.5499,987.6,0.096,0.5,9.804,9.9,73.056,62.4
6304,45.226894,3.703366,629.6498,983.4,0.096,0.5,9.8105,9.9,73.057,62.4
6305,45.226018,3.703658,629.7499,982.2,0.096,0.5,9.817,9.9,73.058,62.4
6306,45.225142,3.70395,629.85,982.9,0.096,0.5,9.8235,9.9,73.059,62.4
6307,45.224267,3.704243,629.95,983.2,0.096,0.5,9.83,9.9,73.06,62.4
6308,45.223391,3.704535,630.0501,984.1,0.096,0.5,9.8365,9.9,73.061,62.4
6309,45.222515,3.704827,630.1502,989.2,0.096,0.5,9.843,9.9,73.062,62.4
6310,45.22164,3.705119,630.2501,988.5,0.096,0.5,9.8495,9.9,73.063,62.4
6311,45.220764,3.705412,630.3502,981.8,0.096,0.5,9.856,9.9,73.064,62.4
6312,45.219888,3.705704,630.4503,984.0,0.096,0.5,9.8625,9.9,73.065,62.4
6313,45.219013,3.705996,630.5502,989.4,0.096,0.5,9.869,9.9,73.066,62.4
6314,45.218137,3.706288,630.6503,998.7,0.096,0.5,9.8755,9.9,73.067,62.4
6315,45.217261,3.706581,630.7504,1008.6,0.096,0.5,9.882,9.9,73.068,62.4
6316,45.216386,3.706873,630.8503,1016.6,0.096,0.5,9.8885,9.9,73.069,62.4
6317,45.21551,3.707165,630.9504,1022.2,0.096,0.5,9.895,9.9,73.07,62.4
6318,45.214634,3.707457,631.0505,1029.7,0.096,0.5,9.9015,9.9,73.071,62.4
6319,45.213759,3.70775,631.1505,1033.4,0.096,0.5,9.908,9.9,73.072,62.4
6320,45.212883,3.708042,631.2506,1036.3,0.096,0.5,9.9145,9.9,73.073,62.4
6321,45.212007,3.708334,631.3507,1038.5,0.096,0.5,9.921,9.9,73.074,62.4
6322,45.211132,3.708626,631.4506,1040.9,0.096,0.5,9.9275,9.9,73.075,62.4
6323,45.210256,3.708919,631.5507,1044.4,0.096,0.5,9.934,9.9,73.076,62.4
6324,45.20938,3.709211,631.6508,1048.7,0.096,0.5,9.9405,9.9,73.077,62.4
6325,45.208505,3.709503,631.7507,1061.7,0.096,0.5,9.947,9.9,73.078,62.4
6326,45.207629,3.709795,631.8508,1082.6,0.096,0.5,9.9535,9.9,73.079,62.4
6327,45.206753,3.710088,631.9509,1097.2,0.096,0.5,9.96,9.9,73.08,62.4
6328,45.205878,3.71038,632.0508,1091.3,0.096,0.5,9.9665,9.9,73.081,62.4
6329,45.205002,3.710672,632.1509,1077.1,0.096,0.5,9.973,9.9,73.082,62.4
6330,45.204126,3.710964,632.251,1069.9,0.096,0.5,9.9795,9.9,73.083,62.4
6331,45.203251,3.711257,632.351,1069.7,0.096,0.5,9.986,9.9,73.084,62.4
6332,45.202375,3.711549,632.4511,1076.3,0.096,0.5,9.9925,9.9,73.085,62.4
6333,45.201499,3.711841,632.5512,1074.7,0.096,0.5,9.999,9.9,73.086,62.4
6334,45.200624,3.712133,632.6511,1059.5,0.096,0.5,10.0055,9.9,73.087,62.4
6335,45.199748,3.712426,632.7512,1035.7,0.096,0.5,10.012,9.9,73.088,62.4
6336,45.198872,3.712718,632.8513,1016.7,0.096,0.5,10.0185,9.9,73.089,62.4
6337,45.197997,3.71301,632.9512,1002.7,0.096,0.5,10.025,9.9,73.09,62.4
6338,45.197121,3.713302,633.0513,992.0,0.096,0.5,10.0315,9.9,73.091,62.4
6339,45.196245,3.713595,633.1514,985.0,0.096,0.5,10.038,9.9,73.092,62.4
6340,45.19537,3.713887,633.2513,986.1,0.096,0.5,10.0445,9.9,73.093,62.4
6341,45.194494,3.714179,633.3514,987.4,0.096,0.5,10.051,9.9,73.094,62.4
6342,45.193618,3.714471,633.4515,987.3,0.096,0.5,10.0575,9.9,73.095,62.4
6343,45.192743,3.714763,633.5514,981.5,0.096,0.5,10.064,9.9,73.096,62.4
6344,45.191867,3.715056,633.6515,974.6,0.096,0.5,10.0705,9.9,73.097,62.4
6345,45.190991,3.715348,633.7516,970.4,0.096,0.5,10.077,9.9,73.098,62.4
6346,45.190116,3.71564,633.8516,978.5,0.096,0.5,10.0835,9.9,73.099,62.4
6347,45.18924,3.715932,633.9517,984.3,0.096,0.5,10.09,9.9,73.1,62.4
6348,45.188364,3.716225,634.0518,989.4,0.096,0.5,10.09,9.9,73.1,62.4
6349,45.187489,3.716517,634.1518,992.3,0.096,0.5,10.09,9.9,73.1,62.4
6350,45.186613,3.716809,634.2519,982.1,0.096,0.5,10.09,9.9,73.1,62.4
6351,45.185737,3.717101,634.352,972.7,0.096,0.5,10.09,9.9,73.1,62.4
6352,45.184862,3.717394,634.452,971.4,0.096,0.5,10.09,9.9,73.1,62.4
6353,45.183986,3.717686,634.5521,968.0,0.096,0.5,10.09,9.9,73.1,62.4
6354,45.18311,3.717978,634.6522,956.6,0.096,0.5,10.09,9.9,73.1,62.4
6355,45.182235,3.71827,634.7522,942.6,0.096,0.5,10.09,9.9,73.1,62.4
6356,45.181359,3.718563,634.8523,932.9,0.096,0.5,10.09,9.9,73.1,62.4
6357,45.180483,3.718855,634.9524,923.1,0.096,0.5,10.09,9.9,73.1,62.4
6358,45.179608,3.719147,635.0524,913.3,0.096,0.5,10.09,9.9,73.1,62.4
6359,45.178732,3.719439,635.1525,906.2,0.096,0.5,10.09,9.9,73.1,62.4
6360,45.177856,3.719732,635.2526,899.4,0.096,0.5,10.09,9.9,73.1,62.4
6361,45.17698,3.720024,635.3527,893.8,0.096,0.5,10.09,9.9,73.1,62.4
6362,45.176105,3.720316,635.4527,890.8,0.096,0.5,10.09,9.9,73.1,62.4
6363,45.175229,3.720608,635.5528,885.8,0.096,0.5,10.09,9.9,73.1,62.4
6364,45.174353,3.720901,635.6529,888.9,0.096,0.5,10.09,9.9,73.1,62.4
6365,45.173478,3.721193,635.7529,888.9,0.096,0.5,10.09,9.9,73.1,62.4
6366,45.172602,3.721485,635.853,887.8,0.096,0.5,10.09,9.9,73.1,62.4
6367,45.171726,3.721777,635.9531,886.6,0.096,0.5,10.09,9.9,73.1,62.4
6368,45.170851,3.72207,636.0531,886.5,0.096,0.5,10.09,9.9,73.1,62.4
6369,45.169975,3.722362,636.1532,884.1,0.096,0.5,10.09,9.9,73.1,62.4
6370,45.169099,3.722654,636.2533,880.0,0.096,0.5,10.09,9.9,73.1,62.4
6371,45.168224,3.722946,636.3533,877.5,0.096,0.5,10.09,9.9,73.1,62.4
6372,45.167348,3.723239,636.4534,878.2,0.096,0.5,10.09,9.9,73.1,62.4
6373,45.166472,3.723531,636.5535,878.3,0.096,0.5,10.09,9.9,73.1,62.4
6374,45.165597,3.723823,636.6535,877.4,0.096,0.5,10.09,9.9,73.1,62.4
6375,45.164721,3.724115,636.7536,877.1,0.096,0.5,10.09,9.9,73.1,62.4
6376,45.163845,3.724408,636.8537,878.1,0.096,0.5,10.09,9.9,73.1,62.4
6377,45.16297,3.7247,636.9537,879.2,0.096,0.5,10.09,9.9,73.1,62.4
6378,45.162094,3.724992,637.0538,874.1,0.096,0.5,10.09,9.9,73.1,62.4
6379,45.161218,3.725284,637.1539,869.8,0.096,0.5,10.09,9.9,73.1,62.4
6380,45.160343,3.725577,637.2539,868.6,0.096,0.5,10.09,9.9,73.1,62.4
6381,45.159467,3.725869,637.354,869.1,0.096,0.5,10.09,9.9,73.1,62.4
6382,45.158591,3.726161,637.4541,870.4,0.096,0.5,10.09,9.9,73.1,62.4
6383,45.157716,3.726453,637.5541,872.1,0.096,0.5,10.09,9.9,73.1,62.4
6384,45.15684,3.726745,637.6542,871.7,0.096,0.5,10.09,9.9,73.1,62.4
6385,45.155964,3.727038,637.7543,871.3,0.096,0.5,10.09,9.9,73.1,62.4
6386,45.155089,3.72733,637.8543,871.6,0.096,0.5,10.09,9.9,73.1,62.4
6387,45.154213,3.727622,637.9544,873.2,0.096,0.5,10.09,9.9,73.1,62.4
6388,45.153337,3.727914,638.0545,880.2,0.096,0.5,10.09,9.9,73.1,62.4
6389,45.152462,3.728207,638.1545,893.5,0.096,0.5,10.09,9.9,73.1,62.4
6390,45.151586,3.728499,638.2546,909.5,0.096,0.5,10.09,9.9,73.1,62.4
6391,45.15071,3.728791,638.3547,927.4,0.096,0.5,10.09,9.9,73.1,62.4
6392,45.149835,3.729083,638.4547,937.3,0.096,0.5,10.09,9.9,73.1,62.4
6393,45.148959,3.729376,638.5548,930.9,0.096,0.5,10.09,9.9,73.1,62.4
6394,45.148083,3.729668,638.6549,916.6,0.096,0.5,10.09,9.9,73.1,62.4
6395,45.147208,3.72996,638.7549,906.5,0.096,0.5,10.09,9.9,73.1,62.4
6396,45.146332,3.730252,638.855,899.1,0.096,0.5,10.09,9.9,73.1,62.4
6397,45.145456,3.730545,638.9551,893.5,0.096,0.5,10.09,9.9,73.1,62.4
6398,45.144581,3.730837,639.0551,891.9,0.096,0.5,10.09,9.9,73.1,62.4
6399,45.143976,3.731586,639.1444,889.4,0.096,0.5,10.09,9.9,73.1,62.4
6400,45.143571,3.732724,639.2444,886.6,0.096,0.5,10.09,9.9,73.1,62.4
6401,45.143111,3.733819,639.3444,886.4,0.096,0.5,10.09,9.9,73.1,62.4
